row_id,orig_path,aug_path,warp_saved_path,diff_saved_path,mean_abs_diff,rms_abs_diff,orig_rms_reproj_px,aug_rms_reproj_px,orig_x_m,orig_y_m,orig_z_m,orig_roll_rad,aug_x_m,aug_y_m,aug_z_m,aug_roll_rad,augtype,aug_k,patch_mode,best_patch_index,best_patch_score_rms_reproj_px,warp_backend,device,status,error
7755,C:\Users\USER\Desktop\project\calibration\moire\datasets\test\0430_moire.jpg,C:\Users\USER\Desktop\project\calibration\moire\datasets\test\augmented_9x\0430_moire_translation_1.jpg,rectified_patch_gpu\007755_0430_moire_translation_1_to_orig.png,rectified_patch_gpu\007755_0430_moire_translation_1_absdiff.png,111.92799937307099,134.7442744229833,305.17858888059305,306.0573558513809,-1.0797651054327804,-4.961349013089679,-6.949112392713988,-2.517587749705712,0.38625382000975006,2.6361829091292557,-2.543880881707742,1.8835908339662277,translation,,True,11,305.617972365987,torch_cuda,cuda,OK,
7756,C:\Users\USER\Desktop\project\calibration\moire\datasets\test\0430_moire.jpg,C:\Users\USER\Desktop\project\calibration\moire\datasets\test\augmented_9x\0430_moire_translation_2.jpg,rectified_patch_gpu\007756_0430_moire_translation_2_to_orig.png,rectified_patch_gpu\007756_0430_moire_translation_2_absdiff.png,130.27308268229166,150.68262407517963,308.7493435040516,301.4105568913617,-2.6044310299156894,2.440003625838345,-4.115457652940239,0.9403612341454904,-0.16424928014155163,-0.12352360899045915,0.23172774653934183,1.7340346248904295,translation,,True,21,305.07995019770664,torch_cuda,cuda,OK,
7757,C:\Users\USER\Desktop\project\calibration\moire\datasets\test\0430_moire.jpg,C:\Users\USER\Desktop\project\calibration\moire\datasets\test\augmented_9x\0430_moire_translation_3.jpg,rectified_patch_gpu\007757_0430_moire_translation_3_to_orig.png,rectified_patch_gpu\007757_0430_moire_translation_3_absdiff.png,98.97202039930555,123.88805981909935,306.6037911772923,305.80066657178895,9.655880405274793,-0.27011856010450463,-13.018385018863128,-576.0863850283755,8.086674861614561,-8.60653730211137,-15.658384562996474,7844.852656931633,translation,,True,8,306.20222887454065,torch_cuda,cuda,OK,
7758,C:\Users\USER\Desktop\project\calibration\moire\datasets\test\0431_gt.jpg,C:\Users\USER\Desktop\project\calibration\moire\datasets\test\augmented_9x\0431_gt_blackbox_1.jpg,rectified_patch_gpu\007758_0431_gt_blackbox_1_to_orig.png,rectified_patch_gpu\007758_0431_gt_blackbox_1_absdiff.png,80.49903416763117,91.73297811894474,299.75176040384525,303.9262699031426,0.31271848291983967,-0.008140913019116522,0.08672077644108628,-0.48833757623556406,-3.0335336165216704,3.0335336173492653,-5.065968551069602,3.141592653589793,blackbox,,True,0,301.83901515349396,torch_cuda,cuda,OK,
7759,C:\Users\USER\Desktop\project\calibration\moire\datasets\test\0431_gt.jpg,C:\Users\USER\Desktop\project\calibration\moire\datasets\test\augmented_9x\0431_gt_blackbox_2.jpg,rectified_patch_gpu\007759_0431_gt_blackbox_2_to_orig.png,rectified_patch_gpu\007759_0431_gt_blackbox_2_absdiff.png,82.36374770929784,110.32832710872997,308.75660046566804,280.85457206587057,1.7704754718722882,4.432667636824387,-6.429086687016418,1.0208993820412338,-0.11514736949636692,-0.28470614838050073,0.06462428492572547,1.262767121687621,blackbox,,True,2,294.8055862657693,torch_cuda,cuda,OK,
7760,C:\Users\USER\Desktop\project\calibration\moire\datasets\test\0431_gt.jpg,C:\Users\USER\Desktop\project\calibration\moire\datasets\test\augmented_9x\0431_gt_blackbox_3.jpg,rectified_patch_gpu\007760_0431_gt_blackbox_3_to_orig.png,rectified_patch_gpu\007760_0431_gt_blackbox_3_absdiff.png,88.20468545042438,108.15109476191721,308.75660046566804,280.85457206587057,1.7704754718722882,4.432667636824387,-6.429086687016418,1.0208993820412338,-0.11514736949636692,-0.28470614838050073,0.06462428492572547,1.262767121687621,blackbox,,True,2,294.8055862657693,torch_cuda,cuda,OK,
7761,C:\Users\USER\Desktop\project\calibration\moire\datasets\test\0431_gt.jpg,C:\Users\USER\Desktop\project\calibration\moire\datasets\test\augmented_9x\0431_gt_rotation_1.jpg,rectified_patch_gpu\007761_0431_gt_rotation_1_to_orig.png,rectified_patch_gpu\007761_0431_gt_rotation_1_absdiff.png,79.94489643614969,110.02691891059445,301.5009316073261,298.12422156656396,1.1637276756302093,-1.9515309410073178,-1.7762676171234806,2.2943272305974167,0.019588701880382593,1.0724037604538217,0.07505709069802102,2.155183135119743,rotation,,True,23,299.81257658694506,torch_cuda,cuda,OK,
7762,C:\Users\USER\Desktop\project\calibration\moire\datasets\test\0431_gt.jpg,C:\Users\USER\Desktop\project\calibration\moire\datasets\test\augmented_9x\0431_gt_rotation_2.jpg,rectified_patch_gpu\007762_0431_gt_rotation_2_to_orig.png,rectified_patch_gpu\007762_0431_gt_rotation_2_absdiff.png,80.62613594714506,90.98548816681752,295.979791812438,308.88256137012866,-0.13141547296147715,-0.3109975282927234,-0.1534664206794923,733.7141161944127,3.454668525263892,3.922624658152793,-7.054997217492687,0.9714679746366022,rotation,,True,16,302.43117659128336,torch_cuda,cuda,OK,
7763,C:\Users\USER\Desktop\project\calibration\moire\datasets\test\0431_gt.jpg,C:\Users\USER\Desktop\project\calibration\moire\datasets\test\augmented_9x\0431_gt_rotation_3.jpg,rectified_patch_gpu\007763_0431_gt_rotation_3_to_orig.png,rectified_patch_gpu\007763_0431_gt_rotation_3_absdiff.png,78.08995310088734,87.31490585604433,299.75176040384525,303.9262699031426,0.31271848291983967,-0.008140913019116522,0.08672077644108628,-0.48833757623556406,-3.0335336165216704,3.0335336173492653,-5.065968551069602,3.141592653589793,rotation,,True,0,301.83901515349396,torch_cuda,cuda,OK,
7764,C:\Users\USER\Desktop\project\calibration\moire\datasets\test\0431_gt.jpg,C:\Users\USER\Desktop\project\calibration\moire\datasets\test\augmented_9x\0431_gt_translation_1.jpg,rectified_patch_gpu\007764_0431_gt_translation_1_to_orig.png,rectified_patch_gpu\007764_0431_gt_translation_1_absdiff.png,89.14713879243827,113.3222937842264,308.1981003452556,277.44249844222617,4.668675334985509,-2.314102075570185,-7.223078477155684,0.9968950316027296,-0.00020966617832517424,-0.2987587849262592,0.07411562764101691,2.6248226357159403,translation,,True,13,292.8202993937409,torch_cuda,cuda,OK,
7765,C:\Users\USER\Desktop\project\calibration\moire\datasets\test\0431_gt.jpg,C:\Users\USER\Desktop\project\calibration\moire\datasets\test\augmented_9x\0431_gt_translation_2.jpg,rectified_patch_gpu\007765_0431_gt_translation_2_to_orig.png,rectified_patch_gpu\007765_0431_gt_translation_2_absdiff.png,83.66922284915124,112.35393191960458,295.979791812438,301.94879525214367,-0.13141547296147715,-0.3109975282927234,-0.1534664206794923,733.7141161944127,-0.07887335333695339,0.021812531374299712,0.3231894783693661,117.03638080999652,translation,,True,16,298.96429353229087,torch_cuda,cuda,OK,
7766,C:\Users\USER\Desktop\project\calibration\moire\datasets\test\0431_gt.jpg,C:\Users\USER\Desktop\project\calibration\moire\datasets\test\augmented_9x\0431_gt_translation_3.jpg,rectified_patch_gpu\007766_0431_gt_translation_3_to_orig.png,rectified_patch_gpu\007766_0431_gt_translation_3_absdiff.png,72.54580536265432,81.08823161931076,295.979791812438,308.1482071006834,-0.13141547296147715,-0.3109975282927234,-0.1534664206794923,733.7141161944127,0.23245676982200003,5.909623673669261,-8.275070401134245,1.1336924849688312,translation,,True,16,302.06399945656074,torch_cuda,cuda,OK,
7767,C:\Users\USER\Desktop\project\calibration\moire\datasets\test\0431_moire.jpg,C:\Users\USER\Desktop\project\calibration\moire\datasets\test\augmented_9x\0431_moire_blackbox_1.jpg,rectified_patch_gpu\007767_0431_moire_blackbox_1_to_orig.png,rectified_patch_gpu\007767_0431_moire_blackbox_1_absdiff.png,92.48684305073303,120.37466992059616,308.4488628750257,288.03513408216116,-0.3141868724168714,-6.040443059687167,-8.595512166970385,0.8854722567228394,0.049996344384045266,0.22346030135423034,0.24015063852909374,-3.109433986162794,blackbox,,True,14,298.2419984785935,torch_cuda,cuda,OK,
7768,C:\Users\USER\Desktop\project\calibration\moire\datasets\test\0431_moire.jpg,C:\Users\USER\Desktop\project\calibration\moire\datasets\test\augmented_9x\0431_moire_blackbox_2.jpg,rectified_patch_gpu\007768_0431_moire_blackbox_2_to_orig.png,rectified_patch_gpu\007768_0431_moire_blackbox_2_absdiff.png,92.48882571373457,120.37731361974932,308.4488628750257,288.03513408216116,-0.3141868724168714,-6.040443059687167,-8.595512166970385,0.8854722567228394,0.049996344384045266,0.22346030135423034,0.24015063852909374,-3.109433986162794,blackbox,,True,14,298.2419984785935,torch_cuda,cuda,OK,
7769,C:\Users\USER\Desktop\project\calibration\moire\datasets\test\0431_moire.jpg,C:\Users\USER\Desktop\project\calibration\moire\datasets\test\augmented_9x\0431_moire_blackbox_3.jpg,rectified_patch_gpu\007769_0431_moire_blackbox_3_to_orig.png,rectified_patch_gpu\007769_0431_moire_blackbox_3_absdiff.png,92.47853153935185,120.3704983852373,308.4488628750257,288.03513408216116,-0.3141868724168714,-6.040443059687167,-8.595512166970385,0.8854722567228394,0.049996344384045266,0.22346030135423034,0.24015063852909374,-3.109433986162794,blackbox,,True,14,298.2419984785935,torch_cuda,cuda,OK,
7770,C:\Users\USER\Desktop\project\calibration\moire\datasets\test\0431_moire.jpg,C:\Users\USER\Desktop\project\calibration\moire\datasets\test\augmented_9x\0431_moire_rotation_1.jpg,rectified_patch_gpu\007770_0431_moire_rotation_1_to_orig.png,rectified_patch_gpu\007770_0431_moire_rotation_1_absdiff.png,86.5820011091821,114.104970028625,306.20045878782486,304.46808538564005,0.20231249869731505,-8.246908477716886,-10.332905324333538,-2.352858003331742,0.5011818161880442,-4.002115855278265,-4.986679331605318,2.5932543686207676,rotation,,True,18,305.3342720867324,torch_cuda,cuda,OK,
7771,C:\Users\USER\Desktop\project\calibration\moire\datasets\test\0431_moire.jpg,C:\Users\USER\Desktop\project\calibration\moire\datasets\test\augmented_9x\0431_moire_rotation_2.jpg,rectified_patch_gpu\007771_0431_moire_rotation_2_to_orig.png,rectified_patch_gpu\007771_0431_moire_rotation_2_absdiff.png,90.19052445023148,117.56924437003059,305.7277050332512,287.8147907414673,-5.063422538681387,-4.151853194215169,-9.305256447387835,2.60931944716749,0.29376962810325563,0.42008141079655903,0.02327355356109695,1.8484171710632122,rotation,,True,21,296.7712478873592,torch_cuda,cuda,OK,
7772,C:\Users\USER\Desktop\project\calibration\moire\datasets\test\0431_moire.jpg,C:\Users\USER\Desktop\project\calibration\moire\datasets\test\augmented_9x\0431_moire_rotation_3.jpg,rectified_patch_gpu\007772_0431_moire_rotation_3_to_orig.png,rectified_patch_gpu\007772_0431_moire_rotation_3_absdiff.png,88.5340119839892,115.07317919836431,306.92679200769146,281.64347686248516,6.38926786098061,0.11690664045645938,-8.09527168495815,1.7833060341405982,0.16835295541345438,0.3425666714042287,0.05654876872576686,1.229319715214714,rotation,,True,11,294.2851344350883,torch_cuda,cuda,OK,
7773,C:\Users\USER\Desktop\project\calibration\moire\datasets\test\0431_moire.jpg,C:\Users\USER\Desktop\project\calibration\moire\datasets\test\augmented_9x\0431_moire_translation_1.jpg,rectified_patch_gpu\007773_0431_moire_translation_1_to_orig.png,rectified_patch_gpu\007773_0431_moire_translation_1_absdiff.png,78.11052420910494,104.34110103090826,305.54257872985113,305.5242132932761,1.3814727276020657,-6.098392776376091,-8.88440213064634,2.574562560717363,6.340312139194385,-1.421630444141054,-9.14134856335022,-3.0119431728213293,translation,,True,5,305.5333960115636,torch_cuda,cuda,OK,
7774,C:\Users\USER\Desktop\project\calibration\moire\datasets\test\0431_moire.jpg,C:\Users\USER\Desktop\project\calibration\moire\datasets\test\augmented_9x\0431_moire_translation_2.jpg,rectified_patch_gpu\007774_0431_moire_translation_2_to_orig.png,rectified_patch_gpu\007774_0431_moire_translation_2_absdiff.png,67.14531189718365,93.19430106445441,305.94093251094347,304.5547609663754,3.6024348702730515,-4.092808625797012,-7.5791657472695935,2.06095339482016,0.7319305892195257,-1.7336792289528058,-1.157616526079535,1.5563320278694768,translation,,True,1,305.2478467386594,torch_cuda,cuda,OK,
7775,C:\Users\USER\Desktop\project\calibration\moire\datasets\test\0431_moire.jpg,C:\Users\USER\Desktop\project\calibration\moire\datasets\test\augmented_9x\0431_moire_translation_3.jpg,rectified_patch_gpu\007775_0431_moire_translation_3_to_orig.png,rectified_patch_gpu\007775_0431_moire_translation_3_absdiff.png,92.29094714506172,120.21467486101128,306.74716619731566,297.1352498999839,1.3887199951219666,-5.592917786158921,-8.058694011771797,-1.85587218944101,0.1394145166136132,-0.20877745997180497,0.20538760045604626,3.024083874202572,translation,,True,24,301.94120804864974,torch_cuda,cuda,OK,
7776,C:\Users\USER\Desktop\project\calibration\moire\datasets\test\0432_gt.jpg,C:\Users\USER\Desktop\project\calibration\moire\datasets\test\augmented_9x\0432_gt_blackbox_1.jpg,rectified_patch_gpu\007776_0432_gt_blackbox_1_to_orig.png,rectified_patch_gpu\007776_0432_gt_blackbox_1_absdiff.png,44.121841724537035,58.657131614706884,284.0780604176871,309.36378828709405,0.040431734736302585,-0.2702336875263025,0.15843640523544086,2.925685622939255,-0.001541513166665468,5.237752763040709,-7.1737972322508865,0.4571369625723042,blackbox,,True,11,296.72092435239057,torch_cuda,cuda,OK,
7777,C:\Users\USER\Desktop\project\calibration\moire\datasets\test\0432_gt.jpg,C:\Users\USER\Desktop\project\calibration\moire\datasets\test\augmented_9x\0432_gt_blackbox_2.jpg,rectified_patch_gpu\007777_0432_gt_blackbox_2_to_orig.png,rectified_patch_gpu\007777_0432_gt_blackbox_2_absdiff.png,171.85418161651234,180.16556315736526,284.0780604176871,306.57734378711154,0.040431734736302585,-0.2702336875263025,0.15843640523544086,2.925685622939255,-3.237255952259215,-6.240259848891178,-9.901251799701164,-92.20404120246258,blackbox,,True,11,295.3277021023993,torch_cuda,cuda,OK,
7778,C:\Users\USER\Desktop\project\calibration\moire\datasets\test\0432_gt.jpg,C:\Users\USER\Desktop\project\calibration\moire\datasets\test\augmented_9x\0432_gt_blackbox_3.jpg,rectified_patch_gpu\007778_0432_gt_blackbox_3_to_orig.png,rectified_patch_gpu\007778_0432_gt_blackbox_3_absdiff.png,97.27111123167438,127.71935788193173,284.0780604176871,294.08737933619875,0.040431734736302585,-0.2702336875263025,0.15843640523544086,2.925685622939255,-0.0002827557988374763,-0.270635788596909,0.16375848485038708,2.1812680257270247,blackbox,,True,11,289.0827198769429,torch_cuda,cuda,OK,
7779,C:\Users\USER\Desktop\project\calibration\moire\datasets\test\0432_gt.jpg,C:\Users\USER\Desktop\project\calibration\moire\datasets\test\augmented_9x\0432_gt_rotation_1.jpg,rectified_patch_gpu\007779_0432_gt_rotation_1_to_orig.png,rectified_patch_gpu\007779_0432_gt_rotation_1_absdiff.png,67.31200725790895,87.43902533011205,299.16208090040476,307.0371560435578,-0.0010411220715232387,1.607144294406425,-0.7670829246837454,2.581833832736103,3.703550237586024,-3.018988623511011,-6.287942095639583,-1.7801020165225812,rotation,,True,0,303.0996184719813,torch_cuda,cuda,OK,
7780,C:\Users\USER\Desktop\project\calibration\moire\datasets\test\0432_gt.jpg,C:\Users\USER\Desktop\project\calibration\moire\datasets\test\augmented_9x\0432_gt_rotation_2.jpg,rectified_patch_gpu\007780_0432_gt_rotation_2_to_orig.png,rectified_patch_gpu\007780_0432_gt_rotation_2_absdiff.png,40.81175708912037,54.033352096128674,284.0780604176871,307.1048611857673,0.040431734736302585,-0.2702336875263025,0.15843640523544086,2.925685622939255,-0.0013524373777741188,-5.631311102115998,-7.860141522046657,-1.6214337151588498,rotation,,True,11,295.5914608017272,torch_cuda,cuda,OK,
7781,C:\Users\USER\Desktop\project\calibration\moire\datasets\test\0432_gt.jpg,C:\Users\USER\Desktop\project\calibration\moire\datasets\test\augmented_9x\0432_gt_rotation_3.jpg,rectified_patch_gpu\007781_0432_gt_rotation_3_to_orig.png,rectified_patch_gpu\007781_0432_gt_rotation_3_absdiff.png,100.65170789930555,122.97345212157595,284.0780604176871,318.59357936667834,0.040431734736302585,-0.2702336875263025,0.15843640523544086,2.925685622939255,0.22391694378840765,0.06756726834464119,0.24150685760948937,161.68983212122257,rotation,,True,11,301.3358198921827,torch_cuda,cuda,OK,
7782,C:\Users\USER\Desktop\project\calibration\moire\datasets\test\0432_gt.jpg,C:\Users\USER\Desktop\project\calibration\moire\datasets\test\augmented_9x\0432_gt_translation_1.jpg,rectified_patch_gpu\007782_0432_gt_translation_1_to_orig.png,rectified_patch_gpu\007782_0432_gt_translation_1_absdiff.png,56.44473982445987,73.10620691920633,284.0780604176871,303.2643812740733,0.040431734736302585,-0.2702336875263025,0.15843640523544086,2.925685622939255,-1.0328816652696318,1.3762722880619078,-0.8498661128504712,-413.1379649162334,translation,,True,11,293.67122084588016,torch_cuda,cuda,OK,
7783,C:\Users\USER\Desktop\project\calibration\moire\datasets\test\0432_gt.jpg,C:\Users\USER\Desktop\project\calibration\moire\datasets\test\augmented_9x\0432_gt_translation_2.jpg,rectified_patch_gpu\007783_0432_gt_translation_2_to_orig.png,rectified_patch_gpu\007783_0432_gt_translation_2_absdiff.png,104.68985954378859,123.38337265799478,284.0780604176871,317.48085572484007,0.040431734736302585,-0.2702336875263025,0.15843640523544086,2.925685622939255,-0.24762535437808192,0.000293482199759822,0.21559722342094262,0.11323648243036262,translation,,True,11,300.77945807126355,torch_cuda,cuda,OK,
7784,C:\Users\USER\Desktop\project\calibration\moire\datasets\test\0432_gt.jpg,C:\Users\USER\Desktop\project\calibration\moire\datasets\test\augmented_9x\0432_gt_translation_3.jpg,rectified_patch_gpu\007784_0432_gt_translation_3_to_orig.png,rectified_patch_gpu\007784_0432_gt_translation_3_absdiff.png,49.752135898919754,63.72455407041908,284.0780604176871,305.48566890876185,0.040431734736302585,-0.2702336875263025,0.15843640523544086,2.925685622939255,3.4722971769305997,0.2954352406896511,-4.010650205787289,2.1419628460637035,translation,,True,11,294.7818646632245,torch_cuda,cuda,OK,
7785,C:\Users\USER\Desktop\project\calibration\moire\datasets\test\0432_moire.jpg,C:\Users\USER\Desktop\project\calibration\moire\datasets\test\augmented_9x\0432_moire_blackbox_1.jpg,rectified_patch_gpu\007785_0432_moire_blackbox_1_to_orig.png,rectified_patch_gpu\007785_0432_moire_blackbox_1_absdiff.png,135.57266553337192,149.2212325536007,302.80767663956675,297.86095164837735,0.05427258093094861,-0.40274584271043035,0.7876680001234713,-2.195313972634933,0.05474977161887027,-0.0022453966902396907,0.34533494481440385,-2.7272865045510537,blackbox,,True,17,300.33431414397205,torch_cuda,cuda,OK,
7786,C:\Users\USER\Desktop\project\calibration\moire\datasets\test\0432_moire.jpg,C:\Users\USER\Desktop\project\calibration\moire\datasets\test\augmented_9x\0432_moire_blackbox_2.jpg,rectified_patch_gpu\007786_0432_moire_blackbox_2_to_orig.png,rectified_patch_gpu\007786_0432_moire_blackbox_2_absdiff.png,148.7944976128472,158.48093911010886,307.03166033774596,283.0740254463871,1.1427942491668244,6.872370337147089,-8.855541059767596,1.7463500543420405,0.0171322918047221,-0.2164264684533857,-0.25120439543686623,-2.352327150579278,blackbox,,True,6,295.05284289206656,torch_cuda,cuda,OK,
7787,C:\Users\USER\Desktop\project\calibration\moire\datasets\test\0432_moire.jpg,C:\Users\USER\Desktop\project\calibration\moire\datasets\test\augmented_9x\0432_moire_blackbox_3.jpg,rectified_patch_gpu\007787_0432_moire_blackbox_3_to_orig.png,rectified_patch_gpu\007787_0432_moire_blackbox_3_absdiff.png,133.85445758584106,147.9969205095159,302.80767663956675,297.86095164837735,0.05427258093094861,-0.40274584271043035,0.7876680001234713,-2.195313972634933,0.05474977161887027,-0.0022453966902396907,0.34533494481440385,-2.7272865045510537,blackbox,,True,17,300.33431414397205,torch_cuda,cuda,OK,
7788,C:\Users\USER\Desktop\project\calibration\moire\datasets\test\0432_moire.jpg,C:\Users\USER\Desktop\project\calibration\moire\datasets\test\augmented_9x\0432_moire_rotation_1.jpg,rectified_patch_gpu\007788_0432_moire_rotation_1_to_orig.png,rectified_patch_gpu\007788_0432_moire_rotation_1_absdiff.png,50.03344256365741,66.79690537054395,302.79320610570124,305.6596725490402,1.0357924122292304,-1.0562058713016014,-0.21762367105400426,1.2969556198424512,6.0118564721509635,-1.1032788960273985,-8.623235988738445,2.449385725112154,rotation,,True,5,304.2264393273707,torch_cuda,cuda,OK,
7789,C:\Users\USER\Desktop\project\calibration\moire\datasets\test\0432_moire.jpg,C:\Users\USER\Desktop\project\calibration\moire\datasets\test\augmented_9x\0432_moire_rotation_2.jpg,rectified_patch_gpu\007789_0432_moire_rotation_2_to_orig.png,rectified_patch_gpu\007789_0432_moire_rotation_2_absdiff.png,148.95480372299383,158.62593136592508,308.7372242622923,295.9760460297469,-0.0017575908807975324,3.928798256136945,-4.733228966914197,1.0963807023338055,-0.10296167758318674,-0.09918921347973444,0.2701239852896842,2.6896761597092556,rotation,,True,21,302.3566351460196,torch_cuda,cuda,OK,
7790,C:\Users\USER\Desktop\project\calibration\moire\datasets\test\0432_moire.jpg,C:\Users\USER\Desktop\project\calibration\moire\datasets\test\augmented_9x\0432_moire_rotation_3.jpg,rectified_patch_gpu\007790_0432_moire_rotation_3_to_orig.png,rectified_patch_gpu\007790_0432_moire_rotation_3_absdiff.png,56.92323350694444,72.00579350023426,302.79320610570124,305.472912948274,1.0357924122292304,-1.0562058713016014,-0.21762367105400426,1.2969556198424512,5.559925758176481,2.1657413424764442,-8.44842322310321,-2.6215976379617283,rotation,,True,5,304.1330595269876,torch_cuda,cuda,OK,
7791,C:\Users\USER\Desktop\project\calibration\moire\datasets\test\0432_moire.jpg,C:\Users\USER\Desktop\project\calibration\moire\datasets\test\augmented_9x\0432_moire_translation_1.jpg,rectified_patch_gpu\007791_0432_moire_translation_1_to_orig.png,rectified_patch_gpu\007791_0432_moire_translation_1_absdiff.png,53.85296657986111,71.36797323339992,302.79320610570124,305.82762026305085,1.0357924122292304,-1.0562058713016014,-0.21762367105400426,1.2969556198424512,-3.860450262669061,-1.9781495811409882,-5.750080763881692,2.255839995421853,translation,,True,5,304.31041318437605,torch_cuda,cuda,OK,
7792,C:\Users\USER\Desktop\project\calibration\moire\datasets\test\0432_moire.jpg,C:\Users\USER\Desktop\project\calibration\moire\datasets\test\augmented_9x\0432_moire_translation_2.jpg,rectified_patch_gpu\007792_0432_moire_translation_2_to_orig.png,rectified_patch_gpu\007792_0432_moire_translation_2_absdiff.png,132.7361880304784,147.3445767605073,302.80767663956675,295.93705815250337,0.05427258093094861,-0.40274584271043035,0.7876680001234713,-2.195313972634933,0.001961762743634971,-0.003621508359888515,0.34903034194666716,-3.0031977289486815,translation,,True,17,299.3723673960351,torch_cuda,cuda,OK,
7793,C:\Users\USER\Desktop\project\calibration\moire\datasets\test\0432_moire.jpg,C:\Users\USER\Desktop\project\calibration\moire\datasets\test\augmented_9x\0432_moire_translation_3.jpg,rectified_patch_gpu\007793_0432_moire_translation_3_to_orig.png,rectified_patch_gpu\007793_0432_moire_translation_3_absdiff.png,51.49668764467592,65.82537535410839,302.79320610570124,305.98296052872786,1.0357924122292304,-1.0562058713016014,-0.21762367105400426,1.2969556198424512,5.746630270180706,0.0012516797068892432,-8.07446256445135,-2.238248791593814,translation,,True,5,304.3880833172145,torch_cuda,cuda,OK,
7794,C:\Users\USER\Desktop\project\calibration\moire\datasets\test\0433_gt.jpg,C:\Users\USER\Desktop\project\calibration\moire\datasets\test\augmented_9x\0433_gt_blackbox_1.jpg,rectified_patch_gpu\007794_0433_gt_blackbox_1_to_orig.png,rectified_patch_gpu\007794_0433_gt_blackbox_1_absdiff.png,25.225737123842592,70.03367963196857,285.25087583361255,304.3933906258561,0.004428552913967156,0.3698217520049185,0.2540215485024956,3.1145939393401973,4.2037975879975376,2.6465274265162373,-6.299998045999066,3.1239632450259696,blackbox,,True,2,294.82213322973433,torch_cuda,cuda,OK,
7795,C:\Users\USER\Desktop\project\calibration\moire\datasets\test\0433_gt.jpg,C:\Users\USER\Desktop\project\calibration\moire\datasets\test\augmented_9x\0433_gt_blackbox_2.jpg,rectified_patch_gpu\007795_0433_gt_blackbox_2_to_orig.png,rectified_patch_gpu\007795_0433_gt_blackbox_2_absdiff.png,38.89672260802469,98.98050014766088,285.25087583361255,285.25087583361255,0.004428552913967156,0.3698217520049185,0.2540215485024956,3.1145939393401973,0.004428552913967156,0.3698217520049185,0.2540215485024956,3.1145939393401973,blackbox,,True,2,285.25087583361255,torch_cuda,cuda,OK,
7796,C:\Users\USER\Desktop\project\calibration\moire\datasets\test\0433_gt.jpg,C:\Users\USER\Desktop\project\calibration\moire\datasets\test\augmented_9x\0433_gt_blackbox_3.jpg,rectified_patch_gpu\007796_0433_gt_blackbox_3_to_orig.png,rectified_patch_gpu\007796_0433_gt_blackbox_3_absdiff.png,39.52885681905864,99.97437206326651,285.25087583361255,285.25087583361255,0.004428552913967156,0.3698217520049185,0.2540215485024956,3.1145939393401973,0.004428552913967156,0.3698217520049185,0.2540215485024956,3.1145939393401973,blackbox,,True,2,285.25087583361255,torch_cuda,cuda,OK,
7797,C:\Users\USER\Desktop\project\calibration\moire\datasets\test\0433_gt.jpg,C:\Users\USER\Desktop\project\calibration\moire\datasets\test\augmented_9x\0433_gt_rotation_1.jpg,rectified_patch_gpu\007797_0433_gt_rotation_1_to_orig.png,rectified_patch_gpu\007797_0433_gt_rotation_1_absdiff.png,28.355148292824072,74.35855723938047,285.25087583361255,305.0463971461334,0.004428552913967156,0.3698217520049185,0.2540215485024956,3.1145939393401973,-5.29869880826563,2.5248598028010116,-8.119040439005964,-147.6087726008692,rotation,,True,2,295.14863648987296,torch_cuda,cuda,OK,
7798,C:\Users\USER\Desktop\project\calibration\moire\datasets\test\0433_gt.jpg,C:\Users\USER\Desktop\project\calibration\moire\datasets\test\augmented_9x\0433_gt_rotation_2.jpg,rectified_patch_gpu\007798_0433_gt_rotation_2_to_orig.png,rectified_patch_gpu\007798_0433_gt_rotation_2_absdiff.png,124.52816056616513,175.50953838637318,307.4712415407885,276.42202087331765,0.30101426229348394,-6.0815607927048685,-8.55192498471809,-1.4630844233354239,-0.06388490938875054,0.3572932079790936,0.08040132137850999,-33.34433966141143,rotation,,True,11,291.9466312070531,torch_cuda,cuda,OK,
7799,C:\Users\USER\Desktop\project\calibration\moire\datasets\test\0433_gt.jpg,C:\Users\USER\Desktop\project\calibration\moire\datasets\test\augmented_9x\0433_gt_rotation_3.jpg,rectified_patch_gpu\007799_0433_gt_rotation_3_to_orig.png,rectified_patch_gpu\007799_0433_gt_rotation_3_absdiff.png,48.30711178626543,97.13726309435629,285.25087583361255,309.350657203208,0.004428552913967156,0.3698217520049185,0.2540215485024956,3.1145939393401973,3.978717360086015,-3.978717341808614,-7.828398042529313,0.0,rotation,,True,2,297.3007665184103,torch_cuda,cuda,OK,
7800,C:\Users\USER\Desktop\project\calibration\moire\datasets\test\0433_gt.jpg,C:\Users\USER\Desktop\project\calibration\moire\datasets\test\augmented_9x\0433_gt_translation_1.jpg,rectified_patch_gpu\007800_0433_gt_translation_1_to_orig.png,rectified_patch_gpu\007800_0433_gt_translation_1_absdiff.png,47.84730830439815,96.93236698114177,285.25087583361255,308.7330008728894,0.004428552913967156,0.3698217520049185,0.2540215485024956,3.1145939393401973,-1.7952512237564808,-5.278945984844577,-7.759907084855225,-0.724734172363692,translation,,True,2,296.991938353251,torch_cuda,cuda,OK,
7801,C:\Users\USER\Desktop\project\calibration\moire\datasets\test\0433_gt.jpg,C:\Users\USER\Desktop\project\calibration\moire\datasets\test\augmented_9x\0433_gt_translation_2.jpg,rectified_patch_gpu\007801_0433_gt_translation_2_to_orig.png,rectified_patch_gpu\007801_0433_gt_translation_2_absdiff.png,54.34300720968364,103.95939255112897,285.25087583361255,309.105256773346,0.004428552913967156,0.3698217520049185,0.2540215485024956,3.1145939393401973,-2.208775293474583,5.845469613088216,-8.771193437874267,-43.62691621874973,translation,,True,2,297.1780663034793,torch_cuda,cuda,OK,
7802,C:\Users\USER\Desktop\project\calibration\moire\datasets\test\0433_gt.jpg,C:\Users\USER\Desktop\project\calibration\moire\datasets\test\augmented_9x\0433_gt_translation_3.jpg,rectified_patch_gpu\007802_0433_gt_translation_3_to_orig.png,rectified_patch_gpu\007802_0433_gt_translation_3_absdiff.png,50.08917233314043,99.032917571175,285.25087583361255,305.9610206366153,0.004428552913967156,0.3698217520049185,0.2540215485024956,3.1145939393401973,-1.546820096094092,5.931537277300606,-8.703816528694965,-2.3624198413217683,translation,,True,2,295.60594823511394,torch_cuda,cuda,OK,
7803,C:\Users\USER\Desktop\project\calibration\moire\datasets\test\0433_moire.jpg,C:\Users\USER\Desktop\project\calibration\moire\datasets\test\augmented_9x\0433_moire_blackbox_1.jpg,rectified_patch_gpu\007803_0433_moire_blackbox_1_to_orig.png,rectified_patch_gpu\007803_0433_moire_blackbox_1_absdiff.png,25.506958791473764,70.8546820947921,290.7093443876998,290.7093443876998,0.14113150730474763,-0.31719037228135544,0.3347467921024008,3.141592653589793,0.14113150730474763,-0.31719037228135544,0.3347467921024008,3.141592653589793,blackbox,,True,20,290.7093443876998,torch_cuda,cuda,OK,
7804,C:\Users\USER\Desktop\project\calibration\moire\datasets\test\0433_moire.jpg,C:\Users\USER\Desktop\project\calibration\moire\datasets\test\augmented_9x\0433_moire_blackbox_2.jpg,rectified_patch_gpu\007804_0433_moire_blackbox_2_to_orig.png,rectified_patch_gpu\007804_0433_moire_blackbox_2_absdiff.png,28.26496021412037,75.29182161946792,290.7093443876998,290.7093443876998,0.14113150730474763,-0.31719037228135544,0.3347467921024008,3.141592653589793,0.14113150730474763,-0.31719037228135544,0.3347467921024008,3.141592653589793,blackbox,,True,20,290.7093443876998,torch_cuda,cuda,OK,
7805,C:\Users\USER\Desktop\project\calibration\moire\datasets\test\0433_moire.jpg,C:\Users\USER\Desktop\project\calibration\moire\datasets\test\augmented_9x\0433_moire_blackbox_3.jpg,rectified_patch_gpu\007805_0433_moire_blackbox_3_to_orig.png,rectified_patch_gpu\007805_0433_moire_blackbox_3_absdiff.png,27.423057605131174,71.3203143009609,290.7093443876998,290.7093443876998,0.14113150730474763,-0.31719037228135544,0.3347467921024008,3.141592653589793,0.14113150730474763,-0.31719037228135544,0.3347467921024008,3.141592653589793,blackbox,,True,20,290.7093443876998,torch_cuda,cuda,OK,
7806,C:\Users\USER\Desktop\project\calibration\moire\datasets\test\0433_moire.jpg,C:\Users\USER\Desktop\project\calibration\moire\datasets\test\augmented_9x\0433_moire_rotation_1.jpg,rectified_patch_gpu\007806_0433_moire_rotation_1_to_orig.png,rectified_patch_gpu\007806_0433_moire_rotation_1_absdiff.png,111.8534260464892,136.67971189177732,290.7093443876998,287.1662483976169,0.14113150730474763,-0.31719037228135544,0.3347467921024008,3.141592653589793,0.07573511979902964,0.33785675996419906,0.3107912280675944,2.495077237944065,rotation,,True,20,288.93779639265836,torch_cuda,cuda,OK,
7807,C:\Users\USER\Desktop\project\calibration\moire\datasets\test\0433_moire.jpg,C:\Users\USER\Desktop\project\calibration\moire\datasets\test\augmented_9x\0433_moire_rotation_2.jpg,rectified_patch_gpu\007807_0433_moire_rotation_2_to_orig.png,rectified_patch_gpu\007807_0433_moire_rotation_2_absdiff.png,88.51125096450617,109.28570197051874,290.7093443876998,305.45981161641146,0.14113150730474763,-0.31719037228135544,0.3347467921024008,3.141592653589793,-6.380426137908046,-5.635117001571231,-12.012651125858547,-2.8497617788695506,rotation,,True,20,298.08457800205565,torch_cuda,cuda,OK,
7808,C:\Users\USER\Desktop\project\calibration\moire\datasets\test\0433_moire.jpg,C:\Users\USER\Desktop\project\calibration\moire\datasets\test\augmented_9x\0433_moire_rotation_3.jpg,rectified_patch_gpu\007808_0433_moire_rotation_3_to_orig.png,rectified_patch_gpu\007808_0433_moire_rotation_3_absdiff.png,88.85686487268518,111.24525003189379,290.7093443876998,308.19477210674995,0.14113150730474763,-0.31719037228135544,0.3347467921024008,3.141592653589793,6.521688889028546,-3.398907706854061,-10.048894813155556,-1.0226289367720094,rotation,,True,20,299.45205824722484,torch_cuda,cuda,OK,
7809,C:\Users\USER\Desktop\project\calibration\moire\datasets\test\0433_moire.jpg,C:\Users\USER\Desktop\project\calibration\moire\datasets\test\augmented_9x\0433_moire_translation_1.jpg,rectified_patch_gpu\007809_0433_moire_translation_1_to_orig.png,rectified_patch_gpu\007809_0433_moire_translation_1_absdiff.png,87.6578468605324,109.19978396464596,290.7093443876998,307.6019561202455,0.14113150730474763,-0.31719037228135544,0.3347467921024008,3.141592653589793,9.628697819190663,0.14419997838244702,-12.59760074886102,-1.297144611214657,translation,,True,20,299.1556502539727,torch_cuda,cuda,OK,
7810,C:\Users\USER\Desktop\project\calibration\moire\datasets\test\0433_moire.jpg,C:\Users\USER\Desktop\project\calibration\moire\datasets\test\augmented_9x\0433_moire_translation_2.jpg,rectified_patch_gpu\007810_0433_moire_translation_2_to_orig.png,rectified_patch_gpu\007810_0433_moire_translation_2_absdiff.png,87.90465217496141,109.35080014854896,290.7093443876998,307.72076630693437,0.14113150730474763,-0.31719037228135544,0.3347467921024008,3.141592653589793,0.19759699769316819,-9.705438187613282,-12.830132486891308,1.2389217741146414,translation,,True,20,299.21505534731705,torch_cuda,cuda,OK,
7811,C:\Users\USER\Desktop\project\calibration\moire\datasets\test\0433_moire.jpg,C:\Users\USER\Desktop\project\calibration\moire\datasets\test\augmented_9x\0433_moire_translation_3.jpg,rectified_patch_gpu\007811_0433_moire_translation_3_to_orig.png,rectified_patch_gpu\007811_0433_moire_translation_3_absdiff.png,93.74384524498457,115.88616940142546,290.7093443876998,307.6814476944661,0.14113150730474763,-0.31719037228135544,0.3347467921024008,3.141592653589793,0.11372054741873694,-9.50749306849113,-12.631353703703667,1.270395910020536,translation,,True,20,299.195396041083,torch_cuda,cuda,OK,
7812,C:\Users\USER\Desktop\project\calibration\moire\datasets\test\0434_gt.jpg,C:\Users\USER\Desktop\project\calibration\moire\datasets\test\augmented_9x\0434_gt_blackbox_1.jpg,rectified_patch_gpu\007812_0434_gt_blackbox_1_to_orig.png,rectified_patch_gpu\007812_0434_gt_blackbox_1_absdiff.png,116.37485279224536,140.38554283535356,297.968852420841,308.4537659260443,0.30114978457257296,-0.07566521610745168,-0.0033859488440265307,6448.222518431882,0.2985387350935535,0.028939494296119847,0.06637976146138377,1.6318180719133841,blackbox,,True,12,303.21130917344266,torch_cuda,cuda,OK,
7813,C:\Users\USER\Desktop\project\calibration\moire\datasets\test\0434_gt.jpg,C:\Users\USER\Desktop\project\calibration\moire\datasets\test\augmented_9x\0434_gt_blackbox_2.jpg,rectified_patch_gpu\007813_0434_gt_blackbox_2_to_orig.png,rectified_patch_gpu\007813_0434_gt_blackbox_2_absdiff.png,117.58923273533951,141.56041700989113,297.968852420841,303.9262699031426,0.30114978457257296,-0.07566521610745168,-0.0033859488440265307,6448.222518431882,-3.0335336165216704,3.0335336173492653,-5.065968551069602,3.141592653589793,blackbox,,True,12,300.9475611619918,torch_cuda,cuda,OK,
7814,C:\Users\USER\Desktop\project\calibration\moire\datasets\test\0434_gt.jpg,C:\Users\USER\Desktop\project\calibration\moire\datasets\test\augmented_9x\0434_gt_blackbox_3.jpg,rectified_patch_gpu\007814_0434_gt_blackbox_3_to_orig.png,rectified_patch_gpu\007814_0434_gt_blackbox_3_absdiff.png,116.33294053819445,140.40605305341157,297.968852420841,295.848919402602,0.30114978457257296,-0.07566521610745168,-0.0033859488440265307,6448.222518431882,0.2985387350935535,0.028939494296119847,0.06637976146138377,0.2544962570582142,blackbox,,True,12,296.90888591172154,torch_cuda,cuda,OK,
7815,C:\Users\USER\Desktop\project\calibration\moire\datasets\test\0434_gt.jpg,C:\Users\USER\Desktop\project\calibration\moire\datasets\test\augmented_9x\0434_gt_rotation_1.jpg,rectified_patch_gpu\007815_0434_gt_rotation_1_to_orig.png,rectified_patch_gpu\007815_0434_gt_rotation_1_absdiff.png,137.34565694926698,158.35157291651404,297.968852420841,308.77477423657956,0.30114978457257296,-0.07566521610745168,-0.0033859488440265307,6448.222518431882,-1.1651862153936323,-5.261665930684632,-7.485371262917138,0.858583532574915,rotation,,True,12,303.3718133287103,torch_cuda,cuda,OK,
7816,C:\Users\USER\Desktop\project\calibration\moire\datasets\test\0434_gt.jpg,C:\Users\USER\Desktop\project\calibration\moire\datasets\test\augmented_9x\0434_gt_rotation_2.jpg,rectified_patch_gpu\007816_0434_gt_rotation_2_to_orig.png,rectified_patch_gpu\007816_0434_gt_rotation_2_absdiff.png,114.51600176022376,138.66398407039406,297.968852420841,300.02248806230625,0.30114978457257296,-0.07566521610745168,-0.0033859488440265307,6448.222518431882,-0.18336012096327733,-0.12460368982375017,0.2151923077149264,1.7419859950145138,rotation,,True,12,298.99567024157363,torch_cuda,cuda,OK,
7817,C:\Users\USER\Desktop\project\calibration\moire\datasets\test\0434_gt.jpg,C:\Users\USER\Desktop\project\calibration\moire\datasets\test\augmented_9x\0434_gt_rotation_3.jpg,rectified_patch_gpu\007817_0434_gt_rotation_3_to_orig.png,rectified_patch_gpu\007817_0434_gt_rotation_3_absdiff.png,120.60685643325617,139.84166146450616,297.968852420841,295.63332906097094,0.30114978457257296,-0.07566521610745168,-0.0033859488440265307,6448.222518431882,-0.302249333503433,0.10320417039081307,0.1012227129589708,-0.8254739407469925,rotation,,True,12,296.801090740906,torch_cuda,cuda,OK,
7818,C:\Users\USER\Desktop\project\calibration\moire\datasets\test\0434_gt.jpg,C:\Users\USER\Desktop\project\calibration\moire\datasets\test\augmented_9x\0434_gt_translation_1.jpg,rectified_patch_gpu\007818_0434_gt_translation_1_to_orig.png,rectified_patch_gpu\007818_0434_gt_translation_1_absdiff.png,134.59767204378858,155.69262796564942,297.968852420841,305.7638994090344,0.30114978457257296,-0.07566521610745168,-0.0033859488440265307,6448.222518431882,5.6655461246636225,-0.6887609199434805,-8.004492362626664,2.3465906009799697,translation,,True,12,301.86637591493775,torch_cuda,cuda,OK,
7819,C:\Users\USER\Desktop\project\calibration\moire\datasets\test\0434_gt.jpg,C:\Users\USER\Desktop\project\calibration\moire\datasets\test\augmented_9x\0434_gt_translation_2.jpg,rectified_patch_gpu\007819_0434_gt_translation_2_to_orig.png,rectified_patch_gpu\007819_0434_gt_translation_2_absdiff.png,88.81414592978395,113.98172298730319,309.0020369633114,288.0072267805632,-2.3985383067614445,-4.400653250655573,-6.866372844549414,0.8333007631962482,0.23178146082370407,0.17241703568224717,0.09475820395902018,1.2352883441630778,translation,,True,0,298.5046318719373,torch_cuda,cuda,OK,
7820,C:\Users\USER\Desktop\project\calibration\moire\datasets\test\0434_gt.jpg,C:\Users\USER\Desktop\project\calibration\moire\datasets\test\augmented_9x\0434_gt_translation_3.jpg,rectified_patch_gpu\007820_0434_gt_translation_3_to_orig.png,rectified_patch_gpu\007820_0434_gt_translation_3_absdiff.png,78.77104528356482,106.00654446825587,305.6499170105006,305.73234844875435,-0.7576910424342687,5.564151940234236,-7.858206848849303,2.3450328708640718,-0.20944861230244022,-5.354471824479868,-7.542785587248186,2.370642843461161,translation,,True,11,305.6911327296275,torch_cuda,cuda,OK,
7821,C:\Users\USER\Desktop\project\calibration\moire\datasets\test\0434_moire.jpg,C:\Users\USER\Desktop\project\calibration\moire\datasets\test\augmented_9x\0434_moire_blackbox_1.jpg,rectified_patch_gpu\007821_0434_moire_blackbox_1_to_orig.png,rectified_patch_gpu\007821_0434_moire_blackbox_1_absdiff.png,98.48269085165894,115.92369104676435,310.92349270103017,293.8522240467589,-0.19081367271972766,-0.03198358547841899,0.24042443342405706,1.588398603262015,0.09346831224891576,-0.15531599617154346,0.2520572899347196,3.1200565299600784,blackbox,,True,10,302.3878583738946,torch_cuda,cuda,OK,
7822,C:\Users\USER\Desktop\project\calibration\moire\datasets\test\0434_moire.jpg,C:\Users\USER\Desktop\project\calibration\moire\datasets\test\augmented_9x\0434_moire_blackbox_2.jpg,rectified_patch_gpu\007822_0434_moire_blackbox_2_to_orig.png,rectified_patch_gpu\007822_0434_moire_blackbox_2_absdiff.png,108.45034577546296,126.6222074001118,310.92349270103017,293.8522240467589,-0.19081367271972766,-0.03198358547841899,0.24042443342405706,1.588398603262015,0.09346831224891576,-0.15531599617154346,0.2520572899347196,3.1200565299600784,blackbox,,True,10,302.3878583738946,torch_cuda,cuda,OK,
7823,C:\Users\USER\Desktop\project\calibration\moire\datasets\test\0434_moire.jpg,C:\Users\USER\Desktop\project\calibration\moire\datasets\test\augmented_9x\0434_moire_blackbox_3.jpg,rectified_patch_gpu\007823_0434_moire_blackbox_3_to_orig.png,rectified_patch_gpu\007823_0434_moire_blackbox_3_absdiff.png,92.15519483024691,110.3860503522296,310.92349270103017,293.8522240467589,-0.19081367271972766,-0.03198358547841899,0.24042443342405706,1.588398603262015,0.09346831224891576,-0.15531599617154346,0.2520572899347196,3.1200565299600784,blackbox,,True,10,302.3878583738946,torch_cuda,cuda,OK,
7824,C:\Users\USER\Desktop\project\calibration\moire\datasets\test\0434_moire.jpg,C:\Users\USER\Desktop\project\calibration\moire\datasets\test\augmented_9x\0434_moire_rotation_1.jpg,rectified_patch_gpu\007824_0434_moire_rotation_1_to_orig.png,rectified_patch_gpu\007824_0434_moire_rotation_1_absdiff.png,113.42081621334877,133.7337300502169,308.8898225790962,291.4979153650506,-4.911688040157698,-0.541496625810528,-6.7141546675366355,-0.7418227053542997,-0.1350602884932189,-0.7979350416580313,0.0024002707271770785,1.1027134231327325,rotation,,True,21,300.19386897207335,torch_cuda,cuda,OK,
7825,C:\Users\USER\Desktop\project\calibration\moire\datasets\test\0434_moire.jpg,C:\Users\USER\Desktop\project\calibration\moire\datasets\test\augmented_9x\0434_moire_rotation_2.jpg,rectified_patch_gpu\007825_0434_moire_rotation_2_to_orig.png,rectified_patch_gpu\007825_0434_moire_rotation_2_absdiff.png,103.01424274209106,122.87862721526028,305.4399444045277,302.43383061376926,5.195449888422267,-2.588003709155508,-8.169915770763515,2.565387743998041,-2.510782729229996,0.28581945386676333,-2.3404675097011816,-3.112531436136165,rotation,,True,3,303.9368875091485,torch_cuda,cuda,OK,
7826,C:\Users\USER\Desktop\project\calibration\moire\datasets\test\0434_moire.jpg,C:\Users\USER\Desktop\project\calibration\moire\datasets\test\augmented_9x\0434_moire_rotation_3.jpg,rectified_patch_gpu\007826_0434_moire_rotation_3_to_orig.png,rectified_patch_gpu\007826_0434_moire_rotation_3_absdiff.png,92.37327558352624,113.6079497876055,305.9516449354914,305.0583201523972,1.002530355223409,-6.0101253658190785,-8.392268612384282,2.346242205673431,4.587745117186441,-2.4966220131858234,-7.161903293628842,-2.910934636595182,rotation,,True,6,305.50498254394427,torch_cuda,cuda,OK,
7827,C:\Users\USER\Desktop\project\calibration\moire\datasets\test\0434_moire.jpg,C:\Users\USER\Desktop\project\calibration\moire\datasets\test\augmented_9x\0434_moire_translation_1.jpg,rectified_patch_gpu\007827_0434_moire_translation_1_to_orig.png,rectified_patch_gpu\007827_0434_moire_translation_1_absdiff.png,117.78953751929012,137.25330758649028,309.206478374363,299.91596170174086,4.195829768931256,-0.7997702432038035,-5.586364802549918,0.6562220619359243,0.08167926179509846,0.08529581846797472,0.2904669982184543,2.2974585679930604,translation,,True,23,304.56122003805194,torch_cuda,cuda,OK,
7828,C:\Users\USER\Desktop\project\calibration\moire\datasets\test\0434_moire.jpg,C:\Users\USER\Desktop\project\calibration\moire\datasets\test\augmented_9x\0434_moire_translation_2.jpg,rectified_patch_gpu\007828_0434_moire_translation_2_to_orig.png,rectified_patch_gpu\007828_0434_moire_translation_2_absdiff.png,117.79094340760031,137.22634101768526,305.4399444045277,284.59084187763915,5.195449888422267,-2.588003709155508,-8.169915770763515,2.565387743998041,-0.0002896458719291678,-0.24447281735465135,0.21268250880273845,-2.9786636508691515,translation,,True,3,295.01539314108345,torch_cuda,cuda,OK,
7829,C:\Users\USER\Desktop\project\calibration\moire\datasets\test\0434_moire.jpg,C:\Users\USER\Desktop\project\calibration\moire\datasets\test\augmented_9x\0434_moire_translation_3.jpg,rectified_patch_gpu\007829_0434_moire_translation_3_to_orig.png,rectified_patch_gpu\007829_0434_moire_translation_3_absdiff.png,74.86677300347222,94.4151280275728,310.92349270103017,277.2582197001118,-0.19081367271972766,-0.03198358547841899,0.24042443342405706,1.588398603262015,-0.0692552930936998,-0.30689816457259234,0.03688969238232,560.50636142733,translation,,True,10,294.090856200571,torch_cuda,cuda,OK,
7830,C:\Users\USER\Desktop\project\calibration\moire\datasets\test\0435_gt.jpg,C:\Users\USER\Desktop\project\calibration\moire\datasets\test\augmented_9x\0435_gt_blackbox_1.jpg,rectified_patch_gpu\007830_0435_gt_blackbox_1_to_orig.png,rectified_patch_gpu\007830_0435_gt_blackbox_1_absdiff.png,53.22132330246914,65.59766774107948,306.320678372221,298.8575305114427,0.8883448044659732,-5.631153701352954,-8.070624399512944,-2.0732156112751325,-0.6868623245947737,1.8571044195043334,-1.225868523243226,3.106072802396814,blackbox,,True,1,302.58910444183186,torch_cuda,cuda,OK,
7831,C:\Users\USER\Desktop\project\calibration\moire\datasets\test\0435_gt.jpg,C:\Users\USER\Desktop\project\calibration\moire\datasets\test\augmented_9x\0435_gt_blackbox_2.jpg,rectified_patch_gpu\007831_0435_gt_blackbox_2_to_orig.png,rectified_patch_gpu\007831_0435_gt_blackbox_2_absdiff.png,54.12281201774692,65.57789843878624,305.678233711806,305.0772280137941,3.792245993964044,-4.240838950624915,-7.9792458004697995,2.271307434625959,4.611510595919718,-2.077128341394475,-6.9836848993818625,-2.9852790107097342,blackbox,,True,5,305.37773086280004,torch_cuda,cuda,OK,
7832,C:\Users\USER\Desktop\project\calibration\moire\datasets\test\0435_gt.jpg,C:\Users\USER\Desktop\project\calibration\moire\datasets\test\augmented_9x\0435_gt_blackbox_3.jpg,rectified_patch_gpu\007832_0435_gt_blackbox_3_to_orig.png,rectified_patch_gpu\007832_0435_gt_blackbox_3_absdiff.png,48.69652066454476,56.53096668186653,299.64163735746325,305.48946625635955,-0.10630246895367097,-0.12056035258013983,0.30998451943447547,-2.7114554915210376,1.1202952350226902,-5.459639962156807,-7.7964502848267045,-2.5530332461255614,blackbox,,True,6,302.5655518069114,torch_cuda,cuda,OK,
7833,C:\Users\USER\Desktop\project\calibration\moire\datasets\test\0435_gt.jpg,C:\Users\USER\Desktop\project\calibration\moire\datasets\test\augmented_9x\0435_gt_rotation_1.jpg,rectified_patch_gpu\007833_0435_gt_rotation_1_to_orig.png,rectified_patch_gpu\007833_0435_gt_rotation_1_absdiff.png,54.73906756365741,66.66248221821498,299.64163735746325,295.3415326540847,-0.10630246895367097,-0.12056035258013983,0.30998451943447547,-2.7114554915210376,0.1775850217331752,0.15090973966438928,0.21999350708229634,20.962924227201054,rotation,,True,6,297.49158500577397,torch_cuda,cuda,OK,
7834,C:\Users\USER\Desktop\project\calibration\moire\datasets\test\0435_gt.jpg,C:\Users\USER\Desktop\project\calibration\moire\datasets\test\augmented_9x\0435_gt_rotation_2.jpg,rectified_patch_gpu\007834_0435_gt_rotation_2_to_orig.png,rectified_patch_gpu\007834_0435_gt_rotation_2_absdiff.png,46.96221076871142,54.81499544399923,299.64163735746325,308.75681168248695,-0.10630246895367097,-0.12056035258013983,0.30998451943447547,-2.7114554915210376,5.457710501801169,0.267347922198202,-7.475457602844174,0.8366252409967496,rotation,,True,6,304.19922451997513,torch_cuda,cuda,OK,
7835,C:\Users\USER\Desktop\project\calibration\moire\datasets\test\0435_gt.jpg,C:\Users\USER\Desktop\project\calibration\moire\datasets\test\augmented_9x\0435_gt_rotation_3.jpg,rectified_patch_gpu\007835_0435_gt_rotation_3_to_orig.png,rectified_patch_gpu\007835_0435_gt_rotation_3_absdiff.png,59.558153332368825,72.5359385677029,305.38149691275015,277.356522051524,4.701355347627574,-3.9821977791778114,-8.752252540982582,2.88139152210376,0.07736995767521342,0.28910986344801587,0.12106611118238439,2.681700347262927,rotation,,True,3,291.3690094821371,torch_cuda,cuda,OK,
7836,C:\Users\USER\Desktop\project\calibration\moire\datasets\test\0435_gt.jpg,C:\Users\USER\Desktop\project\calibration\moire\datasets\test\augmented_9x\0435_gt_translation_1.jpg,rectified_patch_gpu\007836_0435_gt_translation_1_to_orig.png,rectified_patch_gpu\007836_0435_gt_translation_1_absdiff.png,58.84156780478395,71.61037036934525,306.4275946885329,301.3425799886282,-5.986862364674478,-1.8444258606508148,-8.898569408744843,-1.938918672743695,-0.0002807012682707958,-0.08199009223841333,0.3031625780770412,2.317277482598438,translation,,True,19,303.88508733858055,torch_cuda,cuda,OK,
7837,C:\Users\USER\Desktop\project\calibration\moire\datasets\test\0435_gt.jpg,C:\Users\USER\Desktop\project\calibration\moire\datasets\test\augmented_9x\0435_gt_translation_2.jpg,rectified_patch_gpu\007837_0435_gt_translation_2_to_orig.png,rectified_patch_gpu\007837_0435_gt_translation_2_absdiff.png,58.84222897376543,71.61233185012982,306.97428269265424,299.48175827419857,0.014983855737003254,-6.854812050984808,-9.641072345440396,-1.7038056729115942,0.08502970164527872,-0.003334543423223798,0.33749891981067776,2.6160576784565386,translation,,True,23,303.2280204834264,torch_cuda,cuda,OK,
7838,C:\Users\USER\Desktop\project\calibration\moire\datasets\test\0435_gt.jpg,C:\Users\USER\Desktop\project\calibration\moire\datasets\test\augmented_9x\0435_gt_translation_3.jpg,rectified_patch_gpu\007838_0435_gt_translation_3_to_orig.png,rectified_patch_gpu\007838_0435_gt_translation_3_absdiff.png,59.488107156635806,72.67168074392522,306.29887233244676,285.1478822842691,-0.1268618991890259,-5.681480973241859,-7.971924938560441,-2.0097261131254704,0.318461662742973,-0.37512209618450887,0.03417918553615995,17.7561663625372,translation,,True,11,295.72337730835795,torch_cuda,cuda,OK,
7839,C:\Users\USER\Desktop\project\calibration\moire\datasets\test\0435_moire.jpg,C:\Users\USER\Desktop\project\calibration\moire\datasets\test\augmented_9x\0435_moire_blackbox_1.jpg,rectified_patch_gpu\007839_0435_moire_blackbox_1_to_orig.png,rectified_patch_gpu\007839_0435_moire_blackbox_1_absdiff.png,80.3014567660108,94.95894703088442,301.8872661328525,308.1478074161939,-2.3858403328815068,-0.05209937972005829,-2.0276364280162062,355.19680556733664,-1.8389234927517455,-5.221896757237256,-7.675690645727288,-1.0544006045913235,blackbox,,True,24,305.01753677452325,torch_cuda,cuda,OK,
7840,C:\Users\USER\Desktop\project\calibration\moire\datasets\test\0435_moire.jpg,C:\Users\USER\Desktop\project\calibration\moire\datasets\test\augmented_9x\0435_moire_blackbox_2.jpg,rectified_patch_gpu\007840_0435_moire_blackbox_2_to_orig.png,rectified_patch_gpu\007840_0435_moire_blackbox_2_absdiff.png,87.91667498553241,102.41834263291243,305.5493708706795,303.9262699031426,-4.695253593285463,2.986261864124074,-7.605818632732763,-2.4894105940519076,-3.0335336165216704,3.0335336173492653,-5.065968551069602,3.141592653589793,blackbox,,True,12,304.73782038691104,torch_cuda,cuda,OK,
7841,C:\Users\USER\Desktop\project\calibration\moire\datasets\test\0435_moire.jpg,C:\Users\USER\Desktop\project\calibration\moire\datasets\test\augmented_9x\0435_moire_blackbox_3.jpg,rectified_patch_gpu\007841_0435_moire_blackbox_3_to_orig.png,rectified_patch_gpu\007841_0435_moire_blackbox_3_absdiff.png,75.05288532021605,90.29800523126822,301.8872661328525,303.9262699031426,-2.3858403328815068,-0.05209937972005829,-2.0276364280162062,355.19680556733664,-3.0335336165216704,3.0335336173492653,-5.065968551069602,3.141592653589793,blackbox,,True,24,302.9067680179976,torch_cuda,cuda,OK,
7842,C:\Users\USER\Desktop\project\calibration\moire\datasets\test\0435_moire.jpg,C:\Users\USER\Desktop\project\calibration\moire\datasets\test\augmented_9x\0435_moire_rotation_1.jpg,rectified_patch_gpu\007842_0435_moire_rotation_1_to_orig.png,rectified_patch_gpu\007842_0435_moire_rotation_1_absdiff.png,77.62900137442129,91.7759342426967,301.8872661328525,307.1620926630554,-2.3858403328815068,-0.05209937972005829,-2.0276364280162062,355.19680556733664,-4.500015229136103,4.430180655509437,-8.900579216313801,-1.7269268179345258,rotation,,True,24,304.52467939795395,torch_cuda,cuda,OK,
7843,C:\Users\USER\Desktop\project\calibration\moire\datasets\test\0435_moire.jpg,C:\Users\USER\Desktop\project\calibration\moire\datasets\test\augmented_9x\0435_moire_rotation_2.jpg,rectified_patch_gpu\007843_0435_moire_rotation_2_to_orig.png,rectified_patch_gpu\007843_0435_moire_rotation_2_absdiff.png,71.05695915316358,84.92565549398,301.8872661328525,309.0236438599157,-2.3858403328815068,-0.05209937972005829,-2.0276364280162062,355.19680556733664,-6.303961124057297,0.724940740125184,-9.010310901990188,-0.24382275983614884,rotation,,True,24,305.4554549963841,torch_cuda,cuda,OK,
7844,C:\Users\USER\Desktop\project\calibration\moire\datasets\test\0435_moire.jpg,C:\Users\USER\Desktop\project\calibration\moire\datasets\test\augmented_9x\0435_moire_rotation_3.jpg,rectified_patch_gpu\007844_0435_moire_rotation_3_to_orig.png,rectified_patch_gpu\007844_0435_moire_rotation_3_absdiff.png,78.6222622492284,92.38919916472587,301.8872661328525,303.9262699031426,-2.3858403328815068,-0.05209937972005829,-2.0276364280162062,355.19680556733664,-3.0335336165216704,3.0335336173492653,-5.065968551069602,3.141592653589793,rotation,,True,24,302.9067680179976,torch_cuda,cuda,OK,
7845,C:\Users\USER\Desktop\project\calibration\moire\datasets\test\0435_moire.jpg,C:\Users\USER\Desktop\project\calibration\moire\datasets\test\augmented_9x\0435_moire_translation_1.jpg,rectified_patch_gpu\007845_0435_moire_translation_1_to_orig.png,rectified_patch_gpu\007845_0435_moire_translation_1_absdiff.png,84.51973138503087,100.54431959243232,301.8872661328525,305.4011123111598,-2.3858403328815068,-0.05209937972005829,-2.0276364280162062,355.19680556733664,5.016901931904352,0.0015405166284130777,-6.864021333756555,-2.4939372932099046,translation,,True,24,303.64418922200616,torch_cuda,cuda,OK,
7846,C:\Users\USER\Desktop\project\calibration\moire\datasets\test\0435_moire.jpg,C:\Users\USER\Desktop\project\calibration\moire\datasets\test\augmented_9x\0435_moire_translation_2.jpg,rectified_patch_gpu\007846_0435_moire_translation_2_to_orig.png,rectified_patch_gpu\007846_0435_moire_translation_2_absdiff.png,100.16270182291667,115.5613711445993,305.46696310809654,301.4130485177225,5.972659302953131,-1.5416975993874038,-8.762162453664939,-2.8503412357563307,-0.0030255027191384777,0.08693518382632015,0.33489422880270137,-2.3126747740666325,translation,,True,21,303.4400058129095,torch_cuda,cuda,OK,
7847,C:\Users\USER\Desktop\project\calibration\moire\datasets\test\0435_moire.jpg,C:\Users\USER\Desktop\project\calibration\moire\datasets\test\augmented_9x\0435_moire_translation_3.jpg,rectified_patch_gpu\007847_0435_moire_translation_3_to_orig.png,rectified_patch_gpu\007847_0435_moire_translation_3_absdiff.png,100.15555869020062,115.55834456248827,307.2524536040492,295.18288410284254,-3.09264335638304,-5.334713189980013,-8.721396408537347,1.6683908906393297,-0.0002984622902055004,-0.06346549957519462,0.32784064869149465,-3.0616358426376244,translation,,True,20,301.21766885344584,torch_cuda,cuda,OK,
7848,C:\Users\USER\Desktop\project\calibration\moire\datasets\test\0436_gt.jpg,C:\Users\USER\Desktop\project\calibration\moire\datasets\test\augmented_9x\0436_gt_blackbox_1.jpg,rectified_patch_gpu\007848_0436_gt_blackbox_1_to_orig.png,rectified_patch_gpu\007848_0436_gt_blackbox_1_absdiff.png,107.18094171971451,127.34464945291303,299.6475429913993,295.8767792444182,-1.2873298510552362,-1.1130602830353884,-1.0645375783408193,-3.1040165549921643,-0.38430285239909395,-0.053333169882426965,0.050473767344608234,-0.17412832155922559,blackbox,,True,7,297.7621611179087,torch_cuda,cuda,OK,
7849,C:\Users\USER\Desktop\project\calibration\moire\datasets\test\0436_gt.jpg,C:\Users\USER\Desktop\project\calibration\moire\datasets\test\augmented_9x\0436_gt_blackbox_2.jpg,rectified_patch_gpu\007849_0436_gt_blackbox_2_to_orig.png,rectified_patch_gpu\007849_0436_gt_blackbox_2_absdiff.png,136.49345498167438,151.19691858547407,300.93004179533233,303.9262699031426,-1.4424422446554317,-0.0076149837219837155,-0.18787403522436952,-3.0121628949968597,-3.0335336165216704,3.0335336173492653,-5.065968551069602,3.141592653589793,blackbox,,True,12,302.42815584923744,torch_cuda,cuda,OK,
7850,C:\Users\USER\Desktop\project\calibration\moire\datasets\test\0436_gt.jpg,C:\Users\USER\Desktop\project\calibration\moire\datasets\test\augmented_9x\0436_gt_blackbox_3.jpg,rectified_patch_gpu\007850_0436_gt_blackbox_3_to_orig.png,rectified_patch_gpu\007850_0436_gt_blackbox_3_absdiff.png,102.33514769000772,122.46235083027247,299.6475429913993,294.7382244038055,-1.2873298510552362,-1.1130602830353884,-1.0645375783408193,-3.1040165549921643,-0.494083701064442,-0.067039728956667,0.033511610387782775,0.2175110873395935,blackbox,,True,7,297.1928836976024,torch_cuda,cuda,OK,
7851,C:\Users\USER\Desktop\project\calibration\moire\datasets\test\0436_gt.jpg,C:\Users\USER\Desktop\project\calibration\moire\datasets\test\augmented_9x\0436_gt_rotation_1.jpg,rectified_patch_gpu\007851_0436_gt_rotation_1_to_orig.png,rectified_patch_gpu\007851_0436_gt_rotation_1_absdiff.png,128.36147219810957,144.92438949850128,309.7963536670905,284.226548418347,-3.283109821901038,3.0507382729782417,-5.915292491041686,0.04366023807810335,0.12058720475537757,0.32249976369964534,0.05577317233285407,1.0008976617504262,rotation,,True,11,297.01145104271876,torch_cuda,cuda,OK,
7852,C:\Users\USER\Desktop\project\calibration\moire\datasets\test\0436_gt.jpg,C:\Users\USER\Desktop\project\calibration\moire\datasets\test\augmented_9x\0436_gt_rotation_2.jpg,rectified_patch_gpu\007852_0436_gt_rotation_2_to_orig.png,rectified_patch_gpu\007852_0436_gt_rotation_2_absdiff.png,82.67510380497686,98.75387321906307,300.93004179533233,305.9525301700086,-1.4424422446554317,-0.0076149837219837155,-0.18787403522436952,-3.0121628949968597,4.708745343492858,0.7758843645725216,-6.411619368078001,-2.0760268204285093,rotation,,True,12,303.4412859826705,torch_cuda,cuda,OK,
7853,C:\Users\USER\Desktop\project\calibration\moire\datasets\test\0436_gt.jpg,C:\Users\USER\Desktop\project\calibration\moire\datasets\test\augmented_9x\0436_gt_rotation_3.jpg,rectified_patch_gpu\007853_0436_gt_rotation_3_to_orig.png,rectified_patch_gpu\007853_0436_gt_rotation_3_absdiff.png,100.93090772087191,123.78443591744589,305.63946528376596,303.9262699031426,1.9186565544732588,-6.56019660615528,-9.619032701499602,2.551146077678514,-3.0335336165216704,3.0335336173492653,-5.065968551069602,3.141592653589793,rotation,,True,24,304.7828675934543,torch_cuda,cuda,OK,
7854,C:\Users\USER\Desktop\project\calibration\moire\datasets\test\0436_gt.jpg,C:\Users\USER\Desktop\project\calibration\moire\datasets\test\augmented_9x\0436_gt_translation_1.jpg,rectified_patch_gpu\007854_0436_gt_translation_1_to_orig.png,rectified_patch_gpu\007854_0436_gt_translation_1_absdiff.png,103.54754171489198,122.70220263779409,299.6475429913993,305.35417360970223,-1.2873298510552362,-1.1130602830353884,-1.0645375783408193,-3.1040165549921643,0.5586652335521951,0.03839832286716613,0.029690602972033964,1.4517373952448351,translation,,True,7,302.50085830055076,torch_cuda,cuda,OK,
7855,C:\Users\USER\Desktop\project\calibration\moire\datasets\test\0436_gt.jpg,C:\Users\USER\Desktop\project\calibration\moire\datasets\test\augmented_9x\0436_gt_translation_2.jpg,rectified_patch_gpu\007855_0436_gt_translation_2_to_orig.png,rectified_patch_gpu\007855_0436_gt_translation_2_absdiff.png,117.40881739486883,134.76849609394694,305.215892077576,297.14316993137805,1.9248625046488042,-5.392173818149924,-8.046750080356999,2.7488852380394624,-0.11361955569890765,-0.33611904814249977,0.03604872439079842,15.477248731005256,translation,,True,23,301.179531004477,torch_cuda,cuda,OK,
7856,C:\Users\USER\Desktop\project\calibration\moire\datasets\test\0436_gt.jpg,C:\Users\USER\Desktop\project\calibration\moire\datasets\test\augmented_9x\0436_gt_translation_3.jpg,rectified_patch_gpu\007856_0436_gt_translation_3_to_orig.png,rectified_patch_gpu\007856_0436_gt_translation_3_absdiff.png,140.45980577256944,154.57395242192973,300.93004179533233,309.39769813387596,-1.4424422446554317,-0.0076149837219837155,-0.18787403522436952,-3.0121628949968597,-0.2662364505028954,-0.026850873371039235,0.14779854466330675,1.6943271452615818,translation,,True,12,305.16386996460415,torch_cuda,cuda,OK,
7857,C:\Users\USER\Desktop\project\calibration\moire\datasets\test\0436_moire.jpg,C:\Users\USER\Desktop\project\calibration\moire\datasets\test\augmented_9x\0436_moire_blackbox_1.jpg,rectified_patch_gpu\007857_0436_moire_blackbox_1_to_orig.png,rectified_patch_gpu\007857_0436_moire_blackbox_1_absdiff.png,138.14564429012347,155.11379507711527,306.0726741361011,293.2514274797132,-5.566881333428709,1.5663138599692643,-8.088015067123179,-2.22662280544326,-0.08206726274224854,0.1695231282028168,0.26008195578886484,3.0502585519404004,blackbox,,True,10,299.6620508079071,torch_cuda,cuda,OK,
7858,C:\Users\USER\Desktop\project\calibration\moire\datasets\test\0436_moire.jpg,C:\Users\USER\Desktop\project\calibration\moire\datasets\test\augmented_9x\0436_moire_blackbox_2.jpg,rectified_patch_gpu\007858_0436_moire_blackbox_2_to_orig.png,rectified_patch_gpu\007858_0436_moire_blackbox_2_absdiff.png,138.19025402681328,155.15200336437607,305.216398964722,283.1125933631526,0.5363384561878439,-5.9002848188748835,-8.393998229484978,-135.00297147039853,0.14227459651304816,0.35558809076612674,-0.8701330597146701,298.5151350935603,blackbox,,True,8,294.1644961639373,torch_cuda,cuda,OK,
7859,C:\Users\USER\Desktop\project\calibration\moire\datasets\test\0436_moire.jpg,C:\Users\USER\Desktop\project\calibration\moire\datasets\test\augmented_9x\0436_moire_blackbox_3.jpg,rectified_patch_gpu\007859_0436_moire_blackbox_3_to_orig.png,rectified_patch_gpu\007859_0436_moire_blackbox_3_absdiff.png,72.23865089699073,85.88602522216625,296.39924555968935,308.78877169066715,-0.05864300203516075,0.36127844663619874,0.01804114022007028,430.5588641085181,5.0980785317759025,1.0020529702384564,-7.1530813709298755,-258.3413543713576,blackbox,,True,14,302.5940086251783,torch_cuda,cuda,OK,
7860,C:\Users\USER\Desktop\project\calibration\moire\datasets\test\0436_moire.jpg,C:\Users\USER\Desktop\project\calibration\moire\datasets\test\augmented_9x\0436_moire_rotation_1.jpg,rectified_patch_gpu\007860_0436_moire_rotation_1_to_orig.png,rectified_patch_gpu\007860_0436_moire_rotation_1_absdiff.png,101.47752772955246,118.71200536380532,296.39924555968935,306.0307823393673,-0.05864300203516075,0.36127844663619874,0.01804114022007028,430.5588641085181,-2.995801674709643,-5.430241903063724,-8.796095049299984,2.3298919647607472,rotation,,True,14,301.2150139495283,torch_cuda,cuda,OK,
7861,C:\Users\USER\Desktop\project\calibration\moire\datasets\test\0436_moire.jpg,C:\Users\USER\Desktop\project\calibration\moire\datasets\test\augmented_9x\0436_moire_rotation_2.jpg,rectified_patch_gpu\007861_0436_moire_rotation_2_to_orig.png,rectified_patch_gpu\007861_0436_moire_rotation_2_absdiff.png,96.70664797935957,114.14037048416372,296.39924555968935,308.9315349823618,-0.05864300203516075,0.36127844663619874,0.01804114022007028,430.5588641085181,1.915342748133238,-3.045502483789154,-4.171632840511277,0.8952423029605331,rotation,,True,14,302.66539027102556,torch_cuda,cuda,OK,
7862,C:\Users\USER\Desktop\project\calibration\moire\datasets\test\0436_moire.jpg,C:\Users\USER\Desktop\project\calibration\moire\datasets\test\augmented_9x\0436_moire_rotation_3.jpg,rectified_patch_gpu\007862_0436_moire_rotation_3_to_orig.png,rectified_patch_gpu\007862_0436_moire_rotation_3_absdiff.png,117.00018156828703,137.28235168162323,306.9006680122154,294.5469578668377,4.408232261382368,2.191277066071708,-6.494437192187178,-1.5839744514632952,-0.00023392313174385555,-0.3073153268979582,0.10578801685600452,2.0710138238769207,rotation,,True,2,300.72381293952657,torch_cuda,cuda,OK,
7863,C:\Users\USER\Desktop\project\calibration\moire\datasets\test\0436_moire.jpg,C:\Users\USER\Desktop\project\calibration\moire\datasets\test\augmented_9x\0436_moire_translation_1.jpg,rectified_patch_gpu\007863_0436_moire_translation_1_to_orig.png,rectified_patch_gpu\007863_0436_moire_translation_1_absdiff.png,91.11923635223765,111.97211326623052,296.39924555968935,306.5635590165843,-0.05864300203516075,0.36127844663619874,0.01804114022007028,430.5588641085181,-0.0016198385153229802,-4.851721254867215,-6.539098063266119,-1.8297389542260905,translation,,True,14,301.4814022881368,torch_cuda,cuda,OK,
7864,C:\Users\USER\Desktop\project\calibration\moire\datasets\test\0436_moire.jpg,C:\Users\USER\Desktop\project\calibration\moire\datasets\test\augmented_9x\0436_moire_translation_2.jpg,rectified_patch_gpu\007864_0436_moire_translation_2_to_orig.png,rectified_patch_gpu\007864_0436_moire_translation_2_absdiff.png,138.111649064429,155.08808451047327,301.7818858136756,288.1004786911637,0.051141110676538655,-0.3216778055916843,1.982422843474828e-07,3.0105997145286416,0.14231125947660614,-0.27789202318393014,-0.017137379489770538,2.9774755441596694,translation,,True,7,294.94118225241965,torch_cuda,cuda,OK,
7865,C:\Users\USER\Desktop\project\calibration\moire\datasets\test\0436_moire.jpg,C:\Users\USER\Desktop\project\calibration\moire\datasets\test\augmented_9x\0436_moire_translation_3.jpg,rectified_patch_gpu\007865_0436_moire_translation_3_to_orig.png,rectified_patch_gpu\007865_0436_moire_translation_3_absdiff.png,114.86214457947531,136.3307688090419,306.3372872580843,276.4161819072726,4.025445979295419,-1.0123681909676603,-5.11748835130316,1.803139029401448,-0.24735698395834974,0.3166203851069789,-0.28926136459245066,2.380788108608127,translation,,True,20,291.3767345826784,torch_cuda,cuda,OK,
7866,C:\Users\USER\Desktop\project\calibration\moire\datasets\test\0437_gt.jpg,C:\Users\USER\Desktop\project\calibration\moire\datasets\test\augmented_9x\0437_gt_blackbox_1.jpg,rectified_patch_gpu\007866_0437_gt_blackbox_1_to_orig.png,rectified_patch_gpu\007866_0437_gt_blackbox_1_absdiff.png,15.672449483989197,51.39644089473912,300.3574529947947,300.3574529947947,-0.21840599374806433,-0.11436122396227263,0.18799398569196218,1.5894717786912558,-0.21840599374806433,-0.11436122396227263,0.18799398569196218,1.5894717786912558,blackbox,,True,9,300.3574529947947,torch_cuda,cuda,OK,
7867,C:\Users\USER\Desktop\project\calibration\moire\datasets\test\0437_gt.jpg,C:\Users\USER\Desktop\project\calibration\moire\datasets\test\augmented_9x\0437_gt_blackbox_2.jpg,rectified_patch_gpu\007867_0437_gt_blackbox_2_to_orig.png,rectified_patch_gpu\007867_0437_gt_blackbox_2_absdiff.png,60.333642819251544,82.69385256592084,304.67959352361294,294.9948994848364,-0.0015938348651902876,-4.580213450322093,-6.183475656310588,3.0380927508721176,-0.12304217512869779,-0.18589303742426677,0.3130858261025826,-3.0597613995491706,blackbox,,True,11,299.8372465042247,torch_cuda,cuda,OK,
7868,C:\Users\USER\Desktop\project\calibration\moire\datasets\test\0437_gt.jpg,C:\Users\USER\Desktop\project\calibration\moire\datasets\test\augmented_9x\0437_gt_blackbox_3.jpg,rectified_patch_gpu\007868_0437_gt_blackbox_3_to_orig.png,rectified_patch_gpu\007868_0437_gt_blackbox_3_absdiff.png,5.691045886381173,13.720105132351774,300.3574529947947,300.3574529947947,-0.21840599374806433,-0.11436122396227263,0.18799398569196218,1.5894717786912558,-0.21840599374806433,-0.11436122396227263,0.18799398569196218,1.5894717786912558,blackbox,,True,9,300.3574529947947,torch_cuda,cuda,OK,
7869,C:\Users\USER\Desktop\project\calibration\moire\datasets\test\0437_gt.jpg,C:\Users\USER\Desktop\project\calibration\moire\datasets\test\augmented_9x\0437_gt_rotation_1.jpg,rectified_patch_gpu\007869_0437_gt_rotation_1_to_orig.png,rectified_patch_gpu\007869_0437_gt_rotation_1_absdiff.png,52.12908890335648,73.59590883949899,303.5339907520947,305.4831687374261,0.8772607548291067,-1.4581732347412835,-0.6007313819901021,1.387858257895983,-1.7743093106036074,-3.1816763243892376,-4.233830678504244,2.25002113616418,rotation,,True,13,304.5085797447604,torch_cuda,cuda,OK,
7870,C:\Users\USER\Desktop\project\calibration\moire\datasets\test\0437_gt.jpg,C:\Users\USER\Desktop\project\calibration\moire\datasets\test\augmented_9x\0437_gt_rotation_2.jpg,rectified_patch_gpu\007870_0437_gt_rotation_2_to_orig.png,rectified_patch_gpu\007870_0437_gt_rotation_2_absdiff.png,58.827861448688274,81.50366667116829,305.99612463876224,292.87881546788435,0.6170813459971137,-3.408344233237726,-3.980001810363741,1.846053283726337,0.4723015586029333,0.28248875055211337,0.02688295154927911,0.5367106007357711,rotation,,True,23,299.4374700533233,torch_cuda,cuda,OK,
7871,C:\Users\USER\Desktop\project\calibration\moire\datasets\test\0437_gt.jpg,C:\Users\USER\Desktop\project\calibration\moire\datasets\test\augmented_9x\0437_gt_rotation_3.jpg,rectified_patch_gpu\007871_0437_gt_rotation_3_to_orig.png,rectified_patch_gpu\007871_0437_gt_rotation_3_absdiff.png,54.38405297550155,80.63259883127482,300.3574529947947,278.78933937408357,-0.21840599374806433,-0.11436122396227263,0.18799398569196218,1.5894717786912558,0.12461060917207802,-0.2818952679064598,0.11646200116749497,-775.2149213100073,rotation,,True,9,289.57339618443916,torch_cuda,cuda,OK,
7872,C:\Users\USER\Desktop\project\calibration\moire\datasets\test\0437_gt.jpg,C:\Users\USER\Desktop\project\calibration\moire\datasets\test\augmented_9x\0437_gt_translation_1.jpg,rectified_patch_gpu\007872_0437_gt_translation_1_to_orig.png,rectified_patch_gpu\007872_0437_gt_translation_1_absdiff.png,64.50038881655092,88.90010134835767,305.8508111656775,275.79689732138377,0.24273170586757106,-4.511493929180984,-5.95037428421096,2.0765326339692787,0.010179358687910959,0.29088827302613074,0.10787230516819862,-2.9805020444588113,translation,,True,15,290.8238542435306,torch_cuda,cuda,OK,
7873,C:\Users\USER\Desktop\project\calibration\moire\datasets\test\0437_gt.jpg,C:\Users\USER\Desktop\project\calibration\moire\datasets\test\augmented_9x\0437_gt_translation_2.jpg,rectified_patch_gpu\007873_0437_gt_translation_2_to_orig.png,rectified_patch_gpu\007873_0437_gt_translation_2_absdiff.png,38.9458920476466,64.8462395913197,301.127184647794,293.7612321965651,0.007618449240102101,-0.09090953074491079,0.29844450774823095,2.333740620783042,0.0063069272327698645,0.2258025753821304,0.24264364058224414,2.3828594288507903,translation,,True,1,297.4442084221796,torch_cuda,cuda,OK,
7874,C:\Users\USER\Desktop\project\calibration\moire\datasets\test\0437_gt.jpg,C:\Users\USER\Desktop\project\calibration\moire\datasets\test\augmented_9x\0437_gt_translation_3.jpg,rectified_patch_gpu\007874_0437_gt_translation_3_to_orig.png,rectified_patch_gpu\007874_0437_gt_translation_3_absdiff.png,60.28444637345679,82.6409757848074,305.8508111656775,297.23067337841997,0.24273170586757106,-4.511493929180984,-5.95037428421096,2.0765326339692787,-0.08880635986883288,0.014361163802505182,0.30114278689408147,-3.096382823701247,translation,,True,15,301.54074227204876,torch_cuda,cuda,OK,
7875,C:\Users\USER\Desktop\project\calibration\moire\datasets\test\0437_moire.jpg,C:\Users\USER\Desktop\project\calibration\moire\datasets\test\augmented_9x\0437_moire_blackbox_1.jpg,rectified_patch_gpu\007875_0437_moire_blackbox_1_to_orig.png,rectified_patch_gpu\007875_0437_moire_blackbox_1_absdiff.png,52.829346908757714,63.27011852732388,274.93220215835237,312.39714812910097,-0.3034972508482223,0.13336063219311847,-0.5049242853696577,-3.061499852609179,0.5175969664013339,-2.5131709544328418,-2.290963945278529,0.3011273470817499,blackbox,,True,16,293.66467514372664,torch_cuda,cuda,OK,
7876,C:\Users\USER\Desktop\project\calibration\moire\datasets\test\0437_moire.jpg,C:\Users\USER\Desktop\project\calibration\moire\datasets\test\augmented_9x\0437_moire_blackbox_2.jpg,rectified_patch_gpu\007876_0437_moire_blackbox_2_to_orig.png,rectified_patch_gpu\007876_0437_moire_blackbox_2_absdiff.png,110.4944743441358,121.10803467319396,274.93220215835237,305.6923048526031,-0.3034972508482223,0.13336063219311847,-0.5049242853696577,-3.061499852609179,-0.001102325316760024,-6.209843862872242,-8.791174140973823,-2.42414622972161,blackbox,,True,16,290.31225350547777,torch_cuda,cuda,OK,
7877,C:\Users\USER\Desktop\project\calibration\moire\datasets\test\0437_moire.jpg,C:\Users\USER\Desktop\project\calibration\moire\datasets\test\augmented_9x\0437_moire_blackbox_3.jpg,rectified_patch_gpu\007877_0437_moire_blackbox_3_to_orig.png,rectified_patch_gpu\007877_0437_moire_blackbox_3_absdiff.png,52.829346908757714,63.27011852732388,274.93220215835237,312.39714812910097,-0.3034972508482223,0.13336063219311847,-0.5049242853696577,-3.061499852609179,0.5175969664013339,-2.5131709544328418,-2.290963945278529,0.3011273470817499,blackbox,,True,16,293.66467514372664,torch_cuda,cuda,OK,
7878,C:\Users\USER\Desktop\project\calibration\moire\datasets\test\0437_moire.jpg,C:\Users\USER\Desktop\project\calibration\moire\datasets\test\augmented_9x\0437_moire_rotation_1.jpg,rectified_patch_gpu\007878_0437_moire_rotation_1_to_orig.png,rectified_patch_gpu\007878_0437_moire_rotation_1_absdiff.png,51.33863739390432,63.15933643214899,274.93220215835237,305.0574304960012,-0.3034972508482223,0.13336063219311847,-0.5049242853696577,-3.061499852609179,2.015440797480926,-4.964428383285326,-7.4393404897238895,-2.9712927693728566,rotation,,True,16,289.99481632717675,torch_cuda,cuda,OK,
7879,C:\Users\USER\Desktop\project\calibration\moire\datasets\test\0437_moire.jpg,C:\Users\USER\Desktop\project\calibration\moire\datasets\test\augmented_9x\0437_moire_rotation_2.jpg,rectified_patch_gpu\007879_0437_moire_rotation_2_to_orig.png,rectified_patch_gpu\007879_0437_moire_rotation_2_absdiff.png,52.08125687210648,65.9087273440247,274.93220215835237,308.63238296629424,-0.3034972508482223,0.13336063219311847,-0.5049242853696577,-3.061499852609179,4.86433814085785,3.7783327087322327,-8.735412193550097,0.8605487215425128,rotation,,True,16,291.7822925623233,torch_cuda,cuda,OK,
7880,C:\Users\USER\Desktop\project\calibration\moire\datasets\test\0437_moire.jpg,C:\Users\USER\Desktop\project\calibration\moire\datasets\test\augmented_9x\0437_moire_rotation_3.jpg,rectified_patch_gpu\007880_0437_moire_rotation_3_to_orig.png,rectified_patch_gpu\007880_0437_moire_rotation_3_absdiff.png,50.99227382330247,66.33202699864114,274.93220215835237,306.16443088642876,-0.3034972508482223,0.13336063219311847,-0.5049242853696577,-3.061499852609179,3.9421408263425928,-3.1240167774973226,-6.923949466565916,1.9237457435531842,rotation,,True,16,290.54831652239056,torch_cuda,cuda,OK,
7881,C:\Users\USER\Desktop\project\calibration\moire\datasets\test\0437_moire.jpg,C:\Users\USER\Desktop\project\calibration\moire\datasets\test\augmented_9x\0437_moire_translation_1.jpg,rectified_patch_gpu\007881_0437_moire_translation_1_to_orig.png,rectified_patch_gpu\007881_0437_moire_translation_1_absdiff.png,96.73120081018519,112.85708770978842,274.93220215835237,302.91415501825105,-0.3034972508482223,0.13336063219311847,-0.5049242853696577,-3.061499852609179,0.07082207934943668,0.0002805822877139713,0.30582843690654427,2.3092282013133523,translation,,True,16,288.9231785883017,torch_cuda,cuda,OK,
7882,C:\Users\USER\Desktop\project\calibration\moire\datasets\test\0437_moire.jpg,C:\Users\USER\Desktop\project\calibration\moire\datasets\test\augmented_9x\0437_moire_translation_2.jpg,rectified_patch_gpu\007882_0437_moire_translation_2_to_orig.png,rectified_patch_gpu\007882_0437_moire_translation_2_absdiff.png,53.719591893325614,65.44924434023478,274.93220215835237,306.69004329998353,-0.3034972508482223,0.13336063219311847,-0.5049242853696577,-3.061499852609179,-5.0531068319049846,-2.990416291378713,-8.23061364024157,-60.89018626371193,translation,,True,16,290.81112272916795,torch_cuda,cuda,OK,
7883,C:\Users\USER\Desktop\project\calibration\moire\datasets\test\0437_moire.jpg,C:\Users\USER\Desktop\project\calibration\moire\datasets\test\augmented_9x\0437_moire_translation_3.jpg,rectified_patch_gpu\007883_0437_moire_translation_3_to_orig.png,rectified_patch_gpu\007883_0437_moire_translation_3_absdiff.png,58.14925033757716,71.58589522360727,274.93220215835237,307.6744558601878,-0.3034972508482223,0.13336063219311847,-0.5049242853696577,-3.061499852609179,5.687828162428443,0.9886197561549992,-8.027442036233465,-1.3090854272755321,translation,,True,16,291.3033290092701,torch_cuda,cuda,OK,
7884,C:\Users\USER\Desktop\project\calibration\moire\datasets\test\0438_gt.jpg,C:\Users\USER\Desktop\project\calibration\moire\datasets\test\augmented_9x\0438_gt_blackbox_1.jpg,rectified_patch_gpu\007884_0438_gt_blackbox_1_to_orig.png,rectified_patch_gpu\007884_0438_gt_blackbox_1_absdiff.png,145.2779119646991,174.47142362344928,305.9203499485571,301.60525412994366,2.9604982947449976,-5.829470521893324,-9.269233823798231,2.234236229746781,-0.0003015970538160878,0.005269926957076374,0.3373953274375534,-630.679400092414,blackbox,,True,20,303.76280203925035,torch_cuda,cuda,OK,
7885,C:\Users\USER\Desktop\project\calibration\moire\datasets\test\0438_gt.jpg,C:\Users\USER\Desktop\project\calibration\moire\datasets\test\augmented_9x\0438_gt_blackbox_2.jpg,rectified_patch_gpu\007885_0438_gt_blackbox_2_to_orig.png,rectified_patch_gpu\007885_0438_gt_blackbox_2_absdiff.png,133.71001024787807,162.59650685708107,306.1092222899787,281.47301611760105,-1.9371499854940364,-4.2242111841172205,-6.2717611936256406,2.1375824305269475,-0.017010660494065008,-0.30856337734804884,0.10329033696270452,2.366005605651425,blackbox,,True,7,293.7911192037899,torch_cuda,cuda,OK,
7886,C:\Users\USER\Desktop\project\calibration\moire\datasets\test\0438_gt.jpg,C:\Users\USER\Desktop\project\calibration\moire\datasets\test\augmented_9x\0438_gt_blackbox_3.jpg,rectified_patch_gpu\007886_0438_gt_blackbox_3_to_orig.png,rectified_patch_gpu\007886_0438_gt_blackbox_3_absdiff.png,145.2835750626929,174.4757952787188,305.9203499485571,301.60525412994366,2.9604982947449976,-5.829470521893324,-9.269233823798231,2.234236229746781,-0.0003015970538160878,0.005269926957076374,0.3373953274375534,-630.679400092414,blackbox,,True,20,303.76280203925035,torch_cuda,cuda,OK,
7887,C:\Users\USER\Desktop\project\calibration\moire\datasets\test\0438_gt.jpg,C:\Users\USER\Desktop\project\calibration\moire\datasets\test\augmented_9x\0438_gt_rotation_1.jpg,rectified_patch_gpu\007887_0438_gt_rotation_1_to_orig.png,rectified_patch_gpu\007887_0438_gt_rotation_1_absdiff.png,90.50335274402006,119.5175044540546,300.18381810928713,306.79946657813485,-0.9148240658762494,-1.6367769735859183,-0.8243878448710571,3.0106541151287183,5.89845863516435,0.011472484481091914,-8.190725455730385,1.7691027125851295,rotation,,True,18,303.49164234371096,torch_cuda,cuda,OK,
7888,C:\Users\USER\Desktop\project\calibration\moire\datasets\test\0438_gt.jpg,C:\Users\USER\Desktop\project\calibration\moire\datasets\test\augmented_9x\0438_gt_rotation_2.jpg,rectified_patch_gpu\007888_0438_gt_rotation_2_to_orig.png,rectified_patch_gpu\007888_0438_gt_rotation_2_absdiff.png,115.79118959780092,141.20047216366146,300.1149049073025,307.5317909132314,-1.7153908742829587,-0.2389530245614438,-0.7270753401576018,-820.0635843408495,-0.9285462324136234,-3.428143086286752,-4.108991986515643,1.5843654753433196,rotation,,True,16,303.823347910267,torch_cuda,cuda,OK,
7889,C:\Users\USER\Desktop\project\calibration\moire\datasets\test\0438_gt.jpg,C:\Users\USER\Desktop\project\calibration\moire\datasets\test\augmented_9x\0438_gt_rotation_3.jpg,rectified_patch_gpu\007889_0438_gt_rotation_3_to_orig.png,rectified_patch_gpu\007889_0438_gt_rotation_3_absdiff.png,128.25180989583333,159.10675444687826,306.0059529483961,275.84147280156634,0.39178197704011064,-5.3931279037471,-7.57137619008709,2.147505555242,-0.0031649789591762403,0.3483427676072448,0.040847898323292456,2.661299330414473,rotation,,True,1,290.9237128749812,torch_cuda,cuda,OK,
7890,C:\Users\USER\Desktop\project\calibration\moire\datasets\test\0438_gt.jpg,C:\Users\USER\Desktop\project\calibration\moire\datasets\test\augmented_9x\0438_gt_translation_1.jpg,rectified_patch_gpu\007890_0438_gt_translation_1_to_orig.png,rectified_patch_gpu\007890_0438_gt_translation_1_absdiff.png,100.17126579378858,124.43552641724425,300.18381810928713,307.1930523325791,-0.9148240658762494,-1.6367769735859183,-0.8243878448710571,3.0106541151287183,5.587132366286518,1.5005505406671746,-8.204343962035548,1.643020186079029,translation,,True,18,303.6884352209331,torch_cuda,cuda,OK,
7891,C:\Users\USER\Desktop\project\calibration\moire\datasets\test\0438_gt.jpg,C:\Users\USER\Desktop\project\calibration\moire\datasets\test\augmented_9x\0438_gt_translation_2.jpg,rectified_patch_gpu\007891_0438_gt_translation_2_to_orig.png,rectified_patch_gpu\007891_0438_gt_translation_2_absdiff.png,140.53288532021605,170.2372346412629,300.1149049073025,280.09365620304237,-1.7153908742829587,-0.2389530245614438,-0.7270753401576018,-820.0635843408495,-0.014891919721549162,0.28339395603387363,0.16019240504418295,-122.67103777640091,translation,,True,16,290.1042805551724,torch_cuda,cuda,OK,
7892,C:\Users\USER\Desktop\project\calibration\moire\datasets\test\0438_gt.jpg,C:\Users\USER\Desktop\project\calibration\moire\datasets\test\augmented_9x\0438_gt_translation_3.jpg,rectified_patch_gpu\007892_0438_gt_translation_3_to_orig.png,rectified_patch_gpu\007892_0438_gt_translation_3_absdiff.png,101.11470064139661,131.57583993732723,300.18381810928713,305.30811990219445,-0.9148240658762494,-1.6367769735859183,-0.8243878448710571,3.0106541151287183,-1.4221529643783106,5.8601182802552145,-8.461428293227469,2.6236935160466617,translation,,True,18,302.7459690057408,torch_cuda,cuda,OK,
7893,C:\Users\USER\Desktop\project\calibration\moire\datasets\test\0438_moire.jpg,C:\Users\USER\Desktop\project\calibration\moire\datasets\test\augmented_9x\0438_moire_blackbox_1.jpg,rectified_patch_gpu\007893_0438_moire_blackbox_1_to_orig.png,rectified_patch_gpu\007893_0438_moire_blackbox_1_absdiff.png,105.60354335455247,128.40388075287947,308.4363177289891,296.16277578842585,5.995049206104653,-5.965980785237576,-10.785037521340513,-521.1145456531572,0.09025264920091544,-0.030788172803869904,0.6056158731605,-3.0490252487914304,blackbox,,True,24,302.2995467587075,torch_cuda,cuda,OK,
7894,C:\Users\USER\Desktop\project\calibration\moire\datasets\test\0438_moire.jpg,C:\Users\USER\Desktop\project\calibration\moire\datasets\test\augmented_9x\0438_moire_blackbox_2.jpg,rectified_patch_gpu\007894_0438_moire_blackbox_2_to_orig.png,rectified_patch_gpu\007894_0438_moire_blackbox_2_absdiff.png,105.5988437982253,128.40004638117048,308.4363177289891,296.16277578842585,5.995049206104653,-5.965980785237576,-10.785037521340513,-521.1145456531572,0.09025264920091544,-0.030788172803869904,0.6056158731605,-3.0490252487914304,blackbox,,True,24,302.2995467587075,torch_cuda,cuda,OK,
7895,C:\Users\USER\Desktop\project\calibration\moire\datasets\test\0438_moire.jpg,C:\Users\USER\Desktop\project\calibration\moire\datasets\test\augmented_9x\0438_moire_blackbox_3.jpg,rectified_patch_gpu\007895_0438_moire_blackbox_3_to_orig.png,rectified_patch_gpu\007895_0438_moire_blackbox_3_absdiff.png,89.68558183834877,112.44218847773475,308.45686875755484,296.26633888387676,-0.20534847485964924,-5.4672027377588694,-7.604504281216142,-139.2000659647105,-0.05802023448575262,-0.5331962434371607,0.01380447689067904,0.6684676151649401,blackbox,,True,20,302.3616038207158,torch_cuda,cuda,OK,
7896,C:\Users\USER\Desktop\project\calibration\moire\datasets\test\0438_moire.jpg,C:\Users\USER\Desktop\project\calibration\moire\datasets\test\augmented_9x\0438_moire_rotation_1.jpg,rectified_patch_gpu\007896_0438_moire_rotation_1_to_orig.png,rectified_patch_gpu\007896_0438_moire_rotation_1_absdiff.png,90.12082573784723,114.72395128810747,307.747412358281,300.92258735942096,4.021042724973,0.37080575785713776,-5.05917220467358,-1.1356806050826207,-0.001141322042186193,-1.5560954913463472,-0.2798378150066405,2.3279647420128566,rotation,,True,8,304.334999858851,torch_cuda,cuda,OK,
7897,C:\Users\USER\Desktop\project\calibration\moire\datasets\test\0438_moire.jpg,C:\Users\USER\Desktop\project\calibration\moire\datasets\test\augmented_9x\0438_moire_rotation_2.jpg,rectified_patch_gpu\007897_0438_moire_rotation_2_to_orig.png,rectified_patch_gpu\007897_0438_moire_rotation_2_absdiff.png,105.58534469039351,128.39129249240906,305.891913705668,296.38180829346067,-2.5556915418059063,-6.786088754806741,-9.152208831669498,2.8224510112195635,0.06134325798667729,0.00029839748161942056,0.3281707114458121,3.1312070894569324,rotation,,True,7,301.1368609995643,torch_cuda,cuda,OK,
7898,C:\Users\USER\Desktop\project\calibration\moire\datasets\test\0438_moire.jpg,C:\Users\USER\Desktop\project\calibration\moire\datasets\test\augmented_9x\0438_moire_rotation_3.jpg,rectified_patch_gpu\007898_0438_moire_rotation_3_to_orig.png,rectified_patch_gpu\007898_0438_moire_rotation_3_absdiff.png,100.42557701581791,123.16382059794348,305.84973416775665,265.3386248565733,-6.763123362888393,-0.07619322014070828,-8.731639299236662,2.825335709370887,-0.003145054728093468,0.3414293948152924,-0.05581462814000224,2.6778015262104633,rotation,,True,5,285.59417951216494,torch_cuda,cuda,OK,
7899,C:\Users\USER\Desktop\project\calibration\moire\datasets\test\0438_moire.jpg,C:\Users\USER\Desktop\project\calibration\moire\datasets\test\augmented_9x\0438_moire_translation_1.jpg,rectified_patch_gpu\007899_0438_moire_translation_1_to_orig.png,rectified_patch_gpu\007899_0438_moire_translation_1_absdiff.png,69.66205536265431,91.35043347243543,306.04225737875527,305.96043514303494,-0.21630699903332395,-4.20317178520304,-5.273094031758717,2.5290990187644504,1.678239114771209,-6.119574660627123,-8.210395423773825,2.4438953042377767,translation,,True,18,306.0013462608951,torch_cuda,cuda,OK,
7900,C:\Users\USER\Desktop\project\calibration\moire\datasets\test\0438_moire.jpg,C:\Users\USER\Desktop\project\calibration\moire\datasets\test\augmented_9x\0438_moire_translation_2.jpg,rectified_patch_gpu\007900_0438_moire_translation_2_to_orig.png,rectified_patch_gpu\007900_0438_moire_translation_2_absdiff.png,100.08617042824073,122.26617738850881,308.45686875755484,294.08737933619875,-0.20534847485964924,-5.4672027377588694,-7.604504281216142,-139.2000659647105,-0.0002827557988374763,-0.270635788596909,0.16375848485038708,2.1812680257270247,translation,,True,20,301.2721240468768,torch_cuda,cuda,OK,
7901,C:\Users\USER\Desktop\project\calibration\moire\datasets\test\0438_moire.jpg,C:\Users\USER\Desktop\project\calibration\moire\datasets\test\augmented_9x\0438_moire_translation_3.jpg,rectified_patch_gpu\007901_0438_moire_translation_3_to_orig.png,rectified_patch_gpu\007901_0438_moire_translation_3_absdiff.png,105.60567177854938,128.4052522249331,308.5656132412754,296.1644463796796,5.946563089988743,-6.125272977373896,-10.754376997287906,0.13588887814524495,0.09018488940564914,-0.030715883673662618,0.6041724152783058,-3.0487537248970096,translation,,True,4,302.3650298104775,torch_cuda,cuda,OK,
7902,C:\Users\USER\Desktop\project\calibration\moire\datasets\test\0439_gt.jpg,C:\Users\USER\Desktop\project\calibration\moire\datasets\test\augmented_9x\0439_gt_blackbox_1.jpg,rectified_patch_gpu\007902_0439_gt_blackbox_1_to_orig.png,rectified_patch_gpu\007902_0439_gt_blackbox_1_absdiff.png,63.305925684799384,114.26725587030614,294.2834827715902,307.4831498292475,-0.05558634902150861,0.11859719547221101,0.34134041590043274,-3.0838921277812683,-0.3117471742039826,-5.470660551776422,-7.475162756515475,1.478803619279491,blackbox,,True,14,300.88331630041887,torch_cuda,cuda,OK,
7903,C:\Users\USER\Desktop\project\calibration\moire\datasets\test\0439_gt.jpg,C:\Users\USER\Desktop\project\calibration\moire\datasets\test\augmented_9x\0439_gt_blackbox_2.jpg,rectified_patch_gpu\007903_0439_gt_blackbox_2_to_orig.png,rectified_patch_gpu\007903_0439_gt_blackbox_2_absdiff.png,231.41236593364198,240.55863549768827,294.2834827715902,307.4831498292475,-0.05558634902150861,0.11859719547221101,0.34134041590043274,-3.0838921277812683,-0.3117471742039826,-5.470660551776422,-7.475162756515475,1.478803619279491,blackbox,,True,14,300.88331630041887,torch_cuda,cuda,OK,
7904,C:\Users\USER\Desktop\project\calibration\moire\datasets\test\0439_gt.jpg,C:\Users\USER\Desktop\project\calibration\moire\datasets\test\augmented_9x\0439_gt_blackbox_3.jpg,rectified_patch_gpu\007904_0439_gt_blackbox_3_to_orig.png,rectified_patch_gpu\007904_0439_gt_blackbox_3_absdiff.png,63.305925684799384,114.26725587030614,294.2834827715902,307.4831498292475,-0.05558634902150861,0.11859719547221101,0.34134041590043274,-3.0838921277812683,-0.3117471742039826,-5.470660551776422,-7.475162756515475,1.478803619279491,blackbox,,True,14,300.88331630041887,torch_cuda,cuda,OK,
7905,C:\Users\USER\Desktop\project\calibration\moire\datasets\test\0439_gt.jpg,C:\Users\USER\Desktop\project\calibration\moire\datasets\test\augmented_9x\0439_gt_rotation_1.jpg,rectified_patch_gpu\007905_0439_gt_rotation_1_to_orig.png,rectified_patch_gpu\007905_0439_gt_rotation_1_absdiff.png,50.64394868827161,101.90266726124314,294.2834827715902,307.9860105794469,-0.05558634902150861,0.11859719547221101,0.34134041590043274,-3.0838921277812683,5.465458719431599,-3.442436819338644,-9.176373808866373,-1.2475746189010544,rotation,,True,14,301.1347466755185,torch_cuda,cuda,OK,
7906,C:\Users\USER\Desktop\project\calibration\moire\datasets\test\0439_gt.jpg,C:\Users\USER\Desktop\project\calibration\moire\datasets\test\augmented_9x\0439_gt_rotation_2.jpg,rectified_patch_gpu\007906_0439_gt_rotation_2_to_orig.png,rectified_patch_gpu\007906_0439_gt_rotation_2_absdiff.png,44.99771906346451,95.52978735384151,294.2834827715902,308.957235927615,-0.05558634902150861,0.11859719547221101,0.34134041590043274,-3.0838921277812683,1.469190811564995,-5.346077668258261,-7.736180504301188,-220.62597860224244,rotation,,True,14,301.6203593496026,torch_cuda,cuda,OK,
7907,C:\Users\USER\Desktop\project\calibration\moire\datasets\test\0439_gt.jpg,C:\Users\USER\Desktop\project\calibration\moire\datasets\test\augmented_9x\0439_gt_rotation_3.jpg,rectified_patch_gpu\007907_0439_gt_rotation_3_to_orig.png,rectified_patch_gpu\007907_0439_gt_rotation_3_absdiff.png,51.38086757330247,102.26755719545706,294.2834827715902,305.0396057279086,-0.05558634902150861,0.11859719547221101,0.34134041590043274,-3.0838921277812683,-2.540306223574735,4.761469539124403,-7.280485616034895,-10.07486415342741,rotation,,True,14,299.6615442497494,torch_cuda,cuda,OK,
7908,C:\Users\USER\Desktop\project\calibration\moire\datasets\test\0439_gt.jpg,C:\Users\USER\Desktop\project\calibration\moire\datasets\test\augmented_9x\0439_gt_translation_1.jpg,rectified_patch_gpu\007908_0439_gt_translation_1_to_orig.png,rectified_patch_gpu\007908_0439_gt_translation_1_absdiff.png,113.10725863233024,164.51885520050098,296.9116016491676,294.36589923735653,0.05905990782840257,0.05255099354503773,0.3561034667583858,-2.871058473803666,0.09552485194769256,0.16124134146284191,0.28277960982861294,2.419520516674392,translation,,True,3,295.6387504432621,torch_cuda,cuda,OK,
7909,C:\Users\USER\Desktop\project\calibration\moire\datasets\test\0439_gt.jpg,C:\Users\USER\Desktop\project\calibration\moire\datasets\test\augmented_9x\0439_gt_translation_2.jpg,rectified_patch_gpu\007909_0439_gt_translation_2_to_orig.png,rectified_patch_gpu\007909_0439_gt_translation_2_absdiff.png,108.64930652006173,161.71696504427354,308.65879082243606,289.79562816445565,5.569837965362925,3.692931969921732,-9.440985179257797,-0.4926232006923032,-0.3053737323509995,0.17658418899966324,0.08759539028921055,1595.1379917426027,translation,,True,7,299.22720949344586,torch_cuda,cuda,OK,
7910,C:\Users\USER\Desktop\project\calibration\moire\datasets\test\0439_gt.jpg,C:\Users\USER\Desktop\project\calibration\moire\datasets\test\augmented_9x\0439_gt_translation_3.jpg,rectified_patch_gpu\007910_0439_gt_translation_3_to_orig.png,rectified_patch_gpu\007910_0439_gt_translation_3_absdiff.png,31.01265263310185,79.93612565361191,294.2834827715902,304.9261089058909,-0.05558634902150861,0.11859719547221101,0.34134041590043274,-3.0838921277812683,4.393677196747934,-2.041964511152244,-6.555808160832743,2.728923434526957,translation,,True,14,299.60479583874053,torch_cuda,cuda,OK,
7911,C:\Users\USER\Desktop\project\calibration\moire\datasets\test\0439_moire.jpg,C:\Users\USER\Desktop\project\calibration\moire\datasets\test\augmented_9x\0439_moire_blackbox_1.jpg,rectified_patch_gpu\007911_0439_moire_blackbox_1_to_orig.png,rectified_patch_gpu\007911_0439_moire_blackbox_1_absdiff.png,173.8105935329861,182.84131284991042,308.229019765422,295.77361501577303,12.699081122662307,-0.02884037825408403,-15.998240800445373,82.40952945935852,-0.03071608983873917,0.03198565368644674,0.6195012609811961,3.0926292438384646,blackbox,,True,23,302.0013173905975,torch_cuda,cuda,OK,
7912,C:\Users\USER\Desktop\project\calibration\moire\datasets\test\0439_moire.jpg,C:\Users\USER\Desktop\project\calibration\moire\datasets\test\augmented_9x\0439_moire_blackbox_2.jpg,rectified_patch_gpu\007912_0439_moire_blackbox_2_to_orig.png,rectified_patch_gpu\007912_0439_moire_blackbox_2_absdiff.png,173.80718086902007,182.839252244527,308.229019765422,295.77361501577303,12.699081122662307,-0.02884037825408403,-15.998240800445373,82.40952945935852,-0.03071608983873917,0.03198565368644674,0.6195012609811961,3.0926292438384646,blackbox,,True,23,302.0013173905975,torch_cuda,cuda,OK,
7913,C:\Users\USER\Desktop\project\calibration\moire\datasets\test\0439_moire.jpg,C:\Users\USER\Desktop\project\calibration\moire\datasets\test\augmented_9x\0439_moire_blackbox_3.jpg,rectified_patch_gpu\007913_0439_moire_blackbox_3_to_orig.png,rectified_patch_gpu\007913_0439_moire_blackbox_3_absdiff.png,25.874274450231482,66.04829717927356,305.03198710793504,305.03198710793504,-0.052896221236560015,0.81002233837108,-0.9280901254528835,2.184288955968549,-0.052896221236560015,0.81002233837108,-0.9280901254528835,2.184288955968549,blackbox,,True,6,305.03198710793504,torch_cuda,cuda,OK,
7914,C:\Users\USER\Desktop\project\calibration\moire\datasets\test\0439_moire.jpg,C:\Users\USER\Desktop\project\calibration\moire\datasets\test\augmented_9x\0439_moire_rotation_1.jpg,rectified_patch_gpu\007914_0439_moire_rotation_1_to_orig.png,rectified_patch_gpu\007914_0439_moire_rotation_1_absdiff.png,59.72877483603395,87.94762790654732,304.96529927272036,305.50740129926334,-0.052604099582797686,0.8011835393878259,-0.8969811191795769,2.1755554601029194,1.143228000079879,-6.074326109086515,-8.746690963940264,-2.62623270425226,rotation,,True,1,305.2363502859919,torch_cuda,cuda,OK,
7915,C:\Users\USER\Desktop\project\calibration\moire\datasets\test\0439_moire.jpg,C:\Users\USER\Desktop\project\calibration\moire\datasets\test\augmented_9x\0439_moire_rotation_2.jpg,rectified_patch_gpu\007915_0439_moire_rotation_2_to_orig.png,rectified_patch_gpu\007915_0439_moire_rotation_2_absdiff.png,171.76770399305556,181.46215570478753,305.83487919436,295.75069147916963,0.6684779206554112,-1.0935513059473936,-1.8038038414108928,2.1849723525091425,-0.005881741169340824,0.00028419894565854305,0.31791587411322686,-3.1309221740265194,rotation,,True,9,300.79278533676484,torch_cuda,cuda,OK,
7916,C:\Users\USER\Desktop\project\calibration\moire\datasets\test\0439_moire.jpg,C:\Users\USER\Desktop\project\calibration\moire\datasets\test\augmented_9x\0439_moire_rotation_3.jpg,rectified_patch_gpu\007916_0439_moire_rotation_3_to_orig.png,rectified_patch_gpu\007916_0439_moire_rotation_3_absdiff.png,92.8821110628858,122.82521994078071,306.6647725564624,303.9262699031426,3.84933006649522,0.21112043811944092,-4.825235789215171,2.0043501563410917,-3.0335336165216704,3.0335336173492653,-5.065968551069602,3.141592653589793,rotation,,True,0,305.2955212298025,torch_cuda,cuda,OK,
7917,C:\Users\USER\Desktop\project\calibration\moire\datasets\test\0439_moire.jpg,C:\Users\USER\Desktop\project\calibration\moire\datasets\test\augmented_9x\0439_moire_translation_1.jpg,rectified_patch_gpu\007917_0439_moire_translation_1_to_orig.png,rectified_patch_gpu\007917_0439_moire_translation_1_absdiff.png,77.50273208429783,108.22432459347719,305.03198710793504,305.62108854958456,-0.052896221236560015,0.81002233837108,-0.9280901254528835,2.184288955968549,0.3071678235835286,-1.0827023407878968,-1.5181301741887487,2.171838048286314,translation,,True,6,305.3265378287598,torch_cuda,cuda,OK,
7918,C:\Users\USER\Desktop\project\calibration\moire\datasets\test\0439_moire.jpg,C:\Users\USER\Desktop\project\calibration\moire\datasets\test\augmented_9x\0439_moire_translation_2.jpg,rectified_patch_gpu\007918_0439_moire_translation_2_to_orig.png,rectified_patch_gpu\007918_0439_moire_translation_2_absdiff.png,129.33101249035494,153.0333494569303,304.96529927272036,299.3738171030969,-0.052604099582797686,0.8011835393878259,-0.8969811191795769,2.1755554601029194,-0.23654666452915568,0.14096878142584585,-0.027981741696577633,2.1962001452226163,translation,,True,1,302.1695581879086,torch_cuda,cuda,OK,
7919,C:\Users\USER\Desktop\project\calibration\moire\datasets\test\0439_moire.jpg,C:\Users\USER\Desktop\project\calibration\moire\datasets\test\augmented_9x\0439_moire_translation_3.jpg,rectified_patch_gpu\007919_0439_moire_translation_3_to_orig.png,rectified_patch_gpu\007919_0439_moire_translation_3_absdiff.png,162.884620466821,175.37646745459833,308.49500521836455,296.90731594644643,-1.2769683640922,-0.5421492813372755,-1.9545117805209937,-0.645967741102369,0.15724916984747156,-0.030210872365858784,0.6060193329249198,-3.079242549449771,translation,,True,8,302.70116058240546,torch_cuda,cuda,OK,
7920,C:\Users\USER\Desktop\project\calibration\moire\datasets\test\0440_gt.jpg,C:\Users\USER\Desktop\project\calibration\moire\datasets\test\augmented_9x\0440_gt_blackbox_1.jpg,rectified_patch_gpu\007920_0440_gt_blackbox_1_to_orig.png,rectified_patch_gpu\007920_0440_gt_blackbox_1_absdiff.png,131.41983000578705,162.19492646357557,305.4159452776025,295.4258921214141,5.054247683245711,3.1754801760306215,-8.446953134764698,-2.6364731606687624,0.33421094558791875,-0.0018750423086193672,-0.0035881286938522815,2.235345221760129,blackbox,,True,21,300.4209186995083,torch_cuda,cuda,OK,
7921,C:\Users\USER\Desktop\project\calibration\moire\datasets\test\0440_gt.jpg,C:\Users\USER\Desktop\project\calibration\moire\datasets\test\augmented_9x\0440_gt_blackbox_2.jpg,rectified_patch_gpu\007921_0440_gt_blackbox_2_to_orig.png,rectified_patch_gpu\007921_0440_gt_blackbox_2_absdiff.png,174.74787567515432,191.96073777626515,305.787322522919,290.85860423014776,0.529153380326888,-6.359529813262055,-9.063095042992623,129.5408439227363,0.07873865002326452,-0.21460090048180158,0.26973977444320807,-2.456413944604581,blackbox,,True,2,298.3229633765334,torch_cuda,cuda,OK,
7922,C:\Users\USER\Desktop\project\calibration\moire\datasets\test\0440_gt.jpg,C:\Users\USER\Desktop\project\calibration\moire\datasets\test\augmented_9x\0440_gt_blackbox_3.jpg,rectified_patch_gpu\007922_0440_gt_blackbox_3_to_orig.png,rectified_patch_gpu\007922_0440_gt_blackbox_3_absdiff.png,175.96952763310185,192.74040441027336,305.787322522919,290.85860423014776,0.529153380326888,-6.359529813262055,-9.063095042992623,129.5408439227363,0.07873865002326452,-0.21460090048180158,0.26973977444320807,-2.456413944604581,blackbox,,True,2,298.3229633765334,torch_cuda,cuda,OK,
7923,C:\Users\USER\Desktop\project\calibration\moire\datasets\test\0440_gt.jpg,C:\Users\USER\Desktop\project\calibration\moire\datasets\test\augmented_9x\0440_gt_rotation_1.jpg,rectified_patch_gpu\007923_0440_gt_rotation_1_to_orig.png,rectified_patch_gpu\007923_0440_gt_rotation_1_absdiff.png,174.4469118923611,191.74567574688922,306.63332409435776,280.13471687068846,-2.726229379886338,4.697704279760819,-7.389533921457038,1.688621999751442,0.1850552115767672,-0.3735040871703955,-0.7535797513786622,-2.992457716141818,rotation,,True,16,293.3840204825231,torch_cuda,cuda,OK,
7924,C:\Users\USER\Desktop\project\calibration\moire\datasets\test\0440_gt.jpg,C:\Users\USER\Desktop\project\calibration\moire\datasets\test\augmented_9x\0440_gt_rotation_2.jpg,rectified_patch_gpu\007924_0440_gt_rotation_2_to_orig.png,rectified_patch_gpu\007924_0440_gt_rotation_2_absdiff.png,61.00216796875,98.20230852747498,298.5926805826172,310.08124919620303,0.49271949000356563,0.12662080258223266,0.013971214001751664,1.3610400652951073,2.7425306292366654,3.7887083636072365,-5.9775527552865135,12.766064827154528,rotation,,True,1,304.3369648894101,torch_cuda,cuda,OK,
7925,C:\Users\USER\Desktop\project\calibration\moire\datasets\test\0440_gt.jpg,C:\Users\USER\Desktop\project\calibration\moire\datasets\test\augmented_9x\0440_gt_rotation_3.jpg,rectified_patch_gpu\007925_0440_gt_rotation_3_to_orig.png,rectified_patch_gpu\007925_0440_gt_rotation_3_absdiff.png,60.86235978491512,98.38095679422077,298.5926805826172,305.70986376927766,0.49271949000356563,0.12662080258223266,0.013971214001751664,1.3610400652951073,5.2710709274024286,3.599609438719627,-9.07010301004717,2.6202654119039126,rotation,,True,1,302.15127217594744,torch_cuda,cuda,OK,
7926,C:\Users\USER\Desktop\project\calibration\moire\datasets\test\0440_gt.jpg,C:\Users\USER\Desktop\project\calibration\moire\datasets\test\augmented_9x\0440_gt_translation_1.jpg,rectified_patch_gpu\007926_0440_gt_translation_1_to_orig.png,rectified_patch_gpu\007926_0440_gt_translation_1_absdiff.png,129.00088457272378,156.50912068738407,305.7303982150721,284.11470001902563,-0.03085418362578969,0.029822756780405097,0.34899146355963206,-2.0802141766656272,0.04397462581779006,0.2847867140951337,0.17261332548454178,2.342601440493849,translation,,True,10,294.9225491170489,torch_cuda,cuda,OK,
7927,C:\Users\USER\Desktop\project\calibration\moire\datasets\test\0440_gt.jpg,C:\Users\USER\Desktop\project\calibration\moire\datasets\test\augmented_9x\0440_gt_translation_2.jpg,rectified_patch_gpu\007927_0440_gt_translation_2_to_orig.png,rectified_patch_gpu\007927_0440_gt_translation_2_absdiff.png,60.67953920717593,98.16493748059466,298.5926805826172,309.0580386462006,0.49271949000356563,0.12662080258223266,0.013971214001751664,1.3610400652951073,5.695550876306578,2.0658113852489333,-8.603807459902933,-0.061446973856633016,translation,,True,1,303.8253596144089,torch_cuda,cuda,OK,
7928,C:\Users\USER\Desktop\project\calibration\moire\datasets\test\0440_gt.jpg,C:\Users\USER\Desktop\project\calibration\moire\datasets\test\augmented_9x\0440_gt_translation_3.jpg,rectified_patch_gpu\007928_0440_gt_translation_3_to_orig.png,rectified_patch_gpu\007928_0440_gt_translation_3_absdiff.png,60.93281563464506,98.57030740433113,298.5926805826172,309.3375289866947,0.49271949000356563,0.12662080258223266,0.013971214001751664,1.3610400652951073,5.057451680537614,1.061698288179899,-7.10497276663561,50.61844353295717,translation,,True,1,303.965104784656,torch_cuda,cuda,OK,
7929,C:\Users\USER\Desktop\project\calibration\moire\datasets\test\0440_moire.jpg,C:\Users\USER\Desktop\project\calibration\moire\datasets\test\augmented_9x\0440_moire_blackbox_1.jpg,rectified_patch_gpu\007929_0440_moire_blackbox_1_to_orig.png,rectified_patch_gpu\007929_0440_moire_blackbox_1_absdiff.png,42.67068853684414,74.51351393729443,294.93210670273425,297.30520863875273,0.06115859804982865,-0.12988353853723295,0.3839503147240777,-2.7951246347222356,0.061156435429895004,-0.006414254252383588,0.4052646183801022,-2.794747144869924,blackbox,,True,15,296.11865767074346,torch_cuda,cuda,OK,
7930,C:\Users\USER\Desktop\project\calibration\moire\datasets\test\0440_moire.jpg,C:\Users\USER\Desktop\project\calibration\moire\datasets\test\augmented_9x\0440_moire_blackbox_2.jpg,rectified_patch_gpu\007930_0440_moire_blackbox_2_to_orig.png,rectified_patch_gpu\007930_0440_moire_blackbox_2_absdiff.png,59.04527054398148,99.19852709358467,294.93210670273425,297.30520863875273,0.06115859804982865,-0.12988353853723295,0.3839503147240777,-2.7951246347222356,0.061156435429895004,-0.006414254252383588,0.4052646183801022,-2.794747144869924,blackbox,,True,15,296.11865767074346,torch_cuda,cuda,OK,
7931,C:\Users\USER\Desktop\project\calibration\moire\datasets\test\0440_moire.jpg,C:\Users\USER\Desktop\project\calibration\moire\datasets\test\augmented_9x\0440_moire_blackbox_3.jpg,rectified_patch_gpu\007931_0440_moire_blackbox_3_to_orig.png,rectified_patch_gpu\007931_0440_moire_blackbox_3_absdiff.png,51.408498143325616,89.28297688957115,294.93210670273425,297.30520863875273,0.06115859804982865,-0.12988353853723295,0.3839503147240777,-2.7951246347222356,0.061156435429895004,-0.006414254252383588,0.4052646183801022,-2.794747144869924,blackbox,,True,15,296.11865767074346,torch_cuda,cuda,OK,
7932,C:\Users\USER\Desktop\project\calibration\moire\datasets\test\0440_moire.jpg,C:\Users\USER\Desktop\project\calibration\moire\datasets\test\augmented_9x\0440_moire_rotation_1.jpg,rectified_patch_gpu\007932_0440_moire_rotation_1_to_orig.png,rectified_patch_gpu\007932_0440_moire_rotation_1_absdiff.png,71.45217749324846,97.86975199414992,294.93210670273425,305.668670721621,0.06115859804982865,-0.12988353853723295,0.3839503147240777,-2.7951246347222356,4.775244455318209,-6.192120370765316,-10.269502611164128,3.00101947556594,rotation,,True,15,300.30038871217766,torch_cuda,cuda,OK,
7933,C:\Users\USER\Desktop\project\calibration\moire\datasets\test\0440_moire.jpg,C:\Users\USER\Desktop\project\calibration\moire\datasets\test\augmented_9x\0440_moire_rotation_2.jpg,rectified_patch_gpu\007933_0440_moire_rotation_2_to_orig.png,rectified_patch_gpu\007933_0440_moire_rotation_2_absdiff.png,150.42421923225308,165.721040502815,306.5107906087344,296.22576921330193,-3.6342698052272624,0.3586365054200069,-4.571093889738307,2.0886191814711017,0.056332471545503936,0.08629692003742122,0.31251363826355427,316.8563207817136,rotation,,True,7,301.36827991101813,torch_cuda,cuda,OK,
7934,C:\Users\USER\Desktop\project\calibration\moire\datasets\test\0440_moire.jpg,C:\Users\USER\Desktop\project\calibration\moire\datasets\test\augmented_9x\0440_moire_rotation_3.jpg,rectified_patch_gpu\007934_0440_moire_rotation_3_to_orig.png,rectified_patch_gpu\007934_0440_moire_rotation_3_absdiff.png,130.85878616898148,150.0174013175183,306.67566150129807,281.62520872240816,7.036649048433624,1.786087406335957,-9.490757482784652,2.0095324891013338,-0.06298207503451149,-0.3352566509891016,0.14790266400808663,-1322.562111157492,rotation,,True,22,294.1504351118531,torch_cuda,cuda,OK,
7935,C:\Users\USER\Desktop\project\calibration\moire\datasets\test\0440_moire.jpg,C:\Users\USER\Desktop\project\calibration\moire\datasets\test\augmented_9x\0440_moire_translation_1.jpg,rectified_patch_gpu\007935_0440_moire_translation_1_to_orig.png,rectified_patch_gpu\007935_0440_moire_translation_1_absdiff.png,137.78479769483025,156.21670005341522,304.2693228713045,294.0389266117671,3.939210831759186,-1.1781191391130468,-4.545565503842601,-2.612670037237927,-0.03926316536988657,-0.3242730600367396,0.20602400068452364,-2.4293624175194837,translation,,True,20,299.15412474153584,torch_cuda,cuda,OK,
7936,C:\Users\USER\Desktop\project\calibration\moire\datasets\test\0440_moire.jpg,C:\Users\USER\Desktop\project\calibration\moire\datasets\test\augmented_9x\0440_moire_translation_2.jpg,rectified_patch_gpu\007936_0440_moire_translation_2_to_orig.png,rectified_patch_gpu\007936_0440_moire_translation_2_absdiff.png,70.58215856481482,96.99291515630874,294.93210670273425,308.10180178538815,0.06115859804982865,-0.12988353853723295,0.3839503147240777,-2.7951246347222356,1.163070767485805,-7.873810065476661,-11.033160728233995,-1.0755367901599173,translation,,True,15,301.5169542440612,torch_cuda,cuda,OK,
7937,C:\Users\USER\Desktop\project\calibration\moire\datasets\test\0440_moire.jpg,C:\Users\USER\Desktop\project\calibration\moire\datasets\test\augmented_9x\0440_moire_translation_3.jpg,rectified_patch_gpu\007937_0440_moire_translation_3_to_orig.png,rectified_patch_gpu\007937_0440_moire_translation_3_absdiff.png,37.711556351273146,61.573945216530966,294.93210670273425,302.20868669467524,0.06115859804982865,-0.12988353853723295,0.3839503147240777,-2.7951246347222356,0.24853598901247556,-0.07112324859099411,0.3237805997447901,-2.841294392068944,translation,,True,15,298.5703966987047,torch_cuda,cuda,OK,
7938,C:\Users\USER\Desktop\project\calibration\moire\datasets\test\0441_gt.jpg,C:\Users\USER\Desktop\project\calibration\moire\datasets\test\augmented_9x\0441_gt_blackbox_1.jpg,rectified_patch_gpu\007938_0441_gt_blackbox_1_to_orig.png,rectified_patch_gpu\007938_0441_gt_blackbox_1_absdiff.png,109.98580620659722,128.50077507641797,307.5538071272952,295.81956899342657,4.223634712966152,-3.4419200652457205,-7.62950274383981,1.2797859245123708,-0.3255751581275284,0.00028400643645315146,-0.02591217864206638,-2.1571752026979425,blackbox,,True,14,301.6866880603609,torch_cuda,cuda,OK,
7939,C:\Users\USER\Desktop\project\calibration\moire\datasets\test\0441_gt.jpg,C:\Users\USER\Desktop\project\calibration\moire\datasets\test\augmented_9x\0441_gt_blackbox_2.jpg,rectified_patch_gpu\007939_0441_gt_blackbox_2_to_orig.png,rectified_patch_gpu\007939_0441_gt_blackbox_2_absdiff.png,105.41540581597222,124.95716005382488,307.5538071272952,295.81956899342657,4.223634712966152,-3.4419200652457205,-7.62950274383981,1.2797859245123708,-0.3255751581275284,0.00028400643645315146,-0.02591217864206638,-2.1571752026979425,blackbox,,True,14,301.6866880603609,torch_cuda,cuda,OK,
7940,C:\Users\USER\Desktop\project\calibration\moire\datasets\test\0441_gt.jpg,C:\Users\USER\Desktop\project\calibration\moire\datasets\test\augmented_9x\0441_gt_blackbox_3.jpg,rectified_patch_gpu\007940_0441_gt_blackbox_3_to_orig.png,rectified_patch_gpu\007940_0441_gt_blackbox_3_absdiff.png,102.24767457561728,122.99752321142826,307.5538071272952,295.81956899342657,4.223634712966152,-3.4419200652457205,-7.62950274383981,1.2797859245123708,-0.3255751581275284,0.00028400643645315146,-0.02591217864206638,-2.1571752026979425,blackbox,,True,14,301.6866880603609,torch_cuda,cuda,OK,
7941,C:\Users\USER\Desktop\project\calibration\moire\datasets\test\0441_gt.jpg,C:\Users\USER\Desktop\project\calibration\moire\datasets\test\augmented_9x\0441_gt_rotation_1.jpg,rectified_patch_gpu\007941_0441_gt_rotation_1_to_orig.png,rectified_patch_gpu\007941_0441_gt_rotation_1_absdiff.png,101.05100356867284,123.19004820678263,306.3412516625128,296.5238933806855,-0.001592509467173464,-4.951860645794389,-6.716543920672872,-1.9289692694125085,0.3381911675716297,0.0002878185969897546,-0.026099495854170013,2.1410676288022583,rotation,,True,22,301.4325725215991,torch_cuda,cuda,OK,
7942,C:\Users\USER\Desktop\project\calibration\moire\datasets\test\0441_gt.jpg,C:\Users\USER\Desktop\project\calibration\moire\datasets\test\augmented_9x\0441_gt_rotation_2.jpg,rectified_patch_gpu\007942_0441_gt_rotation_2_to_orig.png,rectified_patch_gpu\007942_0441_gt_rotation_2_absdiff.png,114.39111231674383,132.60873451044108,305.3761267261161,289.9593419070719,2.227663365171618,-3.3211350572007126,-5.068068276170802,2.1008619590294697,-0.0002774412861117537,0.2346667257711281,0.20315181418360506,2.5112757543299757,rotation,,True,18,297.667734316594,torch_cuda,cuda,OK,
7943,C:\Users\USER\Desktop\project\calibration\moire\datasets\test\0441_gt.jpg,C:\Users\USER\Desktop\project\calibration\moire\datasets\test\augmented_9x\0441_gt_rotation_3.jpg,rectified_patch_gpu\007943_0441_gt_rotation_3_to_orig.png,rectified_patch_gpu\007943_0441_gt_rotation_3_absdiff.png,104.16277307581018,121.43474379280467,306.56105734876564,303.9262699031426,2.9615224302485164,-5.138358702397024,-8.417848224089632,-2.044288394540021,-3.0335336165216704,3.0335336173492653,-5.065968551069602,3.141592653589793,rotation,,True,0,305.2436636259541,torch_cuda,cuda,OK,
7944,C:\Users\USER\Desktop\project\calibration\moire\datasets\test\0441_gt.jpg,C:\Users\USER\Desktop\project\calibration\moire\datasets\test\augmented_9x\0441_gt_translation_1.jpg,rectified_patch_gpu\007944_0441_gt_translation_1_to_orig.png,rectified_patch_gpu\007944_0441_gt_translation_1_absdiff.png,114.83799985532407,131.7239693207175,306.9232165466927,296.5582980773849,-5.881804731961868,0.001236564097579715,-8.271611198391517,1.7187992500032296,-0.00026800388426610625,-0.21167264552304277,0.21235206537892218,2.243458098306261,translation,,True,17,301.7407573120388,torch_cuda,cuda,OK,
7945,C:\Users\USER\Desktop\project\calibration\moire\datasets\test\0441_gt.jpg,C:\Users\USER\Desktop\project\calibration\moire\datasets\test\augmented_9x\0441_gt_translation_2.jpg,rectified_patch_gpu\007945_0441_gt_translation_2_to_orig.png,rectified_patch_gpu\007945_0441_gt_translation_2_absdiff.png,83.07146219135802,105.53804825230685,305.6733926726685,279.8423057756437,5.395534025282861,-0.14067433622294725,-7.4729287479154145,-2.375211873232013,-0.31434843719536854,-0.16755996079311394,-0.006211935265838464,-2.4148228244089753,translation,,True,10,292.7578492241561,torch_cuda,cuda,OK,
7946,C:\Users\USER\Desktop\project\calibration\moire\datasets\test\0441_gt.jpg,C:\Users\USER\Desktop\project\calibration\moire\datasets\test\augmented_9x\0441_gt_translation_3.jpg,rectified_patch_gpu\007946_0441_gt_translation_3_to_orig.png,rectified_patch_gpu\007946_0441_gt_translation_3_absdiff.png,93.68468677662037,112.94253414245014,306.0518692201615,285.65515809975665,5.089740709701557,3.2160225913207583,-8.472784529882768,-54.24560043802174,-0.0004246994287635434,-0.516306362402219,0.03237954854583369,2.611826562047424,translation,,True,21,295.85351365995905,torch_cuda,cuda,OK,
7947,C:\Users\USER\Desktop\project\calibration\moire\datasets\test\0441_moire.jpg,C:\Users\USER\Desktop\project\calibration\moire\datasets\test\augmented_9x\0441_moire_blackbox_1.jpg,rectified_patch_gpu\007947_0441_moire_blackbox_1_to_orig.png,rectified_patch_gpu\007947_0441_moire_blackbox_1_absdiff.png,97.09254931037809,119.52829315565373,308.9502884752051,299.5964668786843,3.1372409812458066,-6.11209976815768,-9.621845216499498,87.69112496297168,-1.6169211092601707,1.2317712603355702,-0.6820395105815402,2.5862010707101075,blackbox,,True,7,304.27337767694473,torch_cuda,cuda,OK,
7948,C:\Users\USER\Desktop\project\calibration\moire\datasets\test\0441_moire.jpg,C:\Users\USER\Desktop\project\calibration\moire\datasets\test\augmented_9x\0441_moire_blackbox_2.jpg,rectified_patch_gpu\007948_0441_moire_blackbox_2_to_orig.png,rectified_patch_gpu\007948_0441_moire_blackbox_2_absdiff.png,116.37084285783179,136.1944358032813,304.8714533590431,303.7301820236986,4.196588278339155,2.6685554165614906,-6.730104712547047,-2.770071914165378,-0.0011218903043613915,1.8771297459332263,-1.2795581500941782,2.020526954455154,blackbox,,True,15,304.30081769137087,torch_cuda,cuda,OK,
7949,C:\Users\USER\Desktop\project\calibration\moire\datasets\test\0441_moire.jpg,C:\Users\USER\Desktop\project\calibration\moire\datasets\test\augmented_9x\0441_moire_blackbox_3.jpg,rectified_patch_gpu\007949_0441_moire_blackbox_3_to_orig.png,rectified_patch_gpu\007949_0441_moire_blackbox_3_absdiff.png,116.24251085069444,136.03807122166586,304.8714533590431,303.7301820236986,4.196588278339155,2.6685554165614906,-6.730104712547047,-2.770071914165378,-0.0011218903043613915,1.8771297459332263,-1.2795581500941782,2.020526954455154,blackbox,,True,15,304.30081769137087,torch_cuda,cuda,OK,
7950,C:\Users\USER\Desktop\project\calibration\moire\datasets\test\0441_moire.jpg,C:\Users\USER\Desktop\project\calibration\moire\datasets\test\augmented_9x\0441_moire_rotation_1.jpg,rectified_patch_gpu\007950_0441_moire_rotation_1_to_orig.png,rectified_patch_gpu\007950_0441_moire_rotation_1_absdiff.png,120.79988582658179,140.26509737319572,306.11486818485264,295.4188537039329,-0.0017484687051397265,-3.7411174130710836,-4.369447525764287,1.8918537164514038,-0.00027806610701353615,0.17217511203216695,0.25910663759033714,2.474983251515832,rotation,,True,21,300.76686094439276,torch_cuda,cuda,OK,
7951,C:\Users\USER\Desktop\project\calibration\moire\datasets\test\0441_moire.jpg,C:\Users\USER\Desktop\project\calibration\moire\datasets\test\augmented_9x\0441_moire_rotation_2.jpg,rectified_patch_gpu\007951_0441_moire_rotation_2_to_orig.png,rectified_patch_gpu\007951_0441_moire_rotation_2_absdiff.png,105.75205512152777,126.06413499233531,306.8213261568044,301.51307029510144,0.18115776902981467,0.0002817707199316196,0.2579875243189595,2.263182822992352,-0.0013181000861576797,-2.210585356574678,-1.838554576455707,2.6568387900159056,rotation,,True,23,304.1671982259529,torch_cuda,cuda,OK,
7952,C:\Users\USER\Desktop\project\calibration\moire\datasets\test\0441_moire.jpg,C:\Users\USER\Desktop\project\calibration\moire\datasets\test\augmented_9x\0441_moire_rotation_3.jpg,rectified_patch_gpu\007952_0441_moire_rotation_3_to_orig.png,rectified_patch_gpu\007952_0441_moire_rotation_3_absdiff.png,112.77166871624229,132.0461924351014,305.9267781228058,302.70706303709204,1.2965989277123453,-4.805903273985344,-6.780414068575532,-2.1997252530824265,-0.0015721874303295323,-2.836873474362855,-2.826178890932267,-2.8157058636372803,rotation,,True,16,304.31692057994894,torch_cuda,cuda,OK,
7953,C:\Users\USER\Desktop\project\calibration\moire\datasets\test\0441_moire.jpg,C:\Users\USER\Desktop\project\calibration\moire\datasets\test\augmented_9x\0441_moire_translation_1.jpg,rectified_patch_gpu\007953_0441_moire_translation_1_to_orig.png,rectified_patch_gpu\007953_0441_moire_translation_1_absdiff.png,116.2897418740355,135.55614140151536,307.887971432347,285.1533872978024,4.587395033324753,-2.585671756346907,-7.163508494891285,-1.3959262914973998,0.3259488079297544,0.0002772082670714106,-0.02275066816045826,2.8451241556484077,translation,,True,9,296.52067936507467,torch_cuda,cuda,OK,
7954,C:\Users\USER\Desktop\project\calibration\moire\datasets\test\0441_moire.jpg,C:\Users\USER\Desktop\project\calibration\moire\datasets\test\augmented_9x\0441_moire_translation_2.jpg,rectified_patch_gpu\007954_0441_moire_translation_2_to_orig.png,rectified_patch_gpu\007954_0441_moire_translation_2_absdiff.png,120.77094835069444,140.28542710596992,305.85991750616523,302.82718883486217,0.5043717790968931,-5.949460187710095,-8.484261662443902,-2.3770595451468988,0.07495777960221615,0.00028062631364504463,0.30489160870025966,2.3205651700343433,translation,,True,18,304.3435531705137,torch_cuda,cuda,OK,
7955,C:\Users\USER\Desktop\project\calibration\moire\datasets\test\0441_moire.jpg,C:\Users\USER\Desktop\project\calibration\moire\datasets\test\augmented_9x\0441_moire_translation_3.jpg,rectified_patch_gpu\007955_0441_moire_translation_3_to_orig.png,rectified_patch_gpu\007955_0441_moire_translation_3_absdiff.png,97.04803397472993,117.5481486838224,308.53290516242834,267.79833820811376,-2.094634618334698,-6.41251694198743,-9.533560806228742,-0.6817349510971422,-0.025124658534054798,-0.3730554673981556,-0.028295313150244056,-2.831595344546624,translation,,True,6,288.16562168527105,torch_cuda,cuda,OK,
7956,C:\Users\USER\Desktop\project\calibration\moire\datasets\test\0442_gt.jpg,C:\Users\USER\Desktop\project\calibration\moire\datasets\test\augmented_9x\0442_gt_blackbox_1.jpg,rectified_patch_gpu\007956_0442_gt_blackbox_1_to_orig.png,rectified_patch_gpu\007956_0442_gt_blackbox_1_absdiff.png,115.90501892843365,135.08982714628584,279.4889697881446,308.62518044716353,-0.06547759484650922,0.27720413165231167,0.13260827014706436,-2.910266509106363,-0.057309715537208705,-0.09054586268202303,0.290637748436671,1.7755579718104664,blackbox,,True,16,294.05707511765405,torch_cuda,cuda,OK,
7957,C:\Users\USER\Desktop\project\calibration\moire\datasets\test\0442_gt.jpg,C:\Users\USER\Desktop\project\calibration\moire\datasets\test\augmented_9x\0442_gt_blackbox_2.jpg,rectified_patch_gpu\007957_0442_gt_blackbox_2_to_orig.png,rectified_patch_gpu\007957_0442_gt_blackbox_2_absdiff.png,139.37734314718364,150.16310606762352,279.4889697881446,305.0336868700865,-0.06547759484650922,0.27720413165231167,0.13260827014706436,-2.910266509106363,0.7211592115393582,-5.526672340195319,-7.776984499430926,-3.0736918632580954,blackbox,,True,16,292.26132832911554,torch_cuda,cuda,OK,
7958,C:\Users\USER\Desktop\project\calibration\moire\datasets\test\0442_gt.jpg,C:\Users\USER\Desktop\project\calibration\moire\datasets\test\augmented_9x\0442_gt_blackbox_3.jpg,rectified_patch_gpu\007958_0442_gt_blackbox_3_to_orig.png,rectified_patch_gpu\007958_0442_gt_blackbox_3_absdiff.png,114.07501157407407,134.89368881374872,279.4889697881446,308.62518044716353,-0.06547759484650922,0.27720413165231167,0.13260827014706436,-2.910266509106363,-0.057309715537208705,-0.09054586268202303,0.290637748436671,1.7755579718104664,blackbox,,True,16,294.05707511765405,torch_cuda,cuda,OK,
7959,C:\Users\USER\Desktop\project\calibration\moire\datasets\test\0442_gt.jpg,C:\Users\USER\Desktop\project\calibration\moire\datasets\test\augmented_9x\0442_gt_rotation_1.jpg,rectified_patch_gpu\007959_0442_gt_rotation_1_to_orig.png,rectified_patch_gpu\007959_0442_gt_rotation_1_absdiff.png,55.34836962287809,70.89674974290311,279.4889697881446,309.3108217703156,-0.06547759484650922,0.27720413165231167,0.13260827014706436,-2.910266509106363,0.5530766579577867,-4.68802309479037,-6.4039257145004225,0.5358778615375258,rotation,,True,16,294.39989577923006,torch_cuda,cuda,OK,
7960,C:\Users\USER\Desktop\project\calibration\moire\datasets\test\0442_gt.jpg,C:\Users\USER\Desktop\project\calibration\moire\datasets\test\augmented_9x\0442_gt_rotation_2.jpg,rectified_patch_gpu\007960_0442_gt_rotation_2_to_orig.png,rectified_patch_gpu\007960_0442_gt_rotation_2_absdiff.png,53.12107663001543,68.51277404520144,279.4889697881446,309.0854009974851,-0.06547759484650922,0.27720413165231167,0.13260827014706436,-2.910266509106363,5.316860995976759,2.2543827057303716,-8.1457151834177,0.38675487940573994,rotation,,True,16,294.2871853928149,torch_cuda,cuda,OK,
7961,C:\Users\USER\Desktop\project\calibration\moire\datasets\test\0442_gt.jpg,C:\Users\USER\Desktop\project\calibration\moire\datasets\test\augmented_9x\0442_gt_rotation_3.jpg,rectified_patch_gpu\007961_0442_gt_rotation_3_to_orig.png,rectified_patch_gpu\007961_0442_gt_rotation_3_absdiff.png,52.08506136670525,66.05161402860753,279.4889697881446,305.6434598102358,-0.06547759484650922,0.27720413165231167,0.13260827014706436,-2.910266509106363,5.187604107267012,-2.3253769660184433,-8.064820669367867,2.453540205776219,rotation,,True,16,292.5662147991902,torch_cuda,cuda,OK,
7962,C:\Users\USER\Desktop\project\calibration\moire\datasets\test\0442_gt.jpg,C:\Users\USER\Desktop\project\calibration\moire\datasets\test\augmented_9x\0442_gt_translation_1.jpg,rectified_patch_gpu\007962_0442_gt_translation_1_to_orig.png,rectified_patch_gpu\007962_0442_gt_translation_1_absdiff.png,130.17584635416668,143.92543707292307,308.8874723219242,273.6816535806513,-5.366374079245917,1.1034026303168294,-7.608464137214563,-0.7101860161196765,-0.20413343690912597,-0.22952918907023398,0.011206204239243818,1.13127801955046,translation,,True,3,291.28456295128774,torch_cuda,cuda,OK,
7963,C:\Users\USER\Desktop\project\calibration\moire\datasets\test\0442_gt.jpg,C:\Users\USER\Desktop\project\calibration\moire\datasets\test\augmented_9x\0442_gt_translation_2.jpg,rectified_patch_gpu\007963_0442_gt_translation_2_to_orig.png,rectified_patch_gpu\007963_0442_gt_translation_2_absdiff.png,51.66915907118056,66.48111108902272,279.4889697881446,305.8408565925399,-0.06547759484650922,0.27720413165231167,0.13260827014706436,-2.910266509106363,-6.048294930975448,1.0790526622561063,-8.707265422778388,2.3387863547083425,translation,,True,16,292.66491319034225,torch_cuda,cuda,OK,
7964,C:\Users\USER\Desktop\project\calibration\moire\datasets\test\0442_gt.jpg,C:\Users\USER\Desktop\project\calibration\moire\datasets\test\augmented_9x\0442_gt_translation_3.jpg,rectified_patch_gpu\007964_0442_gt_translation_3_to_orig.png,rectified_patch_gpu\007964_0442_gt_translation_3_absdiff.png,61.691962890625,79.73983942235168,296.60756082327737,305.3468909411518,-0.06762750388992994,0.007183509288807396,0.3102951023879719,-3.0899135514824674,4.333171795920634,-3.8986719934439584,-8.156838021914428,2.544030699231228,translation,,True,14,300.9772258822146,torch_cuda,cuda,OK,
7965,C:\Users\USER\Desktop\project\calibration\moire\datasets\test\0442_moire.jpg,C:\Users\USER\Desktop\project\calibration\moire\datasets\test\augmented_9x\0442_moire_blackbox_1.jpg,rectified_patch_gpu\007965_0442_moire_blackbox_1_to_orig.png,rectified_patch_gpu\007965_0442_moire_blackbox_1_absdiff.png,111.07031045042439,126.81247746649079,294.452437058838,279.55358538773686,0.16988210681704985,0.1602236132861713,0.19401369856649117,1.8699723393971186,-0.2056278948271006,0.35329417236384014,-0.02467326650375229,2.4433199718478447,blackbox,,True,10,287.00301122328744,torch_cuda,cuda,OK,
7966,C:\Users\USER\Desktop\project\calibration\moire\datasets\test\0442_moire.jpg,C:\Users\USER\Desktop\project\calibration\moire\datasets\test\augmented_9x\0442_moire_blackbox_2.jpg,rectified_patch_gpu\007966_0442_moire_blackbox_2_to_orig.png,rectified_patch_gpu\007966_0442_moire_blackbox_2_absdiff.png,152.58764262635032,164.00490761222977,276.26611495903376,305.28333380496,-0.1638386527102497,-0.2741449447137068,0.02777218792331347,1.8429067354465962,1.7196943215186966,5.999963477036106,-8.869787998497246,-3.120504089259784,blackbox,,True,6,290.77472438199686,torch_cuda,cuda,OK,
7967,C:\Users\USER\Desktop\project\calibration\moire\datasets\test\0442_moire.jpg,C:\Users\USER\Desktop\project\calibration\moire\datasets\test\augmented_9x\0442_moire_blackbox_3.jpg,rectified_patch_gpu\007967_0442_moire_blackbox_3_to_orig.png,rectified_patch_gpu\007967_0442_moire_blackbox_3_absdiff.png,59.30019434799383,69.5667554738509,276.26611495903376,308.6319894674514,-0.1638386527102497,-0.2741449447137068,0.02777218792331347,1.8429067354465962,-0.19420657962729304,-3.6226479277573054,-4.318142889603071,1.1648190742467626,blackbox,,True,6,292.44905221324257,torch_cuda,cuda,OK,
7968,C:\Users\USER\Desktop\project\calibration\moire\datasets\test\0442_moire.jpg,C:\Users\USER\Desktop\project\calibration\moire\datasets\test\augmented_9x\0442_moire_rotation_1.jpg,rectified_patch_gpu\007968_0442_moire_rotation_1_to_orig.png,rectified_patch_gpu\007968_0442_moire_rotation_1_absdiff.png,54.69554229359568,64.38492085396948,276.26611495903376,305.0023573903563,-0.1638386527102497,-0.2741449447137068,0.02777218792331347,1.8429067354465962,-4.920230952014491,-1.3173863392988785,-7.003704179434663,-2.929916590417583,rotation,,True,6,290.63423617469505,torch_cuda,cuda,OK,
7969,C:\Users\USER\Desktop\project\calibration\moire\datasets\test\0442_moire.jpg,C:\Users\USER\Desktop\project\calibration\moire\datasets\test\augmented_9x\0442_moire_rotation_2.jpg,rectified_patch_gpu\007969_0442_moire_rotation_2_to_orig.png,rectified_patch_gpu\007969_0442_moire_rotation_2_absdiff.png,58.73194106867284,69.17459283567545,276.26611495903376,305.3013666257982,-0.1638386527102497,-0.2741449447137068,0.02777218792331347,1.8429067354465962,-4.445807383841978,-0.45671139277887723,-6.004175491209063,2.5040821087988703,rotation,,True,6,290.783740792416,torch_cuda,cuda,OK,
7970,C:\Users\USER\Desktop\project\calibration\moire\datasets\test\0442_moire.jpg,C:\Users\USER\Desktop\project\calibration\moire\datasets\test\augmented_9x\0442_moire_rotation_3.jpg,rectified_patch_gpu\007970_0442_moire_rotation_3_to_orig.png,rectified_patch_gpu\007970_0442_moire_rotation_3_absdiff.png,58.58347427179784,69.41666523467025,276.26611495903376,309.0600833611724,-0.1638386527102497,-0.2741449447137068,0.02777218792331347,1.8429067354465962,-4.821009476865347,-3.8373243683088383,-8.756516163232774,6.276236495889768,rotation,,True,6,292.6630991601031,torch_cuda,cuda,OK,
7971,C:\Users\USER\Desktop\project\calibration\moire\datasets\test\0442_moire.jpg,C:\Users\USER\Desktop\project\calibration\moire\datasets\test\augmented_9x\0442_moire_translation_1.jpg,rectified_patch_gpu\007971_0442_moire_translation_1_to_orig.png,rectified_patch_gpu\007971_0442_moire_translation_1_absdiff.png,139.86970220871913,154.3648061280455,276.26611495903376,303.34098821230276,-0.1638386527102497,-0.2741449447137068,0.02777218792331347,1.8429067354465962,0.13083888425889503,-0.17042511338916397,0.24680736849911977,-1.5496698471594577,translation,,True,6,289.8035515856683,torch_cuda,cuda,OK,
7972,C:\Users\USER\Desktop\project\calibration\moire\datasets\test\0442_moire.jpg,C:\Users\USER\Desktop\project\calibration\moire\datasets\test\augmented_9x\0442_moire_translation_2.jpg,rectified_patch_gpu\007972_0442_moire_translation_2_to_orig.png,rectified_patch_gpu\007972_0442_moire_translation_2_absdiff.png,55.22802794656636,65.99976550128007,276.26611495903376,305.91168101459215,-0.1638386527102497,-0.2741449447137068,0.02777218792331347,1.8429067354465962,6.005083512863038,0.8901423722622397,-7.8971943409935434,-2.6333198579956876,translation,,True,6,291.088897986813,torch_cuda,cuda,OK,
7973,C:\Users\USER\Desktop\project\calibration\moire\datasets\test\0442_moire.jpg,C:\Users\USER\Desktop\project\calibration\moire\datasets\test\augmented_9x\0442_moire_translation_3.jpg,rectified_patch_gpu\007973_0442_moire_translation_3_to_orig.png,rectified_patch_gpu\007973_0442_moire_translation_3_absdiff.png,52.35996624228395,61.624217596625265,276.26611495903376,307.28389592660193,-0.1638386527102497,-0.2741449447137068,0.02777218792331347,1.8429067354465962,-9.398548770043249,1.1015822167080103,-12.479616785534823,-1.5535677008010889,translation,,True,6,291.7750054428178,torch_cuda,cuda,OK,
7974,C:\Users\USER\Desktop\project\calibration\moire\datasets\test\0443_gt.jpg,C:\Users\USER\Desktop\project\calibration\moire\datasets\test\augmented_9x\0443_gt_blackbox_1.jpg,rectified_patch_gpu\007974_0443_gt_blackbox_1_to_orig.png,rectified_patch_gpu\007974_0443_gt_blackbox_1_absdiff.png,92.00703788097994,121.15580952114655,305.38638215312244,304.89921475867214,3.437362318106997,-5.093011181465471,-8.721925046595992,-3.073149700821444,-5.069489647802498,2.701412473244844,-7.8423329387855745,3.141592653589793,blackbox,,True,1,305.14279845589726,torch_cuda,cuda,OK,
7975,C:\Users\USER\Desktop\project\calibration\moire\datasets\test\0443_gt.jpg,C:\Users\USER\Desktop\project\calibration\moire\datasets\test\augmented_9x\0443_gt_blackbox_2.jpg,rectified_patch_gpu\007975_0443_gt_blackbox_2_to_orig.png,rectified_patch_gpu\007975_0443_gt_blackbox_2_absdiff.png,117.19044511959876,139.62191157649397,306.1549979386719,303.9262699031426,2.8462717650156173,-4.357205773431151,-7.244581707727331,1.9524633183892104,-3.0335336165216704,3.0335336173492653,-5.065968551069602,3.141592653589793,blackbox,,True,12,305.0406339209072,torch_cuda,cuda,OK,
7976,C:\Users\USER\Desktop\project\calibration\moire\datasets\test\0443_gt.jpg,C:\Users\USER\Desktop\project\calibration\moire\datasets\test\augmented_9x\0443_gt_blackbox_3.jpg,rectified_patch_gpu\007976_0443_gt_blackbox_3_to_orig.png,rectified_patch_gpu\007976_0443_gt_blackbox_3_absdiff.png,86.83287241994599,121.33443665862552,304.4849444417484,303.9262699031426,0.4832935142879998,5.099997684041228,-6.746735247177624,-3.01870084598745,-3.0335336165216704,3.0335336173492653,-5.065968551069602,3.141592653589793,blackbox,,True,18,304.2056071724455,torch_cuda,cuda,OK,
7977,C:\Users\USER\Desktop\project\calibration\moire\datasets\test\0443_gt.jpg,C:\Users\USER\Desktop\project\calibration\moire\datasets\test\augmented_9x\0443_gt_rotation_1.jpg,rectified_patch_gpu\007977_0443_gt_rotation_1_to_orig.png,rectified_patch_gpu\007977_0443_gt_rotation_1_absdiff.png,163.093057966821,172.881188911925,305.19233249264494,276.41755600806874,5.748888059067005,0.05130098550737397,-8.055225322100496,3.114831082618736,0.10560078043805199,0.3856498470753121,0.036335868602150045,1.470273077847792,rotation,,True,11,290.8049442503568,torch_cuda,cuda,OK,
7978,C:\Users\USER\Desktop\project\calibration\moire\datasets\test\0443_gt.jpg,C:\Users\USER\Desktop\project\calibration\moire\datasets\test\augmented_9x\0443_gt_rotation_2.jpg,rectified_patch_gpu\007978_0443_gt_rotation_2_to_orig.png,rectified_patch_gpu\007978_0443_gt_rotation_2_absdiff.png,85.22422417534722,115.61086094471689,307.1220303854253,290.5542736161897,2.5947806467150527,-3.7990289815829077,-6.314661664822905,1.4813336016461847,-0.26210858783825824,0.6286736708874721,-0.0006976304313950354,2.2541775483828324,rotation,,True,7,298.8381520008075,torch_cuda,cuda,OK,
7979,C:\Users\USER\Desktop\project\calibration\moire\datasets\test\0443_gt.jpg,C:\Users\USER\Desktop\project\calibration\moire\datasets\test\augmented_9x\0443_gt_rotation_3.jpg,rectified_patch_gpu\007979_0443_gt_rotation_3_to_orig.png,rectified_patch_gpu\007979_0443_gt_rotation_3_absdiff.png,35.034182942708334,49.945523111314465,302.86804555821544,306.81928514440716,-0.4464904071211372,-0.12598587327284502,0.6021228540833362,2.880864659687461,6.664704992200566,-0.51317436042151,-9.491270929590165,1.7744062332296848,rotation,,True,20,304.8436653513113,torch_cuda,cuda,OK,
7980,C:\Users\USER\Desktop\project\calibration\moire\datasets\test\0443_gt.jpg,C:\Users\USER\Desktop\project\calibration\moire\datasets\test\augmented_9x\0443_gt_translation_1.jpg,rectified_patch_gpu\007980_0443_gt_translation_1_to_orig.png,rectified_patch_gpu\007980_0443_gt_translation_1_absdiff.png,55.39411976755401,81.40046999471048,303.9047379976131,304.4367479170444,1.5776704012104596,-2.204768635235973,-2.73296389936431,2.1873565828694685,0.7275718439071349,-4.695495982824959,-6.211256936578816,116.30490374181538,translation,,True,4,304.17074295732874,torch_cuda,cuda,OK,
7981,C:\Users\USER\Desktop\project\calibration\moire\datasets\test\0443_gt.jpg,C:\Users\USER\Desktop\project\calibration\moire\datasets\test\augmented_9x\0443_gt_translation_2.jpg,rectified_patch_gpu\007981_0443_gt_translation_2_to_orig.png,rectified_patch_gpu\007981_0443_gt_translation_2_absdiff.png,96.91920609085648,122.65678121248105,305.8295013762709,299.3475912913395,2.7516542154339323,-5.907131925486052,-9.196934137091322,2.332562227043636,-0.8475838688174293,1.5834343251130059,-0.5562514599238535,2.064680002840875,translation,,True,15,302.5885463338052,torch_cuda,cuda,OK,
7982,C:\Users\USER\Desktop\project\calibration\moire\datasets\test\0443_gt.jpg,C:\Users\USER\Desktop\project\calibration\moire\datasets\test\augmented_9x\0443_gt_translation_3.jpg,rectified_patch_gpu\007982_0443_gt_translation_3_to_orig.png,rectified_patch_gpu\007982_0443_gt_translation_3_absdiff.png,104.54780598958334,127.96793648085527,306.89604448689107,278.7155030181305,2.4580564792358937,-5.341812445069422,-8.356502392293814,1.635343365820671,0.2483506779167725,-0.2231815431332268,-0.010511382385825635,2.673121327686671,translation,,True,17,292.8057737525108,torch_cuda,cuda,OK,
7983,C:\Users\USER\Desktop\project\calibration\moire\datasets\test\0443_moire.jpg,C:\Users\USER\Desktop\project\calibration\moire\datasets\test\augmented_9x\0443_moire_blackbox_1.jpg,rectified_patch_gpu\007983_0443_moire_blackbox_1_to_orig.png,rectified_patch_gpu\007983_0443_moire_blackbox_1_absdiff.png,106.81565200617284,131.7299530863177,305.9816814620699,305.969676855046,0.05601925583741374,-4.999613162842564,-6.429047588718504,-2.5342454959293224,0.17756536809723933,-4.908942167410686,-6.323509497311051,2.5303811000153873,blackbox,,True,17,305.9756791585579,torch_cuda,cuda,OK,
7984,C:\Users\USER\Desktop\project\calibration\moire\datasets\test\0443_moire.jpg,C:\Users\USER\Desktop\project\calibration\moire\datasets\test\augmented_9x\0443_moire_blackbox_2.jpg,rectified_patch_gpu\007984_0443_moire_blackbox_2_to_orig.png,rectified_patch_gpu\007984_0443_moire_blackbox_2_absdiff.png,163.20305772569444,172.52139691336785,309.33706810768547,296.90245808886624,-2.608756823628646,5.144926085396893,-8.068808554728015,2456.5440510614912,-0.03415275097107677,-0.23157530014101627,0.18756402235109013,1.946817067553803,blackbox,,True,7,303.1197630982758,torch_cuda,cuda,OK,
7985,C:\Users\USER\Desktop\project\calibration\moire\datasets\test\0443_moire.jpg,C:\Users\USER\Desktop\project\calibration\moire\datasets\test\augmented_9x\0443_moire_blackbox_3.jpg,rectified_patch_gpu\007985_0443_moire_blackbox_3_to_orig.png,rectified_patch_gpu\007985_0443_moire_blackbox_3_absdiff.png,105.41232916184414,129.69835600712153,307.70568369745513,298.62905405173666,0.25899188065167134,-1.6976735127583673,-2.385781686513421,-1.3277101819758819,-0.6613230987058123,1.7955534034925118,-0.9929364032654115,3.141592653589793,blackbox,,True,18,303.1673688745959,torch_cuda,cuda,OK,
7986,C:\Users\USER\Desktop\project\calibration\moire\datasets\test\0443_moire.jpg,C:\Users\USER\Desktop\project\calibration\moire\datasets\test\augmented_9x\0443_moire_rotation_1.jpg,rectified_patch_gpu\007986_0443_moire_rotation_1_to_orig.png,rectified_patch_gpu\007986_0443_moire_rotation_1_absdiff.png,122.40962191358025,144.0668862662779,305.61015846708136,305.4551783755144,-9.247411307650047,1.1195533859733127,-12.875695962797813,-21579.425822824076,-5.4673851070088455,0.3193088929920281,-7.404706296332667,-2.4181629823787314,rotation,,True,24,305.5326684212979,torch_cuda,cuda,OK,
7987,C:\Users\USER\Desktop\project\calibration\moire\datasets\test\0443_moire.jpg,C:\Users\USER\Desktop\project\calibration\moire\datasets\test\augmented_9x\0443_moire_rotation_2.jpg,rectified_patch_gpu\007987_0443_moire_rotation_2_to_orig.png,rectified_patch_gpu\007987_0443_moire_rotation_2_absdiff.png,115.36652042341821,140.1005995333619,306.12528040926713,304.0708141976914,5.20310687548465,0.14331698372519952,-6.661089475194359,2.4719452856782005,2.261312105471092,-1.8823492141552602,-3.138422074110313,2.2921251060732777,rotation,,True,12,305.09804730347923,torch_cuda,cuda,OK,
7988,C:\Users\USER\Desktop\project\calibration\moire\datasets\test\0443_moire.jpg,C:\Users\USER\Desktop\project\calibration\moire\datasets\test\augmented_9x\0443_moire_rotation_3.jpg,rectified_patch_gpu\007988_0443_moire_rotation_3_to_orig.png,rectified_patch_gpu\007988_0443_moire_rotation_3_absdiff.png,147.70027970679013,160.8350629487153,305.61015846708136,303.9262699031426,-9.247411307650047,1.1195533859733127,-12.875695962797813,-21579.425822824076,-3.0335336165216704,3.0335336173492653,-5.065968551069602,3.141592653589793,rotation,,True,24,304.768214185112,torch_cuda,cuda,OK,
7989,C:\Users\USER\Desktop\project\calibration\moire\datasets\test\0443_moire.jpg,C:\Users\USER\Desktop\project\calibration\moire\datasets\test\augmented_9x\0443_moire_translation_1.jpg,rectified_patch_gpu\007989_0443_moire_translation_1_to_orig.png,rectified_patch_gpu\007989_0443_moire_translation_1_absdiff.png,160.80921163676697,170.3442709624115,305.9984274926897,305.8110159199735,0.2533445162530743,-5.240294980862501,-6.722434079441641,2.5022767065496203,0.9284823309178556,0.7242440173840583,-1.6683220363755273,361048.3384968152,translation,,True,11,305.9047217063316,torch_cuda,cuda,OK,
7990,C:\Users\USER\Desktop\project\calibration\moire\datasets\test\0443_moire.jpg,C:\Users\USER\Desktop\project\calibration\moire\datasets\test\augmented_9x\0443_moire_translation_2.jpg,rectified_patch_gpu\007990_0443_moire_translation_2_to_orig.png,rectified_patch_gpu\007990_0443_moire_translation_2_absdiff.png,81.53629231770833,107.37104006042956,306.36846536348475,305.0775626760229,-1.8903285443665476,-0.396980775770876,-2.7439354717824695,2.0933721906248186,-1.545293316237939,-1.0591134266263877,-2.6013358700019054,3.0970676237058448,translation,,True,13,305.7230140197538,torch_cuda,cuda,OK,
7991,C:\Users\USER\Desktop\project\calibration\moire\datasets\test\0443_moire.jpg,C:\Users\USER\Desktop\project\calibration\moire\datasets\test\augmented_9x\0443_moire_translation_3.jpg,rectified_patch_gpu\007991_0443_moire_translation_3_to_orig.png,rectified_patch_gpu\007991_0443_moire_translation_3_absdiff.png,176.92222246334876,181.16303184321617,308.79033422136524,300.64637858475476,3.87948756213056,-5.769118000132707,-9.491943372537413,0.17430756276176623,0.06578599660798835,0.05504871816195708,0.3753506965996615,5927.42479203868,translation,,True,20,304.71835640306,torch_cuda,cuda,OK,
7992,C:\Users\USER\Desktop\project\calibration\moire\datasets\test\0444_gt.jpg,C:\Users\USER\Desktop\project\calibration\moire\datasets\test\augmented_9x\0444_gt_blackbox_1.jpg,rectified_patch_gpu\007992_0444_gt_blackbox_1_to_orig.png,rectified_patch_gpu\007992_0444_gt_blackbox_1_absdiff.png,129.78346221547068,144.48031067424392,307.0906857818728,301.4258282629149,5.503885742326107,-0.8144908777590321,-7.800595693310159,-1.6683793260803024,1.734660550565175,0.13469444705014466,-1.0079390829510053,2.5202365245572658,blackbox,,True,22,304.2582570223939,torch_cuda,cuda,OK,
7993,C:\Users\USER\Desktop\project\calibration\moire\datasets\test\0444_gt.jpg,C:\Users\USER\Desktop\project\calibration\moire\datasets\test\augmented_9x\0444_gt_blackbox_2.jpg,rectified_patch_gpu\007993_0444_gt_blackbox_2_to_orig.png,rectified_patch_gpu\007993_0444_gt_blackbox_2_absdiff.png,129.31152693383487,144.0520259588398,307.0906857818728,301.4258282629149,5.503885742326107,-0.8144908777590321,-7.800595693310159,-1.6683793260803024,1.734660550565175,0.13469444705014466,-1.0079390829510053,2.5202365245572658,blackbox,,True,22,304.2582570223939,torch_cuda,cuda,OK,
7994,C:\Users\USER\Desktop\project\calibration\moire\datasets\test\0444_gt.jpg,C:\Users\USER\Desktop\project\calibration\moire\datasets\test\augmented_9x\0444_gt_blackbox_3.jpg,rectified_patch_gpu\007994_0444_gt_blackbox_3_to_orig.png,rectified_patch_gpu\007994_0444_gt_blackbox_3_absdiff.png,132.96507185570988,146.97633944097515,307.0906857818728,301.4258282629149,5.503885742326107,-0.8144908777590321,-7.800595693310159,-1.6683793260803024,1.734660550565175,0.13469444705014466,-1.0079390829510053,2.5202365245572658,blackbox,,True,22,304.2582570223939,torch_cuda,cuda,OK,
7995,C:\Users\USER\Desktop\project\calibration\moire\datasets\test\0444_gt.jpg,C:\Users\USER\Desktop\project\calibration\moire\datasets\test\augmented_9x\0444_gt_rotation_1.jpg,rectified_patch_gpu\007995_0444_gt_rotation_1_to_orig.png,rectified_patch_gpu\007995_0444_gt_rotation_1_absdiff.png,131.25560173128858,145.6596626195912,310.4282461717569,298.78249191816354,3.544925389099317,0.253144861918647,-4.021436086992692,0.39567885137364994,-0.39192644664198995,1.3876643558592985,-0.16684194282794684,2.728171997190736,rotation,,True,2,304.6053690449602,torch_cuda,cuda,OK,
7996,C:\Users\USER\Desktop\project\calibration\moire\datasets\test\0444_gt.jpg,C:\Users\USER\Desktop\project\calibration\moire\datasets\test\augmented_9x\0444_gt_rotation_2.jpg,rectified_patch_gpu\007996_0444_gt_rotation_2_to_orig.png,rectified_patch_gpu\007996_0444_gt_rotation_2_absdiff.png,100.38264117959105,119.52196436689668,304.3329644803404,305.47578756797014,-1.7827648604256419,2.279659129454779,-2.8690822947454926,2.027344615266811,5.3724287177947225,-3.2145469687574355,-8.886461145803231,2.738106551410001,rotation,,True,14,304.9043760241553,torch_cuda,cuda,OK,
7997,C:\Users\USER\Desktop\project\calibration\moire\datasets\test\0444_gt.jpg,C:\Users\USER\Desktop\project\calibration\moire\datasets\test\augmented_9x\0444_gt_rotation_3.jpg,rectified_patch_gpu\007997_0444_gt_rotation_3_to_orig.png,rectified_patch_gpu\007997_0444_gt_rotation_3_absdiff.png,130.6446459056713,145.8373909509089,306.28408007714955,300.8653595564473,2.6683228629064892,-4.46663896188629,-7.187539792078709,-2.115597567505388,0.21947832412599863,0.09974615777430565,0.22465786240042437,2.341835005605505,rotation,,True,21,303.5747198167984,torch_cuda,cuda,OK,
7998,C:\Users\USER\Desktop\project\calibration\moire\datasets\test\0444_gt.jpg,C:\Users\USER\Desktop\project\calibration\moire\datasets\test\augmented_9x\0444_gt_translation_1.jpg,rectified_patch_gpu\007998_0444_gt_translation_1_to_orig.png,rectified_patch_gpu\007998_0444_gt_translation_1_absdiff.png,102.14101357542438,119.7961660200718,305.3347230642131,304.8090738542159,6.244660117702651,0.829744750192877,-8.934087651814153,128.74741469102048,-4.092763542984985,-2.5824342916687337,-6.394944975974445,-2.6258633642818214,translation,,True,6,305.0718984592145,torch_cuda,cuda,OK,
7999,C:\Users\USER\Desktop\project\calibration\moire\datasets\test\0444_gt.jpg,C:\Users\USER\Desktop\project\calibration\moire\datasets\test\augmented_9x\0444_gt_translation_2.jpg,rectified_patch_gpu\007999_0444_gt_translation_2_to_orig.png,rectified_patch_gpu\007999_0444_gt_translation_2_absdiff.png,133.47323555652005,148.23902027035493,305.9938932658952,293.6820102488034,-0.8868087578774306,-5.799971833492936,-8.27280621452223,2.2448425728425274,-0.0002951936907286902,0.11946789494605731,0.30790027821597715,2.9889600119679516,translation,,True,23,299.8379517573493,torch_cuda,cuda,OK,
8000,C:\Users\USER\Desktop\project\calibration\moire\datasets\test\0444_gt.jpg,C:\Users\USER\Desktop\project\calibration\moire\datasets\test\augmented_9x\0444_gt_translation_3.jpg,rectified_patch_gpu\008000_0444_gt_translation_3_to_orig.png,rectified_patch_gpu\008000_0444_gt_translation_3_absdiff.png,124.63549238040123,140.29319895467475,304.84793428577024,295.07809669507446,-4.176888101679637,2.484066350880297,-6.577585247703789,-3.0654590029304063,-0.17043298180279287,-0.24511570127504323,0.1657782135596826,1.236408709675186,translation,,True,9,299.9630154904223,torch_cuda,cuda,OK,
8001,C:\Users\USER\Desktop\project\calibration\moire\datasets\test\0444_moire.jpg,C:\Users\USER\Desktop\project\calibration\moire\datasets\test\augmented_9x\0444_moire_blackbox_1.jpg,rectified_patch_gpu\008001_0444_moire_blackbox_1_to_orig.png,rectified_patch_gpu\008001_0444_moire_blackbox_1_absdiff.png,114.83783576871141,133.6470374073419,307.2443095256128,292.03906843800655,-5.367114358440665,1.5737701409301579,-7.909928786157952,1.4891763113393508,-0.00030934405660921436,0.3716400750599618,0.055803324682723116,2.1224241056546793,blackbox,,True,12,299.6416889818097,torch_cuda,cuda,OK,
8002,C:\Users\USER\Desktop\project\calibration\moire\datasets\test\0444_moire.jpg,C:\Users\USER\Desktop\project\calibration\moire\datasets\test\augmented_9x\0444_moire_blackbox_2.jpg,rectified_patch_gpu\008002_0444_moire_blackbox_2_to_orig.png,rectified_patch_gpu\008002_0444_moire_blackbox_2_absdiff.png,134.4704865933642,150.70752898663724,297.71651887645646,308.21199708338276,-0.10653016841571944,-0.3081110222580836,0.05875137213219229,348.67997442754626,0.6315620576523033,-5.373581433607726,-7.462119617952985,-1.1615917622985477,blackbox,,True,3,302.9642579799196,torch_cuda,cuda,OK,
8003,C:\Users\USER\Desktop\project\calibration\moire\datasets\test\0444_moire.jpg,C:\Users\USER\Desktop\project\calibration\moire\datasets\test\augmented_9x\0444_moire_blackbox_3.jpg,rectified_patch_gpu\008003_0444_moire_blackbox_3_to_orig.png,rectified_patch_gpu\008003_0444_moire_blackbox_3_absdiff.png,128.76773425443673,146.27415611936607,307.2443095256128,292.03906843800655,-5.367114358440665,1.5737701409301579,-7.909928786157952,1.4891763113393508,-0.00030934405660921436,0.3716400750599618,0.055803324682723116,2.1224241056546793,blackbox,,True,12,299.6416889818097,torch_cuda,cuda,OK,
8004,C:\Users\USER\Desktop\project\calibration\moire\datasets\test\0444_moire.jpg,C:\Users\USER\Desktop\project\calibration\moire\datasets\test\augmented_9x\0444_moire_rotation_1.jpg,rectified_patch_gpu\008004_0444_moire_rotation_1_to_orig.png,rectified_patch_gpu\008004_0444_moire_rotation_1_absdiff.png,122.87432496624228,141.14119036840432,307.9952245992022,289.8073384529597,5.057762634867153,2.8815608362513725,-8.123850299242807,-1.0787942665503851,0.44512134272691684,0.365653218705816,0.01361132143795274,-181.4588433703783,rotation,,True,1,298.90128152608094,torch_cuda,cuda,OK,
8005,C:\Users\USER\Desktop\project\calibration\moire\datasets\test\0444_moire.jpg,C:\Users\USER\Desktop\project\calibration\moire\datasets\test\augmented_9x\0444_moire_rotation_2.jpg,rectified_patch_gpu\008005_0444_moire_rotation_2_to_orig.png,rectified_patch_gpu\008005_0444_moire_rotation_2_absdiff.png,87.60870527102624,108.34371832847252,297.71651887645646,305.4595297272072,-0.10653016841571944,-0.3081110222580836,0.05875137213219229,348.67997442754626,3.6704261251791195,0.7892404028676161,-4.652302681709613,2.275317403607155,rotation,,True,3,301.58802430183187,torch_cuda,cuda,OK,
8006,C:\Users\USER\Desktop\project\calibration\moire\datasets\test\0444_moire.jpg,C:\Users\USER\Desktop\project\calibration\moire\datasets\test\augmented_9x\0444_moire_rotation_3.jpg,rectified_patch_gpu\008006_0444_moire_rotation_3_to_orig.png,rectified_patch_gpu\008006_0444_moire_rotation_3_absdiff.png,116.5807464072145,136.35687247221583,305.54647907244225,297.2588675081409,5.474361278887322,-3.6259999926612565,-9.299259639408348,2.6500469796122927,0.29241572630488055,0.12289569223998432,0.028726639485984494,-0.23275041159325918,rotation,,True,16,301.40267329029155,torch_cuda,cuda,OK,
8007,C:\Users\USER\Desktop\project\calibration\moire\datasets\test\0444_moire.jpg,C:\Users\USER\Desktop\project\calibration\moire\datasets\test\augmented_9x\0444_moire_translation_1.jpg,rectified_patch_gpu\008007_0444_moire_translation_1_to_orig.png,rectified_patch_gpu\008007_0444_moire_translation_1_absdiff.png,86.39117802372685,107.57721429050488,297.71651887645646,308.2761268576557,-0.10653016841571944,-0.3081110222580836,0.05875137213219229,348.67997442754626,5.6869791010094985,-0.7607426046586074,-7.950620421244814,1.019720171073855,translation,,True,3,302.99632286705605,torch_cuda,cuda,OK,
8008,C:\Users\USER\Desktop\project\calibration\moire\datasets\test\0444_moire.jpg,C:\Users\USER\Desktop\project\calibration\moire\datasets\test\augmented_9x\0444_moire_translation_2.jpg,rectified_patch_gpu\008008_0444_moire_translation_2_to_orig.png,rectified_patch_gpu\008008_0444_moire_translation_2_absdiff.png,105.94128219039352,124.01194569839558,297.71651887645646,305.2026650930758,-0.10653016841571944,-0.3081110222580836,0.05875137213219229,348.67997442754626,5.542960438828281,0.5900149739753061,-7.799926262152063,-2.951784489549776,translation,,True,3,301.4595919847661,torch_cuda,cuda,OK,
8009,C:\Users\USER\Desktop\project\calibration\moire\datasets\test\0444_moire.jpg,C:\Users\USER\Desktop\project\calibration\moire\datasets\test\augmented_9x\0444_moire_translation_3.jpg,rectified_patch_gpu\008009_0444_moire_translation_3_to_orig.png,rectified_patch_gpu\008009_0444_moire_translation_3_absdiff.png,117.62505232445987,137.14001598415348,307.2443095256128,288.79688699340124,-5.367114358440665,1.5737701409301579,-7.909928786157952,1.4891763113393508,-0.00031210050597027446,-0.37609700077830066,-0.055862840352258525,2.122394651550175,translation,,True,12,298.020598259507,torch_cuda,cuda,OK,
8010,C:\Users\USER\Desktop\project\calibration\moire\datasets\test\0445_gt.jpg,C:\Users\USER\Desktop\project\calibration\moire\datasets\test\augmented_9x\0445_gt_blackbox_1.jpg,rectified_patch_gpu\008010_0445_gt_blackbox_1_to_orig.png,rectified_patch_gpu\008010_0445_gt_blackbox_1_absdiff.png,41.84832477334105,47.57837407190173,289.4926297162327,304.8687401556876,-0.00029169049116831337,-0.1964473407379738,0.2605821822023167,-2.928315558595516,3.705095038910098,-1.267384285857217,-4.601192706147092,2.275474490421187,blackbox,,True,8,297.18068493596013,torch_cuda,cuda,OK,
8011,C:\Users\USER\Desktop\project\calibration\moire\datasets\test\0445_gt.jpg,C:\Users\USER\Desktop\project\calibration\moire\datasets\test\augmented_9x\0445_gt_blackbox_2.jpg,rectified_patch_gpu\008011_0445_gt_blackbox_2_to_orig.png,rectified_patch_gpu\008011_0445_gt_blackbox_2_absdiff.png,96.93816297743055,104.39607012982025,289.4926297162327,304.50772639345666,-0.00029169049116831337,-0.1964473407379738,0.2605821822023167,-2.928315558595516,4.446493091153757,1.1791628440230482,-5.938815961083963,-474.3613195781991,blackbox,,True,8,297.0001780548447,torch_cuda,cuda,OK,
8012,C:\Users\USER\Desktop\project\calibration\moire\datasets\test\0445_gt.jpg,C:\Users\USER\Desktop\project\calibration\moire\datasets\test\augmented_9x\0445_gt_blackbox_3.jpg,rectified_patch_gpu\008012_0445_gt_blackbox_3_to_orig.png,rectified_patch_gpu\008012_0445_gt_blackbox_3_absdiff.png,41.84832477334105,47.57837407190173,289.4926297162327,304.8687401556876,-0.00029169049116831337,-0.1964473407379738,0.2605821822023167,-2.928315558595516,3.705095038910098,-1.267384285857217,-4.601192706147092,2.275474490421187,blackbox,,True,8,297.18068493596013,torch_cuda,cuda,OK,
8013,C:\Users\USER\Desktop\project\calibration\moire\datasets\test\0445_gt.jpg,C:\Users\USER\Desktop\project\calibration\moire\datasets\test\augmented_9x\0445_gt_rotation_1.jpg,rectified_patch_gpu\008013_0445_gt_rotation_1_to_orig.png,rectified_patch_gpu\008013_0445_gt_rotation_1_absdiff.png,52.29989040798611,61.84403507110731,298.32951379500565,298.67409295870016,0.12226930204133248,-0.25512846389356425,0.1287535390150093,2.975907425195507,0.33405087893885976,-0.0627910448140365,0.07819751344474127,-1.1465333767895005,rotation,,True,10,298.5018033768529,torch_cuda,cuda,OK,
8014,C:\Users\USER\Desktop\project\calibration\moire\datasets\test\0445_gt.jpg,C:\Users\USER\Desktop\project\calibration\moire\datasets\test\augmented_9x\0445_gt_rotation_2.jpg,rectified_patch_gpu\008014_0445_gt_rotation_2_to_orig.png,rectified_patch_gpu\008014_0445_gt_rotation_2_absdiff.png,63.20900438850309,72.00835636996968,289.4926297162327,296.5238933806855,-0.00029169049116831337,-0.1964473407379738,0.2605821822023167,-2.928315558595516,0.3381911675716297,0.0002878185969897546,-0.026099495854170013,2.1410676288022583,rotation,,True,8,293.00826154845913,torch_cuda,cuda,OK,
8015,C:\Users\USER\Desktop\project\calibration\moire\datasets\test\0445_gt.jpg,C:\Users\USER\Desktop\project\calibration\moire\datasets\test\augmented_9x\0445_gt_rotation_3.jpg,rectified_patch_gpu\008015_0445_gt_rotation_3_to_orig.png,rectified_patch_gpu\008015_0445_gt_rotation_3_absdiff.png,47.27287989486883,56.26493391543181,289.4926297162327,308.790300795581,-0.00029169049116831337,-0.1964473407379738,0.2605821822023167,-2.928315558595516,6.554767161160367,-0.7123555515490654,-9.364920602727095,-13.140511925054083,rotation,,True,8,299.14146525590684,torch_cuda,cuda,OK,
8016,C:\Users\USER\Desktop\project\calibration\moire\datasets\test\0445_gt.jpg,C:\Users\USER\Desktop\project\calibration\moire\datasets\test\augmented_9x\0445_gt_translation_1.jpg,rectified_patch_gpu\008016_0445_gt_translation_1_to_orig.png,rectified_patch_gpu\008016_0445_gt_translation_1_absdiff.png,44.40238293306327,52.18316479207651,289.4926297162327,307.0812102036668,-0.00029169049116831337,-0.1964473407379738,0.2605821822023167,-2.928315558595516,4.115655707717323,-3.3633253905775895,-7.358251967785273,1.5027365640164252,translation,,True,8,298.2869199599497,torch_cuda,cuda,OK,
8017,C:\Users\USER\Desktop\project\calibration\moire\datasets\test\0445_gt.jpg,C:\Users\USER\Desktop\project\calibration\moire\datasets\test\augmented_9x\0445_gt_translation_2.jpg,rectified_patch_gpu\008017_0445_gt_translation_2_to_orig.png,rectified_patch_gpu\008017_0445_gt_translation_2_absdiff.png,40.29818998360339,46.68864252040684,289.4926297162327,308.3092265385358,-0.00029169049116831337,-0.1964473407379738,0.2605821822023167,-2.928315558595516,5.531761755213948,2.519292335893435,-8.622660026106185,1.0462501846791852,translation,,True,8,298.9009281273843,torch_cuda,cuda,OK,
8018,C:\Users\USER\Desktop\project\calibration\moire\datasets\test\0445_gt.jpg,C:\Users\USER\Desktop\project\calibration\moire\datasets\test\augmented_9x\0445_gt_translation_3.jpg,rectified_patch_gpu\008018_0445_gt_translation_3_to_orig.png,rectified_patch_gpu\008018_0445_gt_translation_3_absdiff.png,59.51616813753858,69.31456589186142,298.32951379500565,295.80218221246065,0.12226930204133248,-0.25512846389356425,0.1287535390150093,2.975907425195507,-0.025250063198100574,-0.43073879364889794,0.029571382661642942,1.276696846866814,translation,,True,10,297.06584800373315,torch_cuda,cuda,OK,
8019,C:\Users\USER\Desktop\project\calibration\moire\datasets\test\0445_moire.jpg,C:\Users\USER\Desktop\project\calibration\moire\datasets\test\augmented_9x\0445_moire_blackbox_1.jpg,rectified_patch_gpu\008019_0445_moire_blackbox_1_to_orig.png,rectified_patch_gpu\008019_0445_moire_blackbox_1_absdiff.png,73.82124770929784,84.01920173105965,289.0561211755147,308.10712287185726,-0.14915604590547055,-0.302087739304752,-0.01280577043370331,-0.9015337634477055,-0.897993870579223,-4.801260023099119,-6.467306754844108,-1.1779910772274644,blackbox,,True,7,298.581622023686,torch_cuda,cuda,OK,
8020,C:\Users\USER\Desktop\project\calibration\moire\datasets\test\0445_moire.jpg,C:\Users\USER\Desktop\project\calibration\moire\datasets\test\augmented_9x\0445_moire_blackbox_2.jpg,rectified_patch_gpu\008020_0445_moire_blackbox_2_to_orig.png,rectified_patch_gpu\008020_0445_moire_blackbox_2_absdiff.png,120.44549515335648,132.68779560423027,289.0561211755147,308.71697228033185,-0.14915604590547055,-0.302087739304752,-0.01280577043370331,-0.9015337634477055,0.5181835566913566,-7.010346578296158,-9.133916182190447,-0.2436838445475882,blackbox,,True,7,298.88654672792325,torch_cuda,cuda,OK,
8021,C:\Users\USER\Desktop\project\calibration\moire\datasets\test\0445_moire.jpg,C:\Users\USER\Desktop\project\calibration\moire\datasets\test\augmented_9x\0445_moire_blackbox_3.jpg,rectified_patch_gpu\008021_0445_moire_blackbox_3_to_orig.png,rectified_patch_gpu\008021_0445_moire_blackbox_3_absdiff.png,58.143928433641975,69.2489796790084,289.0561211755147,309.8064844987169,-0.14915604590547055,-0.302087739304752,-0.01280577043370331,-0.9015337634477055,-1.2964959229015007,-4.761256438301977,-6.568956634239469,-0.11359639630332673,blackbox,,True,7,299.4313028371158,torch_cuda,cuda,OK,
8022,C:\Users\USER\Desktop\project\calibration\moire\datasets\test\0445_moire.jpg,C:\Users\USER\Desktop\project\calibration\moire\datasets\test\augmented_9x\0445_moire_rotation_1.jpg,rectified_patch_gpu\008022_0445_moire_rotation_1_to_orig.png,rectified_patch_gpu\008022_0445_moire_rotation_1_absdiff.png,67.91978877314814,78.19108461797015,289.0561211755147,307.61457932466055,-0.14915604590547055,-0.302087739304752,-0.01280577043370331,-0.9015337634477055,2.991920356910499,-5.259469647752393,-8.580202236033909,1.2504478606603486,rotation,,True,7,298.33535025008763,torch_cuda,cuda,OK,
8023,C:\Users\USER\Desktop\project\calibration\moire\datasets\test\0445_moire.jpg,C:\Users\USER\Desktop\project\calibration\moire\datasets\test\augmented_9x\0445_moire_rotation_2.jpg,rectified_patch_gpu\008023_0445_moire_rotation_2_to_orig.png,rectified_patch_gpu\008023_0445_moire_rotation_2_absdiff.png,67.25052035108024,79.12973175779975,289.0561211755147,309.67660229800316,-0.14915604590547055,-0.302087739304752,-0.01280577043370331,-0.9015337634477055,2.6862060680319324,-0.4414245425777098,-2.5443532699881306,0.9683506795632629,rotation,,True,7,299.3663617367589,torch_cuda,cuda,OK,
8024,C:\Users\USER\Desktop\project\calibration\moire\datasets\test\0445_moire.jpg,C:\Users\USER\Desktop\project\calibration\moire\datasets\test\augmented_9x\0445_moire_rotation_3.jpg,rectified_patch_gpu\008024_0445_moire_rotation_3_to_orig.png,rectified_patch_gpu\008024_0445_moire_rotation_3_absdiff.png,61.471753472222225,72.33900303900437,289.0561211755147,308.9563904420945,-0.14915604590547055,-0.302087739304752,-0.01280577043370331,-0.9015337634477055,5.125782949535536,3.7696596701296254,-9.03552311646181,0.4186090582265588,rotation,,True,7,299.0062558088046,torch_cuda,cuda,OK,
8025,C:\Users\USER\Desktop\project\calibration\moire\datasets\test\0445_moire.jpg,C:\Users\USER\Desktop\project\calibration\moire\datasets\test\augmented_9x\0445_moire_translation_1.jpg,rectified_patch_gpu\008025_0445_moire_translation_1_to_orig.png,rectified_patch_gpu\008025_0445_moire_translation_1_absdiff.png,86.92760428722994,99.90300033729574,305.00028203663874,302.6303885391214,-1.8182015522641897,-4.817241573743359,-6.943382068450377,-2.5330082678959487,-0.3673779487963006,-0.07836917321477001,0.14788575529526174,1.344338405961555,translation,,True,4,303.8153352878801,torch_cuda,cuda,OK,
8026,C:\Users\USER\Desktop\project\calibration\moire\datasets\test\0445_moire.jpg,C:\Users\USER\Desktop\project\calibration\moire\datasets\test\augmented_9x\0445_moire_translation_2.jpg,rectified_patch_gpu\008026_0445_moire_translation_2_to_orig.png,rectified_patch_gpu\008026_0445_moire_translation_2_absdiff.png,56.458158516589506,66.32359164425394,289.0561211755147,309.77425371576106,-0.14915604590547055,-0.302087739304752,-0.01280577043370331,-0.9015337634477055,3.2333454878551917,-2.869032292591885,-5.402032481081943,-0.6861103596207875,translation,,True,7,299.4151874456379,torch_cuda,cuda,OK,
8027,C:\Users\USER\Desktop\project\calibration\moire\datasets\test\0445_moire.jpg,C:\Users\USER\Desktop\project\calibration\moire\datasets\test\augmented_9x\0445_moire_translation_3.jpg,rectified_patch_gpu\008027_0445_moire_translation_3_to_orig.png,rectified_patch_gpu\008027_0445_moire_translation_3_absdiff.png,69.69719750675155,81.6086532795349,289.0561211755147,308.77365625797796,-0.14915604590547055,-0.302087739304752,-0.01280577043370331,-0.9015337634477055,3.4967435599759766,-0.8971801482247591,-3.9987766691094855,-183.42598570244678,translation,,True,7,298.9148887167463,torch_cuda,cuda,OK,
8028,C:\Users\USER\Desktop\project\calibration\moire\datasets\test\0446_gt.jpg,C:\Users\USER\Desktop\project\calibration\moire\datasets\test\augmented_9x\0446_gt_blackbox_1.jpg,rectified_patch_gpu\008028_0446_gt_blackbox_1_to_orig.png,rectified_patch_gpu\008028_0446_gt_blackbox_1_absdiff.png,106.31149365837192,126.21898458038731,305.6800550772557,303.9262699031426,6.168197146141599,0.9693674339617653,-8.848203638863172,-2.4753250283663952,-3.0335336165216704,3.0335336173492653,-5.065968551069602,3.141592653589793,blackbox,,True,0,304.80316249019916,torch_cuda,cuda,OK,
8029,C:\Users\USER\Desktop\project\calibration\moire\datasets\test\0446_gt.jpg,C:\Users\USER\Desktop\project\calibration\moire\datasets\test\augmented_9x\0446_gt_blackbox_2.jpg,rectified_patch_gpu\008029_0446_gt_blackbox_2_to_orig.png,rectified_patch_gpu\008029_0446_gt_blackbox_2_absdiff.png,40.213640769675926,63.11061549796533,304.89748154660083,304.8955385542977,4.906609323490032,0.5704973241925583,-6.680607981196954,2.941134243842717,4.926414838301306,0.16791117354196552,-6.65638334454043,2.9052259755754233,blackbox,,True,4,304.89651005044925,torch_cuda,cuda,OK,
8030,C:\Users\USER\Desktop\project\calibration\moire\datasets\test\0446_gt.jpg,C:\Users\USER\Desktop\project\calibration\moire\datasets\test\augmented_9x\0446_gt_blackbox_3.jpg,rectified_patch_gpu\008030_0446_gt_blackbox_3_to_orig.png,rectified_patch_gpu\008030_0446_gt_blackbox_3_absdiff.png,39.09791292920524,64.1120595704428,304.89748154660083,304.8955385542977,4.906609323490032,0.5704973241925583,-6.680607981196954,2.941134243842717,4.926414838301306,0.16791117354196552,-6.65638334454043,2.9052259755754233,blackbox,,True,4,304.89651005044925,torch_cuda,cuda,OK,
8031,C:\Users\USER\Desktop\project\calibration\moire\datasets\test\0446_gt.jpg,C:\Users\USER\Desktop\project\calibration\moire\datasets\test\augmented_9x\0446_gt_rotation_1.jpg,rectified_patch_gpu\008031_0446_gt_rotation_1_to_orig.png,rectified_patch_gpu\008031_0446_gt_rotation_1_absdiff.png,109.19872805748457,128.95739634132013,309.34219628536033,299.840946499572,4.917900994986244,-2.8231666255835486,-7.8851586744080375,-0.14770970982851972,-0.704705528279959,1.6519812808612293,-0.272569265721742,2.8184585771792054,rotation,,True,24,304.59157139246616,torch_cuda,cuda,OK,
8032,C:\Users\USER\Desktop\project\calibration\moire\datasets\test\0446_gt.jpg,C:\Users\USER\Desktop\project\calibration\moire\datasets\test\augmented_9x\0446_gt_rotation_2.jpg,rectified_patch_gpu\008032_0446_gt_rotation_2_to_orig.png,rectified_patch_gpu\008032_0446_gt_rotation_2_absdiff.png,115.04388430748457,132.34298145283134,305.7387250843581,292.0439236031083,-0.0014588036247667711,-5.272094858438005,-7.290253835597974,-2.267747838021587,-0.02294797144752719,-0.18117715524892494,0.2942357949841301,-40.592018796649185,rotation,,True,5,298.89132434373323,torch_cuda,cuda,OK,
8033,C:\Users\USER\Desktop\project\calibration\moire\datasets\test\0446_gt.jpg,C:\Users\USER\Desktop\project\calibration\moire\datasets\test\augmented_9x\0446_gt_rotation_3.jpg,rectified_patch_gpu\008033_0446_gt_rotation_3_to_orig.png,rectified_patch_gpu\008033_0446_gt_rotation_3_absdiff.png,103.93041027681328,124.80448079990708,305.58769751911433,280.051887591813,5.5417062944181055,-3.1454251850895547,-9.045314423120013,2.4953524180566657,-0.0002768379915701024,-0.2952880963972349,0.09336375295492398,-2.5459679890622255,rotation,,True,9,292.81979255546366,torch_cuda,cuda,OK,
8034,C:\Users\USER\Desktop\project\calibration\moire\datasets\test\0446_gt.jpg,C:\Users\USER\Desktop\project\calibration\moire\datasets\test\augmented_9x\0446_gt_translation_1.jpg,rectified_patch_gpu\008034_0446_gt_translation_1_to_orig.png,rectified_patch_gpu\008034_0446_gt_translation_1_absdiff.png,115.09466688368056,132.41202878922923,304.4577798195471,295.70773151734414,3.86310134206946,0.0017573319362894544,-4.58188761614653,-2.625899568036044,-0.0926337160378162,-0.15936140022487544,0.2531328287608311,2.1958455634520524,translation,,True,3,300.08275566844566,torch_cuda,cuda,OK,
8035,C:\Users\USER\Desktop\project\calibration\moire\datasets\test\0446_gt.jpg,C:\Users\USER\Desktop\project\calibration\moire\datasets\test\augmented_9x\0446_gt_translation_2.jpg,rectified_patch_gpu\008035_0446_gt_translation_2_to_orig.png,rectified_patch_gpu\008035_0446_gt_translation_2_absdiff.png,115.02715663580247,132.33140172343494,308.45274037559244,295.8441572644587,3.439056045483281,4.761914894904384,-8.277558114623249,-0.7877169741759924,0.08665359817817896,0.12309086510010299,0.29664064806999296,2.527381953499981,translation,,True,20,302.1484488200256,torch_cuda,cuda,OK,
8036,C:\Users\USER\Desktop\project\calibration\moire\datasets\test\0446_gt.jpg,C:\Users\USER\Desktop\project\calibration\moire\datasets\test\augmented_9x\0446_gt_translation_3.jpg,rectified_patch_gpu\008036_0446_gt_translation_3_to_orig.png,rectified_patch_gpu\008036_0446_gt_translation_3_absdiff.png,79.1909408757716,105.7968115400046,305.12331778736143,305.85658426475743,-4.02595096443735,-3.613369856495403,-7.553027321825523,3.109158233363766,1.9891089082521338,-6.115869853325204,-9.090851917944988,-2.483582569192557,translation,,True,23,305.48995102605943,torch_cuda,cuda,OK,
8037,C:\Users\USER\Desktop\project\calibration\moire\datasets\test\0446_moire.jpg,C:\Users\USER\Desktop\project\calibration\moire\datasets\test\augmented_9x\0446_moire_blackbox_1.jpg,rectified_patch_gpu\008037_0446_moire_blackbox_1_to_orig.png,rectified_patch_gpu\008037_0446_moire_blackbox_1_absdiff.png,27.367038122106482,71.74907222055903,298.0964742845076,298.0964742845076,-0.20483585645435268,1.5528386349353558,-0.28062620276025707,2.7903446393603883,-0.20483585645435268,1.5528386349353558,-0.28062620276025707,2.7903446393603883,blackbox,,True,14,298.0964742845076,torch_cuda,cuda,OK,
8038,C:\Users\USER\Desktop\project\calibration\moire\datasets\test\0446_moire.jpg,C:\Users\USER\Desktop\project\calibration\moire\datasets\test\augmented_9x\0446_moire_blackbox_2.jpg,rectified_patch_gpu\008038_0446_moire_blackbox_2_to_orig.png,rectified_patch_gpu\008038_0446_moire_blackbox_2_absdiff.png,14.106400824652777,43.8614054312591,298.0964742845076,298.0964742845076,-0.20483585645435268,1.5528386349353558,-0.28062620276025707,2.7903446393603883,-0.20483585645435268,1.5528386349353558,-0.28062620276025707,2.7903446393603883,blackbox,,True,14,298.0964742845076,torch_cuda,cuda,OK,
8039,C:\Users\USER\Desktop\project\calibration\moire\datasets\test\0446_moire.jpg,C:\Users\USER\Desktop\project\calibration\moire\datasets\test\augmented_9x\0446_moire_blackbox_3.jpg,rectified_patch_gpu\008039_0446_moire_blackbox_3_to_orig.png,rectified_patch_gpu\008039_0446_moire_blackbox_3_absdiff.png,15.813054470486112,47.100687237631014,298.0964742845076,298.0964742845076,-0.20483585645435268,1.5528386349353558,-0.28062620276025707,2.7903446393603883,-0.20483585645435268,1.5528386349353558,-0.28062620276025707,2.7903446393603883,blackbox,,True,14,298.0964742845076,torch_cuda,cuda,OK,
8040,C:\Users\USER\Desktop\project\calibration\moire\datasets\test\0446_moire.jpg,C:\Users\USER\Desktop\project\calibration\moire\datasets\test\augmented_9x\0446_moire_rotation_1.jpg,rectified_patch_gpu\008040_0446_moire_rotation_1_to_orig.png,rectified_patch_gpu\008040_0446_moire_rotation_1_absdiff.png,87.55401487750771,105.42346626907194,295.46760657649924,308.28659940554246,-0.006730518422439217,0.04095391351942817,0.30991827099770397,-3.100237772997724,5.271727875098348,0.5445542919305234,-7.401670357670206,-0.9960130587027848,rotation,,True,22,301.8771029910208,torch_cuda,cuda,OK,
8041,C:\Users\USER\Desktop\project\calibration\moire\datasets\test\0446_moire.jpg,C:\Users\USER\Desktop\project\calibration\moire\datasets\test\augmented_9x\0446_moire_rotation_2.jpg,rectified_patch_gpu\008041_0446_moire_rotation_2_to_orig.png,rectified_patch_gpu\008041_0446_moire_rotation_2_absdiff.png,95.31885609567901,113.2920113013314,295.46760657649924,309.27068347883977,-0.006730518422439217,0.04095391351942817,0.30991827099770397,-3.100237772997724,-0.47945867702123757,5.51862120236499,-7.754761809031704,0.25865967627814657,rotation,,True,22,302.3691450276695,torch_cuda,cuda,OK,
8042,C:\Users\USER\Desktop\project\calibration\moire\datasets\test\0446_moire.jpg,C:\Users\USER\Desktop\project\calibration\moire\datasets\test\augmented_9x\0446_moire_rotation_3.jpg,rectified_patch_gpu\008042_0446_moire_rotation_3_to_orig.png,rectified_patch_gpu\008042_0446_moire_rotation_3_absdiff.png,86.09529477719907,101.24057187340104,295.46760657649924,305.24528765426663,-0.006730518422439217,0.04095391351942817,0.30991827099770397,-3.100237772997724,-0.0014422792105558756,5.4167759194001945,-7.504321478779709,-2.613664692857221,rotation,,True,22,300.35644711538293,torch_cuda,cuda,OK,
8043,C:\Users\USER\Desktop\project\calibration\moire\datasets\test\0446_moire.jpg,C:\Users\USER\Desktop\project\calibration\moire\datasets\test\augmented_9x\0446_moire_translation_1.jpg,rectified_patch_gpu\008043_0446_moire_translation_1_to_orig.png,rectified_patch_gpu\008043_0446_moire_translation_1_absdiff.png,87.97073820891204,97.45316336621394,295.46760657649924,305.3286524257882,-0.006730518422439217,0.04095391351942817,0.30991827099770397,-3.100237772997724,6.201727494994293,0.1297563559511295,-8.79642904130981,-3.116501803015264,translation,,True,22,300.3981295011437,torch_cuda,cuda,OK,
8044,C:\Users\USER\Desktop\project\calibration\moire\datasets\test\0446_moire.jpg,C:\Users\USER\Desktop\project\calibration\moire\datasets\test\augmented_9x\0446_moire_translation_2.jpg,rectified_patch_gpu\008044_0446_moire_translation_2_to_orig.png,rectified_patch_gpu\008044_0446_moire_translation_2_absdiff.png,86.47735604745371,103.77061809158118,295.46760657649924,305.8163129401138,-0.006730518422439217,0.04095391351942817,0.30991827099770397,-3.100237772997724,4.143347771314158,3.987657177810993,-8.027329457385068,2.4214279273630024,translation,,True,22,300.6419597583065,torch_cuda,cuda,OK,
8045,C:\Users\USER\Desktop\project\calibration\moire\datasets\test\0446_moire.jpg,C:\Users\USER\Desktop\project\calibration\moire\datasets\test\augmented_9x\0446_moire_translation_3.jpg,rectified_patch_gpu\008045_0446_moire_translation_3_to_orig.png,rectified_patch_gpu\008045_0446_moire_translation_3_absdiff.png,74.50877242476852,88.55413807320421,295.46760657649924,305.00808983626945,-0.006730518422439217,0.04095391351942817,0.30991827099770397,-3.100237772997724,-4.870499908100323,1.8319017435240403,-7.166398955456527,-3.0840833498824876,translation,,True,22,300.23784820638434,torch_cuda,cuda,OK,
8046,C:\Users\USER\Desktop\project\calibration\moire\datasets\test\0447_gt.jpg,C:\Users\USER\Desktop\project\calibration\moire\datasets\test\augmented_9x\0447_gt_blackbox_1.jpg,rectified_patch_gpu\008046_0447_gt_blackbox_1_to_orig.png,rectified_patch_gpu\008046_0447_gt_blackbox_1_absdiff.png,73.47358422550154,98.43805873530927,307.1965437457127,293.44551487335343,5.403486655956895,-2.2375819976329474,-8.308723423813252,1.4935125811370173,-0.10945927090912938,0.24221728943658702,0.19656693452479207,65.81283143960691,blackbox,,True,12,300.32102930953306,torch_cuda,cuda,OK,
8047,C:\Users\USER\Desktop\project\calibration\moire\datasets\test\0447_gt.jpg,C:\Users\USER\Desktop\project\calibration\moire\datasets\test\augmented_9x\0447_gt_blackbox_2.jpg,rectified_patch_gpu\008047_0447_gt_blackbox_2_to_orig.png,rectified_patch_gpu\008047_0447_gt_blackbox_2_absdiff.png,69.5055264998071,92.59835458250824,308.9924014676691,298.3415750432029,2.8880046693912567,-5.260934961352991,-8.499849856956,0.34080569688872037,0.5827914939833839,-0.009203304810543805,0.015767959392846587,0.6470592563397514,blackbox,,True,21,303.66698825543597,torch_cuda,cuda,OK,
8048,C:\Users\USER\Desktop\project\calibration\moire\datasets\test\0447_gt.jpg,C:\Users\USER\Desktop\project\calibration\moire\datasets\test\augmented_9x\0447_gt_blackbox_3.jpg,rectified_patch_gpu\008048_0447_gt_blackbox_3_to_orig.png,rectified_patch_gpu\008048_0447_gt_blackbox_3_absdiff.png,73.4371437355324,98.40898452414935,307.1965437457127,293.44551487335343,5.403486655956895,-2.2375819976329474,-8.308723423813252,1.4935125811370173,-0.10945927090912938,0.24221728943658702,0.19656693452479207,65.81283143960691,blackbox,,True,12,300.32102930953306,torch_cuda,cuda,OK,
8049,C:\Users\USER\Desktop\project\calibration\moire\datasets\test\0447_gt.jpg,C:\Users\USER\Desktop\project\calibration\moire\datasets\test\augmented_9x\0447_gt_rotation_1.jpg,rectified_patch_gpu\008049_0447_gt_rotation_1_to_orig.png,rectified_patch_gpu\008049_0447_gt_rotation_1_absdiff.png,75.20875048225308,97.82480617794205,280.9703922466777,300.32693411583716,-0.00027689348141592634,0.29021332842772457,0.1082928403722333,2.559564452144665,-0.00028127696019728806,0.13618737271905595,0.2836981561370699,-2.2817285990535856,rotation,,True,14,290.64866318125746,torch_cuda,cuda,OK,
8050,C:\Users\USER\Desktop\project\calibration\moire\datasets\test\0447_gt.jpg,C:\Users\USER\Desktop\project\calibration\moire\datasets\test\augmented_9x\0447_gt_rotation_2.jpg,rectified_patch_gpu\008050_0447_gt_rotation_2_to_orig.png,rectified_patch_gpu\008050_0447_gt_rotation_2_absdiff.png,63.105986930941356,72.6728821116619,280.9703922466777,305.92406072333256,-0.00027689348141592634,0.29021332842772457,0.1082928403722333,2.559564452144665,5.419524689989846,-0.0816237812058489,-7.648823204846778,2.293118189090094,rotation,,True,14,293.4472264850051,torch_cuda,cuda,OK,
8051,C:\Users\USER\Desktop\project\calibration\moire\datasets\test\0447_gt.jpg,C:\Users\USER\Desktop\project\calibration\moire\datasets\test\augmented_9x\0447_gt_rotation_3.jpg,rectified_patch_gpu\008051_0447_gt_rotation_3_to_orig.png,rectified_patch_gpu\008051_0447_gt_rotation_3_absdiff.png,72.69419572241512,97.71571296746382,304.66236175410916,303.9775808959513,-3.673908057178056,1.1912076743897642,-4.703750735458455,2.47865558063034,-0.07185390301513941,0.2237793363640068,0.23500417964626816,2.2978639336847992,rotation,,True,4,304.3199713250302,torch_cuda,cuda,OK,
8052,C:\Users\USER\Desktop\project\calibration\moire\datasets\test\0447_gt.jpg,C:\Users\USER\Desktop\project\calibration\moire\datasets\test\augmented_9x\0447_gt_translation_1.jpg,rectified_patch_gpu\008052_0447_gt_translation_1_to_orig.png,rectified_patch_gpu\008052_0447_gt_translation_1_absdiff.png,65.38962275752314,74.87916794589457,280.9703922466777,306.42023962188824,-0.00027689348141592634,0.29021332842772457,0.1082928403722333,2.559564452144665,-4.385502895318484,0.0017207059241503898,-5.6570600185458755,1.872424301574138,translation,,True,14,293.695315934283,torch_cuda,cuda,OK,
8053,C:\Users\USER\Desktop\project\calibration\moire\datasets\test\0447_gt.jpg,C:\Users\USER\Desktop\project\calibration\moire\datasets\test\augmented_9x\0447_gt_translation_2.jpg,rectified_patch_gpu\008053_0447_gt_translation_2_to_orig.png,rectified_patch_gpu\008053_0447_gt_translation_2_absdiff.png,60.80064742476852,74.05608882009021,280.9703922466777,307.418451717578,-0.00027689348141592634,0.29021332842772457,0.1082928403722333,2.559564452144665,-6.390229572246474,-1.4802531331236244,-9.307989087729753,1.5149948117859542,translation,,True,14,294.1944219821279,torch_cuda,cuda,OK,
8054,C:\Users\USER\Desktop\project\calibration\moire\datasets\test\0447_gt.jpg,C:\Users\USER\Desktop\project\calibration\moire\datasets\test\augmented_9x\0447_gt_translation_3.jpg,rectified_patch_gpu\008054_0447_gt_translation_3_to_orig.png,rectified_patch_gpu\008054_0447_gt_translation_3_absdiff.png,59.25373046875,81.75948472646625,280.9703922466777,301.5669354638868,-0.00027689348141592634,0.29021332842772457,0.1082928403722333,2.559564452144665,-0.0002800525283174496,0.021313507832844365,0.3126051984671105,2.359642844615752,translation,,True,14,291.2686638552823,torch_cuda,cuda,OK,
8055,C:\Users\USER\Desktop\project\calibration\moire\datasets\test\0447_moire.jpg,C:\Users\USER\Desktop\project\calibration\moire\datasets\test\augmented_9x\0447_moire_blackbox_1.jpg,rectified_patch_gpu\008055_0447_moire_blackbox_1_to_orig.png,rectified_patch_gpu\008055_0447_moire_blackbox_1_absdiff.png,104.8909447337963,126.51145342594718,307.37702321970414,296.8747581981209,5.987625278704368,0.0009729667710249652,-8.50701627464528,-1.4820448346253714,-0.10922067064167205,0.11757240940514696,0.2922049438422625,110.66110357031408,blackbox,,True,21,302.1258907089125,torch_cuda,cuda,OK,
8056,C:\Users\USER\Desktop\project\calibration\moire\datasets\test\0447_moire.jpg,C:\Users\USER\Desktop\project\calibration\moire\datasets\test\augmented_9x\0447_moire_blackbox_2.jpg,rectified_patch_gpu\008056_0447_moire_blackbox_2_to_orig.png,rectified_patch_gpu\008056_0447_moire_blackbox_2_absdiff.png,104.90104395736883,126.51504127194161,306.4635280619206,289.7856373360676,6.200317016345812,-0.7463519277665409,-8.850571939345537,-2.0072495060034155,0.0175851235314311,0.2015046763675072,0.28424245859232056,-3.0616395776443768,blackbox,,True,1,298.1245826989941,torch_cuda,cuda,OK,
8057,C:\Users\USER\Desktop\project\calibration\moire\datasets\test\0447_moire.jpg,C:\Users\USER\Desktop\project\calibration\moire\datasets\test\augmented_9x\0447_moire_blackbox_3.jpg,rectified_patch_gpu\008057_0447_moire_blackbox_3_to_orig.png,rectified_patch_gpu\008057_0447_moire_blackbox_3_absdiff.png,104.89425286940586,126.51023589512953,306.4635280619206,289.7856373360676,6.200317016345812,-0.7463519277665409,-8.850571939345537,-2.0072495060034155,0.0175851235314311,0.2015046763675072,0.28424245859232056,-3.0616395776443768,blackbox,,True,1,298.1245826989941,torch_cuda,cuda,OK,
8058,C:\Users\USER\Desktop\project\calibration\moire\datasets\test\0447_moire.jpg,C:\Users\USER\Desktop\project\calibration\moire\datasets\test\augmented_9x\0447_moire_rotation_1.jpg,rectified_patch_gpu\008058_0447_moire_rotation_1_to_orig.png,rectified_patch_gpu\008058_0447_moire_rotation_1_absdiff.png,85.40508258584104,107.82050833951237,305.7157126216037,306.218607161549,-9.243424759732065,-2.1429210197817277,-12.524455289463667,-3.0222473741045994,2.9314987586563888,-5.112427850716067,-8.36912398289059,-2.22484558214846,rotation,,True,11,305.96715989157633,torch_cuda,cuda,OK,
8059,C:\Users\USER\Desktop\project\calibration\moire\datasets\test\0447_moire.jpg,C:\Users\USER\Desktop\project\calibration\moire\datasets\test\augmented_9x\0447_moire_rotation_2.jpg,rectified_patch_gpu\008059_0447_moire_rotation_2_to_orig.png,rectified_patch_gpu\008059_0447_moire_rotation_2_absdiff.png,101.58906045042438,119.88213016836441,305.03646498050915,305.19993432251175,3.556784558844046,-3.8472166983152354,-7.2054063177004295,2.676579880323245,-4.732407164264561,-0.703142327306884,-6.326309835440164,66.67095239579275,rotation,,True,24,305.11819965151045,torch_cuda,cuda,OK,
8060,C:\Users\USER\Desktop\project\calibration\moire\datasets\test\0447_moire.jpg,C:\Users\USER\Desktop\project\calibration\moire\datasets\test\augmented_9x\0447_moire_rotation_3.jpg,rectified_patch_gpu\008060_0447_moire_rotation_3_to_orig.png,rectified_patch_gpu\008060_0447_moire_rotation_3_absdiff.png,72.06161373939044,98.17509367580598,305.03646498050915,303.9262699031426,3.556784558844046,-3.8472166983152354,-7.2054063177004295,2.676579880323245,-3.0335336165216704,3.0335336173492653,-5.065968551069602,3.141592653589793,rotation,,True,24,304.4813674418259,torch_cuda,cuda,OK,
8061,C:\Users\USER\Desktop\project\calibration\moire\datasets\test\0447_moire.jpg,C:\Users\USER\Desktop\project\calibration\moire\datasets\test\augmented_9x\0447_moire_translation_1.jpg,rectified_patch_gpu\008061_0447_moire_translation_1_to_orig.png,rectified_patch_gpu\008061_0447_moire_translation_1_absdiff.png,91.31115234375,113.22217059462758,305.7157126216037,305.27248200176234,-9.243424759732065,-2.1429210197817277,-12.524455289463667,-3.0222473741045994,-2.3487152902294968,3.709739676205821,-5.50254567374296,-2.4199409140574053,translation,,True,11,305.49409731168305,torch_cuda,cuda,OK,
8062,C:\Users\USER\Desktop\project\calibration\moire\datasets\test\0447_moire.jpg,C:\Users\USER\Desktop\project\calibration\moire\datasets\test\augmented_9x\0447_moire_translation_2.jpg,rectified_patch_gpu\008062_0447_moire_translation_2_to_orig.png,rectified_patch_gpu\008062_0447_moire_translation_2_absdiff.png,86.18790858892747,108.20486025706678,309.31397996393946,298.8841987839571,2.0555288625683366,-4.722106542783966,-7.023446931136623,0.41319880588579644,-0.27083357410564013,0.18611342466493622,0.12143466800267576,-44.490395766795764,translation,,True,10,304.0990893739483,torch_cuda,cuda,OK,
8063,C:\Users\USER\Desktop\project\calibration\moire\datasets\test\0447_moire.jpg,C:\Users\USER\Desktop\project\calibration\moire\datasets\test\augmented_9x\0447_moire_translation_3.jpg,rectified_patch_gpu\008063_0447_moire_translation_3_to_orig.png,rectified_patch_gpu\008063_0447_moire_translation_3_absdiff.png,104.38560221354167,124.90254263855559,309.0664383669655,272.32098541453746,5.891320615010843,-1.8362712415940021,-8.663314196298673,49.806312149491156,0.37165403371393935,-0.004955609059662785,-0.14458985253411755,-2.983914969140641,translation,,True,20,290.6937118907515,torch_cuda,cuda,OK,
8064,C:\Users\USER\Desktop\project\calibration\moire\datasets\test\0448_gt.jpg,C:\Users\USER\Desktop\project\calibration\moire\datasets\test\augmented_9x\0448_gt_blackbox_1.jpg,rectified_patch_gpu\008064_0448_gt_blackbox_1_to_orig.png,rectified_patch_gpu\008064_0448_gt_blackbox_1_absdiff.png,88.52698097511573,99.97714639451941,291.63426158922414,303.9262699031426,0.019088111798129588,0.1874465536794791,0.24256954921039717,2.579261028643941,-3.0335336165216704,3.0335336173492653,-5.065968551069602,3.141592653589793,blackbox,,True,6,297.7802657461834,torch_cuda,cuda,OK,
8065,C:\Users\USER\Desktop\project\calibration\moire\datasets\test\0448_gt.jpg,C:\Users\USER\Desktop\project\calibration\moire\datasets\test\augmented_9x\0448_gt_blackbox_2.jpg,rectified_patch_gpu\008065_0448_gt_blackbox_2_to_orig.png,rectified_patch_gpu\008065_0448_gt_blackbox_2_absdiff.png,85.15615608121142,121.07642417221788,291.63426158922414,305.8665791038418,0.019088111798129588,0.1874465536794791,0.24256954921039717,2.579261028643941,6.479225672739517,0.601594505688062,-8.784361027253354,2.6363463687151163,blackbox,,True,6,298.75042034653296,torch_cuda,cuda,OK,
8066,C:\Users\USER\Desktop\project\calibration\moire\datasets\test\0448_gt.jpg,C:\Users\USER\Desktop\project\calibration\moire\datasets\test\augmented_9x\0448_gt_blackbox_3.jpg,rectified_patch_gpu\008066_0448_gt_blackbox_3_to_orig.png,rectified_patch_gpu\008066_0448_gt_blackbox_3_absdiff.png,86.54954632040895,98.5224765095765,291.63426158922414,303.59789212458065,0.019088111798129588,0.1874465536794791,0.24256954921039717,2.579261028643941,-2.182843643320979,2.66831864393786,-3.8611512331638855,2.730987860324338,blackbox,,True,6,297.6160768569024,torch_cuda,cuda,OK,
8067,C:\Users\USER\Desktop\project\calibration\moire\datasets\test\0448_gt.jpg,C:\Users\USER\Desktop\project\calibration\moire\datasets\test\augmented_9x\0448_gt_rotation_1.jpg,rectified_patch_gpu\008067_0448_gt_rotation_1_to_orig.png,rectified_patch_gpu\008067_0448_gt_rotation_1_absdiff.png,91.35427963445215,102.50873878913674,291.63426158922414,306.07150278561875,0.019088111798129588,0.1874465536794791,0.24256954921039717,2.579261028643941,2.3661380712555746,-5.153531102385549,-7.934834686263633,2.0302839260527863,rotation,,True,6,298.8528821874214,torch_cuda,cuda,OK,
8068,C:\Users\USER\Desktop\project\calibration\moire\datasets\test\0448_gt.jpg,C:\Users\USER\Desktop\project\calibration\moire\datasets\test\augmented_9x\0448_gt_rotation_2.jpg,rectified_patch_gpu\008068_0448_gt_rotation_2_to_orig.png,rectified_patch_gpu\008068_0448_gt_rotation_2_absdiff.png,93.95190200617284,104.45252538967948,291.1978320866865,304.75938741065283,0.3010477348886432,0.20292329177000457,-0.06047427854292006,105.35268471787859,3.5980525683321285,3.0426887150132833,-6.362773985146449,-2.963293080181447,rotation,,True,10,297.97860974866967,torch_cuda,cuda,OK,
8069,C:\Users\USER\Desktop\project\calibration\moire\datasets\test\0448_gt.jpg,C:\Users\USER\Desktop\project\calibration\moire\datasets\test\augmented_9x\0448_gt_rotation_3.jpg,rectified_patch_gpu\008069_0448_gt_rotation_3_to_orig.png,rectified_patch_gpu\008069_0448_gt_rotation_3_absdiff.png,99.34403935185185,132.4106915208209,291.1978320866865,303.2750573901838,0.3010477348886432,0.20292329177000457,-0.06047427854292006,105.35268471787859,0.23326711191199612,-0.19704584613613688,0.08111038879996416,-0.14118931491395365,rotation,,True,10,297.2364447384351,torch_cuda,cuda,OK,
8070,C:\Users\USER\Desktop\project\calibration\moire\datasets\test\0448_gt.jpg,C:\Users\USER\Desktop\project\calibration\moire\datasets\test\augmented_9x\0448_gt_translation_1.jpg,rectified_patch_gpu\008070_0448_gt_translation_1_to_orig.png,rectified_patch_gpu\008070_0448_gt_translation_1_absdiff.png,91.51728829089507,120.07798409541762,306.89903836214046,276.69627360896624,5.536816611394034,0.001272977979341321,-7.769611307729111,-1.7293183773773233,0.0060277585748155504,0.3241366296905557,0.011717231874910625,-2.943873888661536,translation,,True,8,291.7976559855533,torch_cuda,cuda,OK,
8071,C:\Users\USER\Desktop\project\calibration\moire\datasets\test\0448_gt.jpg,C:\Users\USER\Desktop\project\calibration\moire\datasets\test\augmented_9x\0448_gt_translation_2.jpg,rectified_patch_gpu\008071_0448_gt_translation_2_to_orig.png,rectified_patch_gpu\008071_0448_gt_translation_2_absdiff.png,92.51156045042438,100.97338086974214,291.1978320866865,308.84674469003573,0.3010477348886432,0.20292329177000457,-0.06047427854292006,105.35268471787859,3.7442691812753637,-2.337464209493751,-5.532911887400602,0.8442149018677004,translation,,True,10,300.0222883883611,torch_cuda,cuda,OK,
8072,C:\Users\USER\Desktop\project\calibration\moire\datasets\test\0448_gt.jpg,C:\Users\USER\Desktop\project\calibration\moire\datasets\test\augmented_9x\0448_gt_translation_3.jpg,rectified_patch_gpu\008072_0448_gt_translation_3_to_orig.png,rectified_patch_gpu\008072_0448_gt_translation_3_absdiff.png,91.06992983217593,109.41547662302227,291.1978320866865,306.0884225038862,0.3010477348886432,0.20292329177000457,-0.06047427854292006,105.35268471787859,6.046430908389096,0.001038101943117202,-8.57921461695148,-2.2148967671685607,translation,,True,10,298.6431272952864,torch_cuda,cuda,OK,
8073,C:\Users\USER\Desktop\project\calibration\moire\datasets\test\0448_moire.jpg,C:\Users\USER\Desktop\project\calibration\moire\datasets\test\augmented_9x\0448_moire_blackbox_1.jpg,rectified_patch_gpu\008073_0448_moire_blackbox_1_to_orig.png,rectified_patch_gpu\008073_0448_moire_blackbox_1_absdiff.png,64.40777717496142,86.08462997210042,305.02977185333503,303.9262699031426,0.873453128631412,-5.446165325689604,-7.682668918978168,2.934426066532574,-3.0335336165216704,3.0335336173492653,-5.065968551069602,3.141592653589793,blackbox,,True,0,304.4780208782388,torch_cuda,cuda,OK,
8074,C:\Users\USER\Desktop\project\calibration\moire\datasets\test\0448_moire.jpg,C:\Users\USER\Desktop\project\calibration\moire\datasets\test\augmented_9x\0448_moire_blackbox_2.jpg,rectified_patch_gpu\008074_0448_moire_blackbox_2_to_orig.png,rectified_patch_gpu\008074_0448_moire_blackbox_2_absdiff.png,72.04125204957562,91.63527180511477,304.11942350134404,303.9262699031426,-3.836878535498018,-0.3704936431193647,-4.2961752903762855,-35.03484594588474,-3.0335336165216704,3.0335336173492653,-5.065968551069602,3.141592653589793,blackbox,,True,12,304.0228467022433,torch_cuda,cuda,OK,
8075,C:\Users\USER\Desktop\project\calibration\moire\datasets\test\0448_moire.jpg,C:\Users\USER\Desktop\project\calibration\moire\datasets\test\augmented_9x\0448_moire_blackbox_3.jpg,rectified_patch_gpu\008075_0448_moire_blackbox_3_to_orig.png,rectified_patch_gpu\008075_0448_moire_blackbox_3_absdiff.png,89.06820288387345,109.82378044071035,309.75686269626317,300.51432760930226,-3.0273977992121512,-3.161958525222828,-5.573442901110427,-1740.7724656235116,0.28787322069865073,-2.154894590117882,-1.5950473101492324,-2.7661997027629392,blackbox,,True,16,305.1355951527827,torch_cuda,cuda,OK,
8076,C:\Users\USER\Desktop\project\calibration\moire\datasets\test\0448_moire.jpg,C:\Users\USER\Desktop\project\calibration\moire\datasets\test\augmented_9x\0448_moire_rotation_1.jpg,rectified_patch_gpu\008076_0448_moire_rotation_1_to_orig.png,rectified_patch_gpu\008076_0448_moire_rotation_1_absdiff.png,94.03676299672068,109.69952390208068,309.2394528081136,300.8152010325161,-1.4807774380670957,-5.144238324651069,-7.471443833861523,0.44328542685012173,1.968175698166728,-0.011314638826598292,-0.6248843715677657,2.934263071838586,rotation,,True,3,305.02732692031486,torch_cuda,cuda,OK,
8077,C:\Users\USER\Desktop\project\calibration\moire\datasets\test\0448_moire.jpg,C:\Users\USER\Desktop\project\calibration\moire\datasets\test\augmented_9x\0448_moire_rotation_2.jpg,rectified_patch_gpu\008077_0448_moire_rotation_2_to_orig.png,rectified_patch_gpu\008077_0448_moire_rotation_2_absdiff.png,67.78819685570987,90.95569409599267,304.11942350134404,304.4927224437863,-3.836878535498018,-0.3704936431193647,-4.2961752903762855,-35.03484594588474,3.317916360714218,-2.4444452788743734,-5.1834204947283595,2.630136341030817,rotation,,True,12,304.3060729725652,torch_cuda,cuda,OK,
8078,C:\Users\USER\Desktop\project\calibration\moire\datasets\test\0448_moire.jpg,C:\Users\USER\Desktop\project\calibration\moire\datasets\test\augmented_9x\0448_moire_rotation_3.jpg,rectified_patch_gpu\008078_0448_moire_rotation_3_to_orig.png,rectified_patch_gpu\008078_0448_moire_rotation_3_absdiff.png,96.07262502411265,116.81644305297603,304.11942350134404,283.089764348706,-3.836878535498018,-0.3704936431193647,-4.2961752903762855,-35.03484594588474,-0.00029952991310317346,-0.2665856419199499,0.2030240668856362,2.952748662397809,rotation,,True,12,293.60459392502503,torch_cuda,cuda,OK,
8079,C:\Users\USER\Desktop\project\calibration\moire\datasets\test\0448_moire.jpg,C:\Users\USER\Desktop\project\calibration\moire\datasets\test\augmented_9x\0448_moire_translation_1.jpg,rectified_patch_gpu\008079_0448_moire_translation_1_to_orig.png,rectified_patch_gpu\008079_0448_moire_translation_1_absdiff.png,90.56915352527007,111.93842492313262,309.32704686976945,270.7773523215951,-4.571004068721841,1.745565693270446,-6.59876191196042,-0.5914887381445029,-0.025812323430737007,0.33968574712035127,-0.1486942586689197,2.3246965109739253,translation,,True,5,290.0521995956823,torch_cuda,cuda,OK,
8080,C:\Users\USER\Desktop\project\calibration\moire\datasets\test\0448_moire.jpg,C:\Users\USER\Desktop\project\calibration\moire\datasets\test\augmented_9x\0448_moire_translation_2.jpg,rectified_patch_gpu\008080_0448_moire_translation_2_to_orig.png,rectified_patch_gpu\008080_0448_moire_translation_2_absdiff.png,65.01956380208334,88.74403730268574,305.02977185333503,305.3728719220604,0.873453128631412,-5.446165325689604,-7.682668918978168,2.934426066532574,3.554202075661846,-3.9192849988709035,-7.272126660906314,2.3594186220064732,translation,,True,0,305.20132188769776,torch_cuda,cuda,OK,
8081,C:\Users\USER\Desktop\project\calibration\moire\datasets\test\0448_moire.jpg,C:\Users\USER\Desktop\project\calibration\moire\datasets\test\augmented_9x\0448_moire_translation_3.jpg,rectified_patch_gpu\008081_0448_moire_translation_3_to_orig.png,rectified_patch_gpu\008081_0448_moire_translation_3_absdiff.png,95.95300081983025,116.74192474080381,305.7833505303557,302.69536733768746,3.896567597730791,-0.5083306346846604,-4.8889770700615856,2.049322813575449,-0.1761918367404753,0.04551921388941943,0.24905195836402996,3.0600023178885727,translation,,True,1,304.23935893402154,torch_cuda,cuda,OK,
8082,C:\Users\USER\Desktop\project\calibration\moire\datasets\test\0449_gt.jpg,C:\Users\USER\Desktop\project\calibration\moire\datasets\test\augmented_9x\0449_gt_blackbox_1.jpg,rectified_patch_gpu\008082_0449_gt_blackbox_1_to_orig.png,rectified_patch_gpu\008082_0449_gt_blackbox_1_absdiff.png,146.0473280767747,165.69641280220554,309.05460680784756,282.73400401877547,-3.6963701153833988,4.037940199806869,-7.684397010878927,0.3325904924862668,-0.010671999256146977,0.24044770919636388,0.18473592308698109,-3.00478363896535,blackbox,,True,4,295.8943054133115,torch_cuda,cuda,OK,
8083,C:\Users\USER\Desktop\project\calibration\moire\datasets\test\0449_gt.jpg,C:\Users\USER\Desktop\project\calibration\moire\datasets\test\augmented_9x\0449_gt_blackbox_2.jpg,rectified_patch_gpu\008083_0449_gt_blackbox_2_to_orig.png,rectified_patch_gpu\008083_0449_gt_blackbox_2_absdiff.png,145.59758005401235,165.3672936537878,309.05460680784756,282.73400401877547,-3.6963701153833988,4.037940199806869,-7.684397010878927,0.3325904924862668,-0.010671999256146977,0.24044770919636388,0.18473592308698109,-3.00478363896535,blackbox,,True,4,295.8943054133115,torch_cuda,cuda,OK,
8084,C:\Users\USER\Desktop\project\calibration\moire\datasets\test\0449_gt.jpg,C:\Users\USER\Desktop\project\calibration\moire\datasets\test\augmented_9x\0449_gt_blackbox_3.jpg,rectified_patch_gpu\008084_0449_gt_blackbox_3_to_orig.png,rectified_patch_gpu\008084_0449_gt_blackbox_3_absdiff.png,145.59860279224537,165.3679755852848,309.05460680784756,282.73400401877547,-3.6963701153833988,4.037940199806869,-7.684397010878927,0.3325904924862668,-0.010671999256146977,0.24044770919636388,0.18473592308698109,-3.00478363896535,blackbox,,True,4,295.8943054133115,torch_cuda,cuda,OK,
8085,C:\Users\USER\Desktop\project\calibration\moire\datasets\test\0449_gt.jpg,C:\Users\USER\Desktop\project\calibration\moire\datasets\test\augmented_9x\0449_gt_rotation_1.jpg,rectified_patch_gpu\008085_0449_gt_rotation_1_to_orig.png,rectified_patch_gpu\008085_0449_gt_rotation_1_absdiff.png,112.3950636574074,133.79981444957227,300.759706748617,307.12272106287855,2.1380624633685614,1.2861697952504225,-1.8552062422312225,3.1182811542513744,4.738433406796958,-6.399496070229404,-10.689004948477447,64.32062774526152,rotation,,True,21,303.94121390574776,torch_cuda,cuda,OK,
8086,C:\Users\USER\Desktop\project\calibration\moire\datasets\test\0449_gt.jpg,C:\Users\USER\Desktop\project\calibration\moire\datasets\test\augmented_9x\0449_gt_rotation_2.jpg,rectified_patch_gpu\008086_0449_gt_rotation_2_to_orig.png,rectified_patch_gpu\008086_0449_gt_rotation_2_absdiff.png,99.56479046103395,127.3408219840613,300.759706748617,304.61584108191914,2.1380624633685614,1.2861697952504225,-1.8552062422312225,3.1182811542513744,-4.022691621274488,-1.9457243673653823,-5.66938315338237,254.98254370417305,rotation,,True,21,302.68777391526805,torch_cuda,cuda,OK,
8087,C:\Users\USER\Desktop\project\calibration\moire\datasets\test\0449_gt.jpg,C:\Users\USER\Desktop\project\calibration\moire\datasets\test\augmented_9x\0449_gt_rotation_3.jpg,rectified_patch_gpu\008087_0449_gt_rotation_3_to_orig.png,rectified_patch_gpu\008087_0449_gt_rotation_3_absdiff.png,138.67873625578704,160.1526862611635,306.99216008457904,294.1121361843571,-4.440861316626991,3.964456535831248,-8.390258172605241,1.5537476151581926,0.4979237989602938,0.3772062901486825,0.016148431922575646,1.6138068528327614,rotation,,True,1,300.5521481344681,torch_cuda,cuda,OK,
8088,C:\Users\USER\Desktop\project\calibration\moire\datasets\test\0449_gt.jpg,C:\Users\USER\Desktop\project\calibration\moire\datasets\test\augmented_9x\0449_gt_translation_1.jpg,rectified_patch_gpu\008088_0449_gt_translation_1_to_orig.png,rectified_patch_gpu\008088_0449_gt_translation_1_absdiff.png,101.87081488715278,123.53841676005726,300.759706748617,305.81781255199206,2.1380624633685614,1.2861697952504225,-1.8552062422312225,3.1182811542513744,7.170765254425344,-2.284405223142911,-10.683239994803184,-1650.1391418502478,translation,,True,21,303.28875965030454,torch_cuda,cuda,OK,
8089,C:\Users\USER\Desktop\project\calibration\moire\datasets\test\0449_gt.jpg,C:\Users\USER\Desktop\project\calibration\moire\datasets\test\augmented_9x\0449_gt_translation_2.jpg,rectified_patch_gpu\008089_0449_gt_translation_2_to_orig.png,rectified_patch_gpu\008089_0449_gt_translation_2_absdiff.png,84.47888973283179,113.62078301428284,300.759706748617,304.84586344201523,2.1380624633685614,1.2861697952504225,-1.8552062422312225,3.1182811542513744,1.0248708252776575,-5.986902271365413,-8.346938247724175,3.1196215071193696,translation,,True,21,302.80278509531615,torch_cuda,cuda,OK,
8090,C:\Users\USER\Desktop\project\calibration\moire\datasets\test\0449_gt.jpg,C:\Users\USER\Desktop\project\calibration\moire\datasets\test\augmented_9x\0449_gt_translation_3.jpg,rectified_patch_gpu\008090_0449_gt_translation_3_to_orig.png,rectified_patch_gpu\008090_0449_gt_translation_3_absdiff.png,86.69269724151235,115.21971164971187,300.759706748617,306.18491843566784,2.1380624633685614,1.2861697952504225,-1.8552062422312225,3.1182811542513744,6.583294761407668,3.47224759264898,-10.562313019852802,2.2792756753326393,translation,,True,21,303.47231259214243,torch_cuda,cuda,OK,
8091,C:\Users\USER\Desktop\project\calibration\moire\datasets\test\0449_moire.jpg,C:\Users\USER\Desktop\project\calibration\moire\datasets\test\augmented_9x\0449_moire_blackbox_1.jpg,rectified_patch_gpu\008091_0449_moire_blackbox_1_to_orig.png,rectified_patch_gpu\008091_0449_moire_blackbox_1_absdiff.png,84.91533408082562,106.28121279177859,299.3284781155953,305.56014823533036,0.024933933901345098,0.39876542112339797,0.05475307713845478,1.4092929275047819,0.0899970890257461,-7.870279135028483,-10.701646028465689,-794.6418967606169,blackbox,,True,12,302.44431317546287,torch_cuda,cuda,OK,
8092,C:\Users\USER\Desktop\project\calibration\moire\datasets\test\0449_moire.jpg,C:\Users\USER\Desktop\project\calibration\moire\datasets\test\augmented_9x\0449_moire_blackbox_2.jpg,rectified_patch_gpu\008092_0449_moire_blackbox_2_to_orig.png,rectified_patch_gpu\008092_0449_moire_blackbox_2_absdiff.png,140.7906479070216,161.88087814727183,299.3284781155953,303.9262699031426,0.024933933901345098,0.39876542112339797,0.05475307713845478,1.4092929275047819,-3.0335336165216704,3.0335336173492653,-5.065968551069602,3.141592653589793,blackbox,,True,12,301.62737400936896,torch_cuda,cuda,OK,
8093,C:\Users\USER\Desktop\project\calibration\moire\datasets\test\0449_moire.jpg,C:\Users\USER\Desktop\project\calibration\moire\datasets\test\augmented_9x\0449_moire_blackbox_3.jpg,rectified_patch_gpu\008093_0449_moire_blackbox_3_to_orig.png,rectified_patch_gpu\008093_0449_moire_blackbox_3_absdiff.png,84.93931833526234,106.31748288047332,299.3284781155953,305.56014823533036,0.024933933901345098,0.39876542112339797,0.05475307713845478,1.4092929275047819,0.0899970890257461,-7.870279135028483,-10.701646028465689,-794.6418967606169,blackbox,,True,12,302.44431317546287,torch_cuda,cuda,OK,
8094,C:\Users\USER\Desktop\project\calibration\moire\datasets\test\0449_moire.jpg,C:\Users\USER\Desktop\project\calibration\moire\datasets\test\augmented_9x\0449_moire_rotation_1.jpg,rectified_patch_gpu\008094_0449_moire_rotation_1_to_orig.png,rectified_patch_gpu\008094_0449_moire_rotation_1_absdiff.png,90.67048478491512,109.70670057176271,299.3284781155953,306.74509903712925,0.024933933901345098,0.39876542112339797,0.05475307713845478,1.4092929275047819,-4.071092748556296,5.647869086720714,-9.574809799516164,-1.9841782781125705,rotation,,True,12,303.03678857636226,torch_cuda,cuda,OK,
8095,C:\Users\USER\Desktop\project\calibration\moire\datasets\test\0449_moire.jpg,C:\Users\USER\Desktop\project\calibration\moire\datasets\test\augmented_9x\0449_moire_rotation_2.jpg,rectified_patch_gpu\008095_0449_moire_rotation_2_to_orig.png,rectified_patch_gpu\008095_0449_moire_rotation_2_absdiff.png,84.85056929976852,107.24709889031806,299.3284781155953,305.6429893716957,0.024933933901345098,0.39876542112339797,0.05475307713845478,1.4092929275047819,8.414953612277742,-0.7864832297568904,-11.461424647425389,3483.929774870229,rotation,,True,12,302.4857337436455,torch_cuda,cuda,OK,
8096,C:\Users\USER\Desktop\project\calibration\moire\datasets\test\0449_moire.jpg,C:\Users\USER\Desktop\project\calibration\moire\datasets\test\augmented_9x\0449_moire_rotation_3.jpg,rectified_patch_gpu\008096_0449_moire_rotation_3_to_orig.png,rectified_patch_gpu\008096_0449_moire_rotation_3_absdiff.png,86.0106712962963,106.8320487230106,299.3284781155953,305.8580544106202,0.024933933901345098,0.39876542112339797,0.05475307713845478,1.4092929275047819,-3.6528874083066594,4.613108226686638,-8.352571319720813,-2.5191293223870583,rotation,,True,12,302.59326626310775,torch_cuda,cuda,OK,
8097,C:\Users\USER\Desktop\project\calibration\moire\datasets\test\0449_moire.jpg,C:\Users\USER\Desktop\project\calibration\moire\datasets\test\augmented_9x\0449_moire_translation_1.jpg,rectified_patch_gpu\008097_0449_moire_translation_1_to_orig.png,rectified_patch_gpu\008097_0449_moire_translation_1_absdiff.png,106.4107960792824,122.82766045879039,299.3284781155953,307.50635303090917,0.024933933901345098,0.39876542112339797,0.05475307713845478,1.4092929275047819,-0.32976173312244805,-8.299363004840416,-11.148759294606023,30.03818057128492,translation,,True,12,303.41741557325224,torch_cuda,cuda,OK,
8098,C:\Users\USER\Desktop\project\calibration\moire\datasets\test\0449_moire.jpg,C:\Users\USER\Desktop\project\calibration\moire\datasets\test\augmented_9x\0449_moire_translation_2.jpg,rectified_patch_gpu\008098_0449_moire_translation_2_to_orig.png,rectified_patch_gpu\008098_0449_moire_translation_2_absdiff.png,109.53418559510031,128.20646172522228,299.3284781155953,307.53972463970683,0.024933933901345098,0.39876542112339797,0.05475307713845478,1.4092929275047819,5.235380732589682,-5.345143647436991,-9.893535172821252,-1.501355896733462,translation,,True,12,303.4341013776511,torch_cuda,cuda,OK,
8099,C:\Users\USER\Desktop\project\calibration\moire\datasets\test\0449_moire.jpg,C:\Users\USER\Desktop\project\calibration\moire\datasets\test\augmented_9x\0449_moire_translation_3.jpg,rectified_patch_gpu\008099_0449_moire_translation_3_to_orig.png,rectified_patch_gpu\008099_0449_moire_translation_3_absdiff.png,142.06381558641976,162.7632169781324,306.68456712951553,301.23092991673525,6.63977775177861,3.188136075779548,-10.461393440317654,1.96252883036822,0.08166166285790827,-0.43275331726491295,0.5519073794467683,2.3570099769620336,translation,,True,16,303.95774852312536,torch_cuda,cuda,OK,
8100,C:\Users\USER\Desktop\project\calibration\moire\datasets\test\0450_gt.jpg,C:\Users\USER\Desktop\project\calibration\moire\datasets\test\augmented_9x\0450_gt_blackbox_1.jpg,rectified_patch_gpu\008100_0450_gt_blackbox_1_to_orig.png,rectified_patch_gpu\008100_0450_gt_blackbox_1_absdiff.png,62.35189826871142,73.27748092142639,304.1577167796514,306.2017306241814,1.416642839655311,0.0009759873976553008,-0.16046718537680826,2.0825853418186946,4.3263570177829,0.001729711280510431,-5.53885001615804,-1.9520785755476189,blackbox,,True,7,305.1797237019164,torch_cuda,cuda,OK,
8101,C:\Users\USER\Desktop\project\calibration\moire\datasets\test\0450_gt.jpg,C:\Users\USER\Desktop\project\calibration\moire\datasets\test\augmented_9x\0450_gt_blackbox_2.jpg,rectified_patch_gpu\008101_0450_gt_blackbox_2_to_orig.png,rectified_patch_gpu\008101_0450_gt_blackbox_2_absdiff.png,108.31784203800154,119.75916079653528,298.48167333776155,306.8612925076856,0.11590813907784313,-0.00730466106099564,0.2875340839087212,-3.0596110200056215,0.4527992938573737,6.223589085902908,-8.239184107078316,1.8158561317619406,blackbox,,True,17,302.6714829227236,torch_cuda,cuda,OK,
8102,C:\Users\USER\Desktop\project\calibration\moire\datasets\test\0450_gt.jpg,C:\Users\USER\Desktop\project\calibration\moire\datasets\test\augmented_9x\0450_gt_blackbox_3.jpg,rectified_patch_gpu\008102_0450_gt_blackbox_3_to_orig.png,rectified_patch_gpu\008102_0450_gt_blackbox_3_absdiff.png,51.86893434124229,59.626602556020664,304.11234420651544,308.67457426907305,-0.2934531868094652,-0.05978535519151885,0.06693134454017437,1.635629072194756,4.1451592180731325,7.548283818057001,-11.21576098029577,0.4215116358330563,blackbox,,True,18,306.3934592377942,torch_cuda,cuda,OK,
8103,C:\Users\USER\Desktop\project\calibration\moire\datasets\test\0450_gt.jpg,C:\Users\USER\Desktop\project\calibration\moire\datasets\test\augmented_9x\0450_gt_rotation_1.jpg,rectified_patch_gpu\008103_0450_gt_rotation_1_to_orig.png,rectified_patch_gpu\008103_0450_gt_rotation_1_absdiff.png,100.68480143229166,114.25076237996389,305.8940290307439,299.5957208494125,-0.37575503790542913,3.982639982437208,-4.87340078034642,1.9586538414275794,1.5759063166982799,-0.4340096579176433,-0.7497018237048738,2.876337821462333,rotation,,True,22,302.7448749400782,torch_cuda,cuda,OK,
8104,C:\Users\USER\Desktop\project\calibration\moire\datasets\test\0450_gt.jpg,C:\Users\USER\Desktop\project\calibration\moire\datasets\test\augmented_9x\0450_gt_rotation_2.jpg,rectified_patch_gpu\008104_0450_gt_rotation_2_to_orig.png,rectified_patch_gpu\008104_0450_gt_rotation_2_absdiff.png,62.17613184799383,74.87177088446724,304.11234420651544,294.14007000561725,-0.2934531868094652,-0.05978535519151885,0.06693134454017437,1.635629072194756,0.38993947631270837,0.0834776641320764,0.02221932581992725,-0.12229265083185314,rotation,,True,18,299.1262071060663,torch_cuda,cuda,OK,
8105,C:\Users\USER\Desktop\project\calibration\moire\datasets\test\0450_gt.jpg,C:\Users\USER\Desktop\project\calibration\moire\datasets\test\augmented_9x\0450_gt_rotation_3.jpg,rectified_patch_gpu\008105_0450_gt_rotation_3_to_orig.png,rectified_patch_gpu\008105_0450_gt_rotation_3_absdiff.png,100.43918885030864,114.73204810519681,307.1797064998182,301.6002737138869,4.477242138779468,-1.003836993099915,-6.269621946595886,1.5323795664700939,0.2790797319082218,-0.112466631959564,0.15827601505442318,-0.8666518724861032,rotation,,True,9,304.38999010685257,torch_cuda,cuda,OK,
8106,C:\Users\USER\Desktop\project\calibration\moire\datasets\test\0450_gt.jpg,C:\Users\USER\Desktop\project\calibration\moire\datasets\test\augmented_9x\0450_gt_translation_1.jpg,rectified_patch_gpu\008106_0450_gt_translation_1_to_orig.png,rectified_patch_gpu\008106_0450_gt_translation_1_absdiff.png,93.52057737750772,106.14188962263204,309.4520863672476,276.9921607441241,3.6373678196132455,3.245603356474762,-6.696417195542455,-0.078533843908529,0.10820981352437736,0.29273752805473,0.09722999567888423,1918.1915458340443,translation,,True,4,293.2221235556858,torch_cuda,cuda,OK,
8107,C:\Users\USER\Desktop\project\calibration\moire\datasets\test\0450_gt.jpg,C:\Users\USER\Desktop\project\calibration\moire\datasets\test\augmented_9x\0450_gt_translation_2.jpg,rectified_patch_gpu\008107_0450_gt_translation_2_to_orig.png,rectified_patch_gpu\008107_0450_gt_translation_2_absdiff.png,85.53955295138888,103.15448684076686,308.81607196490904,296.094813812361,3.917848147379888,-4.417903384386326,-8.32759985689359,0.5167259884926664,-0.6358769786780253,-0.17756933407288683,-0.0011988605549587694,-3.070927565654686,translation,,True,20,302.45544288863505,torch_cuda,cuda,OK,
8108,C:\Users\USER\Desktop\project\calibration\moire\datasets\test\0450_gt.jpg,C:\Users\USER\Desktop\project\calibration\moire\datasets\test\augmented_9x\0450_gt_translation_3.jpg,rectified_patch_gpu\008108_0450_gt_translation_3_to_orig.png,rectified_patch_gpu\008108_0450_gt_translation_3_absdiff.png,93.04842074170524,105.35497291044615,305.8940290307439,290.9132001661114,-0.37575503790542913,3.982639982437208,-4.87340078034642,1.9586538414275794,0.3556740879250732,0.11913066608463942,0.033195965801775695,0.3844649681772289,translation,,True,22,298.4036145984277,torch_cuda,cuda,OK,
8109,C:\Users\USER\Desktop\project\calibration\moire\datasets\test\0450_moire.jpg,C:\Users\USER\Desktop\project\calibration\moire\datasets\test\augmented_9x\0450_moire_blackbox_1.jpg,rectified_patch_gpu\008109_0450_moire_blackbox_1_to_orig.png,rectified_patch_gpu\008109_0450_moire_blackbox_1_absdiff.png,22.037612244405864,58.90638839444888,300.7542160352025,300.7542160352025,-0.05258784182572829,2.3961819696074835,-1.9854868073593694,97.5149042857772,-0.05258784182572829,2.3961819696074835,-1.9854868073593694,97.5149042857772,blackbox,,True,12,300.7542160352025,torch_cuda,cuda,OK,
8110,C:\Users\USER\Desktop\project\calibration\moire\datasets\test\0450_moire.jpg,C:\Users\USER\Desktop\project\calibration\moire\datasets\test\augmented_9x\0450_moire_blackbox_2.jpg,rectified_patch_gpu\008110_0450_moire_blackbox_2_to_orig.png,rectified_patch_gpu\008110_0450_moire_blackbox_2_absdiff.png,28.98146580825617,49.73819186050564,299.60920674360835,300.13046836557527,0.15306377228807302,0.07820442316598608,0.26036155196839816,2.451747779110234,0.1530164033399719,0.07013948410084475,0.26256259257191605,2.4495046216208998,blackbox,,True,5,299.8698375545918,torch_cuda,cuda,OK,
8111,C:\Users\USER\Desktop\project\calibration\moire\datasets\test\0450_moire.jpg,C:\Users\USER\Desktop\project\calibration\moire\datasets\test\augmented_9x\0450_moire_blackbox_3.jpg,rectified_patch_gpu\008111_0450_moire_blackbox_3_to_orig.png,rectified_patch_gpu\008111_0450_moire_blackbox_3_absdiff.png,25.715262948495372,41.885081058910885,299.60920674360835,300.13046836557527,0.15306377228807302,0.07820442316598608,0.26036155196839816,2.451747779110234,0.1530164033399719,0.07013948410084475,0.26256259257191605,2.4495046216208998,blackbox,,True,5,299.8698375545918,torch_cuda,cuda,OK,
8112,C:\Users\USER\Desktop\project\calibration\moire\datasets\test\0450_moire.jpg,C:\Users\USER\Desktop\project\calibration\moire\datasets\test\augmented_9x\0450_moire_rotation_1.jpg,rectified_patch_gpu\008112_0450_moire_rotation_1_to_orig.png,rectified_patch_gpu\008112_0450_moire_rotation_1_absdiff.png,61.61585105613426,71.27614269976195,299.60920674360835,306.4563534729266,0.15306377228807302,0.07820442316598608,0.26036155196839816,2.451747779110234,-4.064136308213662,0.3768129942962726,-5.142381876828427,1.8175237168196798,rotation,,True,5,303.0327801082675,torch_cuda,cuda,OK,
8113,C:\Users\USER\Desktop\project\calibration\moire\datasets\test\0450_moire.jpg,C:\Users\USER\Desktop\project\calibration\moire\datasets\test\augmented_9x\0450_moire_rotation_2.jpg,rectified_patch_gpu\008113_0450_moire_rotation_2_to_orig.png,rectified_patch_gpu\008113_0450_moire_rotation_2_absdiff.png,89.45300154320988,105.02850238356267,300.7542160352025,280.23041737469106,-0.05258784182572829,2.3961819696074835,-1.9854868073593694,97.5149042857772,0.11631854832786812,0.27933888122921924,0.14338926402418778,2.1121041503230233,rotation,,True,12,290.4923167049468,torch_cuda,cuda,OK,
8114,C:\Users\USER\Desktop\project\calibration\moire\datasets\test\0450_moire.jpg,C:\Users\USER\Desktop\project\calibration\moire\datasets\test\augmented_9x\0450_moire_rotation_3.jpg,rectified_patch_gpu\008114_0450_moire_rotation_3_to_orig.png,rectified_patch_gpu\008114_0450_moire_rotation_3_absdiff.png,98.80580283082561,113.66590299212021,308.961946221353,274.07006533525697,1.7182364968567616,4.654696771822924,-6.801252294033728,0.8370810694638811,0.32449483925307165,-0.2976552001776154,-0.29144944003919215,2.71069837115194,rotation,,True,1,291.516005778305,torch_cuda,cuda,OK,
8115,C:\Users\USER\Desktop\project\calibration\moire\datasets\test\0450_moire.jpg,C:\Users\USER\Desktop\project\calibration\moire\datasets\test\augmented_9x\0450_moire_translation_1.jpg,rectified_patch_gpu\008115_0450_moire_translation_1_to_orig.png,rectified_patch_gpu\008115_0450_moire_translation_1_absdiff.png,85.77279333043981,102.01877767422684,305.35202536067106,282.31307781277116,-0.46896931069310127,4.870093692621925,-6.566865486517849,-2.400812362018674,-0.00027697265801885946,-0.281549444544332,0.129372562763361,2.575225534858502,translation,,True,14,293.83255158672114,torch_cuda,cuda,OK,
8116,C:\Users\USER\Desktop\project\calibration\moire\datasets\test\0450_moire.jpg,C:\Users\USER\Desktop\project\calibration\moire\datasets\test\augmented_9x\0450_moire_translation_2.jpg,rectified_patch_gpu\008116_0450_moire_translation_2_to_orig.png,rectified_patch_gpu\008116_0450_moire_translation_2_absdiff.png,73.74842664930556,89.06286134185957,302.9396276047003,292.66102144787493,-0.07157694170505842,0.0002805844433180437,0.30565507639525114,2.3092249510793375,0.13771471130542082,0.20889804904223683,0.18970342715329983,2.986248810144622,translation,,True,20,297.8003245262876,torch_cuda,cuda,OK,
8117,C:\Users\USER\Desktop\project\calibration\moire\datasets\test\0450_moire.jpg,C:\Users\USER\Desktop\project\calibration\moire\datasets\test\augmented_9x\0450_moire_translation_3.jpg,rectified_patch_gpu\008117_0450_moire_translation_3_to_orig.png,rectified_patch_gpu\008117_0450_moire_translation_3_absdiff.png,99.90291787229938,115.87198316749983,300.7542160352025,275.6091503018391,-0.05258784182572829,2.3961819696074835,-1.9854868073593694,97.5149042857772,-0.30931343120283394,0.16442935474196874,-0.14728240177520827,2.1843346976716727,translation,,True,12,288.1816831685208,torch_cuda,cuda,OK,
8118,C:\Users\USER\Desktop\project\calibration\moire\datasets\test\0451_gt.jpg,C:\Users\USER\Desktop\project\calibration\moire\datasets\test\augmented_9x\0451_gt_blackbox_1.jpg,rectified_patch_gpu\008118_0451_gt_blackbox_1_to_orig.png,rectified_patch_gpu\008118_0451_gt_blackbox_1_absdiff.png,23.83709972993827,60.991351037497466,301.8265684708293,301.8265684708293,0.0716043032001297,0.000279084878116076,0.30392523014466144,2.392061265908236,0.0716043032001297,0.000279084878116076,0.30392523014466144,2.392061265908236,blackbox,,True,4,301.8265684708293,torch_cuda,cuda,OK,
8119,C:\Users\USER\Desktop\project\calibration\moire\datasets\test\0451_gt.jpg,C:\Users\USER\Desktop\project\calibration\moire\datasets\test\augmented_9x\0451_gt_blackbox_2.jpg,rectified_patch_gpu\008119_0451_gt_blackbox_2_to_orig.png,rectified_patch_gpu\008119_0451_gt_blackbox_2_absdiff.png,97.4626872347608,116.72576909094944,298.00450730182683,305.4272647738121,-0.03811970771459199,-1.6603024381251883,-0.7352085007866367,2.899889551504261,4.57660814130877,0.05977505934837879,-6.176764840394257,2.4169721789131215,blackbox,,True,6,301.7158860378195,torch_cuda,cuda,OK,
8120,C:\Users\USER\Desktop\project\calibration\moire\datasets\test\0451_gt.jpg,C:\Users\USER\Desktop\project\calibration\moire\datasets\test\augmented_9x\0451_gt_blackbox_3.jpg,rectified_patch_gpu\008120_0451_gt_blackbox_3_to_orig.png,rectified_patch_gpu\008120_0451_gt_blackbox_3_absdiff.png,106.06281696084105,124.07382624747439,298.00450730182683,296.2181951401253,-0.03811970771459199,-1.6603024381251883,-0.7352085007866367,2.899889551504261,-0.009914033331882278,-0.002769275995612668,0.35735546960315734,-2.9290302775297157,blackbox,,True,6,297.1113512209761,torch_cuda,cuda,OK,
8121,C:\Users\USER\Desktop\project\calibration\moire\datasets\test\0451_gt.jpg,C:\Users\USER\Desktop\project\calibration\moire\datasets\test\augmented_9x\0451_gt_rotation_1.jpg,rectified_patch_gpu\008121_0451_gt_rotation_1_to_orig.png,rectified_patch_gpu\008121_0451_gt_rotation_1_absdiff.png,103.3556411554784,121.29357945817185,308.637156348874,285.0764979478627,5.847363736910928,-1.6229848798660198,-8.61665449862329,0.5900209663437045,-0.0002840064355036572,0.32557515657776137,-0.025912142410976405,2.1571752026979425,rotation,,True,5,296.8568271483683,torch_cuda,cuda,OK,
8122,C:\Users\USER\Desktop\project\calibration\moire\datasets\test\0451_gt.jpg,C:\Users\USER\Desktop\project\calibration\moire\datasets\test\augmented_9x\0451_gt_rotation_2.jpg,rectified_patch_gpu\008122_0451_gt_rotation_2_to_orig.png,rectified_patch_gpu\008122_0451_gt_rotation_2_absdiff.png,80.81205705054012,102.1476392647859,298.00450730182683,305.6184034344369,-0.03811970771459199,-1.6603024381251883,-0.7352085007866367,2.899889551504261,-2.255851129896169,3.260349451669304,-4.591151388256748,1.874520086670744,rotation,,True,6,301.8114553681319,torch_cuda,cuda,OK,
8123,C:\Users\USER\Desktop\project\calibration\moire\datasets\test\0451_gt.jpg,C:\Users\USER\Desktop\project\calibration\moire\datasets\test\augmented_9x\0451_gt_rotation_3.jpg,rectified_patch_gpu\008123_0451_gt_rotation_3_to_orig.png,rectified_patch_gpu\008123_0451_gt_rotation_3_absdiff.png,79.49257137345678,97.24474270294651,299.67926201714613,304.30175287400453,0.6244028733593829,-0.007979613614716812,0.03990557923464222,-0.788494078612363,3.177363894516111,-2.796617546357404,-5.314787270421287,3.137436703907137,rotation,,True,9,301.9905074455753,torch_cuda,cuda,OK,
8124,C:\Users\USER\Desktop\project\calibration\moire\datasets\test\0451_gt.jpg,C:\Users\USER\Desktop\project\calibration\moire\datasets\test\augmented_9x\0451_gt_translation_1.jpg,rectified_patch_gpu\008124_0451_gt_translation_1_to_orig.png,rectified_patch_gpu\008124_0451_gt_translation_1_absdiff.png,105.5385622829861,123.68164180411927,305.8834465913335,295.7668382846808,5.94230237974573,0.6134032705610639,-8.483345714989861,-2.343187934730942,0.00371714984487211,0.00029525383465375576,0.33032050878880875,-3.0959809435349577,translation,,True,13,300.8251424380071,torch_cuda,cuda,OK,
8125,C:\Users\USER\Desktop\project\calibration\moire\datasets\test\0451_gt.jpg,C:\Users\USER\Desktop\project\calibration\moire\datasets\test\augmented_9x\0451_gt_translation_2.jpg,rectified_patch_gpu\008125_0451_gt_translation_2_to_orig.png,rectified_patch_gpu\008125_0451_gt_translation_2_absdiff.png,63.44235737364969,80.97616922898105,299.67926201714613,307.36477163393283,0.6244028733593829,-0.007979613614716812,0.03990557923464222,-0.788494078612363,-1.6992392488958623,-4.92412789164912,-7.0418766773349795,1.604250107778599,translation,,True,9,303.5220168255395,torch_cuda,cuda,OK,
8126,C:\Users\USER\Desktop\project\calibration\moire\datasets\test\0451_gt.jpg,C:\Users\USER\Desktop\project\calibration\moire\datasets\test\augmented_9x\0451_gt_translation_3.jpg,rectified_patch_gpu\008126_0451_gt_translation_3_to_orig.png,rectified_patch_gpu\008126_0451_gt_translation_3_absdiff.png,105.54078462577161,123.71972642039047,304.5454871615646,295.17374935110826,-1.3389850603713027,-4.408237456124565,-6.078557457727147,3.0417326141130205,0.12435647373735378,-0.15059682548140887,0.2641860744156935,154.76152012694268,translation,,True,24,299.85961825633643,torch_cuda,cuda,OK,
8127,C:\Users\USER\Desktop\project\calibration\moire\datasets\test\0451_moire.jpg,C:\Users\USER\Desktop\project\calibration\moire\datasets\test\augmented_9x\0451_moire_blackbox_1.jpg,rectified_patch_gpu\008127_0451_moire_blackbox_1_to_orig.png,rectified_patch_gpu\008127_0451_moire_blackbox_1_absdiff.png,110.51296826774691,128.53786966149002,307.4628553021878,298.12677162416213,-0.32779230956896344,3.8384769580095277,-5.473623963996177,1.415970046819448,0.513788867956029,0.5197554128703236,-0.08141862996760807,-1.6718025894908934,blackbox,,True,13,302.79481346317493,torch_cuda,cuda,OK,
8128,C:\Users\USER\Desktop\project\calibration\moire\datasets\test\0451_moire.jpg,C:\Users\USER\Desktop\project\calibration\moire\datasets\test\augmented_9x\0451_moire_blackbox_2.jpg,rectified_patch_gpu\008128_0451_moire_blackbox_2_to_orig.png,rectified_patch_gpu\008128_0451_moire_blackbox_2_absdiff.png,122.44426372010031,141.19088610659333,294.93339042525986,311.1574233770782,-0.057208277125306135,-0.1569906101776108,0.3149057740520593,-2.8449030192814075,3.0168687458545302,-0.5615570053572612,-3.2175390065814877,0.12247208172764856,blackbox,,True,22,303.04540690116903,torch_cuda,cuda,OK,
8129,C:\Users\USER\Desktop\project\calibration\moire\datasets\test\0451_moire.jpg,C:\Users\USER\Desktop\project\calibration\moire\datasets\test\augmented_9x\0451_moire_blackbox_3.jpg,rectified_patch_gpu\008129_0451_moire_blackbox_3_to_orig.png,rectified_patch_gpu\008129_0451_moire_blackbox_3_absdiff.png,110.57377363040123,128.57124510463666,307.4628553021878,298.12677162416213,-0.32779230956896344,3.8384769580095277,-5.473623963996177,1.415970046819448,0.513788867956029,0.5197554128703236,-0.08141862996760807,-1.6718025894908934,blackbox,,True,13,302.79481346317493,torch_cuda,cuda,OK,
8130,C:\Users\USER\Desktop\project\calibration\moire\datasets\test\0451_moire.jpg,C:\Users\USER\Desktop\project\calibration\moire\datasets\test\augmented_9x\0451_moire_rotation_1.jpg,rectified_patch_gpu\008130_0451_moire_rotation_1_to_orig.png,rectified_patch_gpu\008130_0451_moire_rotation_1_absdiff.png,88.15867308063271,106.91612891515916,290.50744987223993,309.5593722261187,0.24578866731451135,0.3510229122443439,0.05058102234532136,2.2491263171147096,-2.0451465471166412,-4.4917811486067345,-6.723977761207294,-0.14937860970838793,rotation,,True,20,300.03341104917934,torch_cuda,cuda,OK,
8131,C:\Users\USER\Desktop\project\calibration\moire\datasets\test\0451_moire.jpg,C:\Users\USER\Desktop\project\calibration\moire\datasets\test\augmented_9x\0451_moire_rotation_2.jpg,rectified_patch_gpu\008131_0451_moire_rotation_2_to_orig.png,rectified_patch_gpu\008131_0451_moire_rotation_2_absdiff.png,101.77452172550154,122.91450789996559,308.6560930810015,280.05647974409254,2.9683160121208827,-5.306754896052089,-8.630134208715045,358.7636258867424,-0.012388184045556522,-0.31428720314290426,0.09860414242224871,-29.01834102815188,rotation,,True,17,294.356286412547,torch_cuda,cuda,OK,
8132,C:\Users\USER\Desktop\project\calibration\moire\datasets\test\0451_moire.jpg,C:\Users\USER\Desktop\project\calibration\moire\datasets\test\augmented_9x\0451_moire_rotation_3.jpg,rectified_patch_gpu\008132_0451_moire_rotation_3_to_orig.png,rectified_patch_gpu\008132_0451_moire_rotation_3_absdiff.png,116.6044645785108,135.87465538558905,308.58029633745616,280.10792334308707,6.632823494491859,-1.2215121513739682,-8.508965502676794,0.0,0.24477842494193178,0.2340965938403472,0.01365879999011112,1.6005513110483518,rotation,,True,1,294.3441098402716,torch_cuda,cuda,OK,
8133,C:\Users\USER\Desktop\project\calibration\moire\datasets\test\0451_moire.jpg,C:\Users\USER\Desktop\project\calibration\moire\datasets\test\augmented_9x\0451_moire_translation_1.jpg,rectified_patch_gpu\008133_0451_moire_translation_1_to_orig.png,rectified_patch_gpu\008133_0451_moire_translation_1_absdiff.png,103.38370213638117,123.71473664347849,290.50744987223993,308.1053398008492,0.24578866731451135,0.3510229122443439,0.05058102234532136,2.2491263171147096,3.789162308214072,-5.369954377437152,-9.318215729463047,-1.222035965627853,translation,,True,20,299.30639483654454,torch_cuda,cuda,OK,
8134,C:\Users\USER\Desktop\project\calibration\moire\datasets\test\0451_moire.jpg,C:\Users\USER\Desktop\project\calibration\moire\datasets\test\augmented_9x\0451_moire_translation_2.jpg,rectified_patch_gpu\008134_0451_moire_translation_2_to_orig.png,rectified_patch_gpu\008134_0451_moire_translation_2_absdiff.png,88.95230239679783,109.30065814387319,314.79319717809744,269.01377718037776,-0.2708865143145455,0.016852163863817486,0.20603199263144395,1.4939553643709869,0.03368534943867413,0.3846470439566502,-0.06971214087790797,-3.1415034606452648,translation,,True,11,291.9034871792376,torch_cuda,cuda,OK,
8135,C:\Users\USER\Desktop\project\calibration\moire\datasets\test\0451_moire.jpg,C:\Users\USER\Desktop\project\calibration\moire\datasets\test\augmented_9x\0451_moire_translation_3.jpg,rectified_patch_gpu\008135_0451_moire_translation_3_to_orig.png,rectified_patch_gpu\008135_0451_moire_translation_3_absdiff.png,122.55088529610339,141.2691871301802,305.78722680111537,284.86153863799086,-6.498398091297439,-1.368429701222441,-8.527687469935735,-3.0559656496806546,-0.00029769643602059053,0.24534627253389127,0.22522086290831478,216.72856851547397,translation,,True,24,295.3243827195531,torch_cuda,cuda,OK,
8136,C:\Users\USER\Desktop\project\calibration\moire\datasets\test\0452_gt.jpg,C:\Users\USER\Desktop\project\calibration\moire\datasets\test\augmented_9x\0452_gt_blackbox_1.jpg,rectified_patch_gpu\008136_0452_gt_blackbox_1_to_orig.png,rectified_patch_gpu\008136_0452_gt_blackbox_1_absdiff.png,90.62677734375,106.44430096486757,295.7673580036377,273.065250696997,0.2759904802542447,0.10073249669688215,0.10017379190695827,1.0000786582273653,0.28644742555603225,-0.12118296351829647,-0.34991377110882566,2.5808221394921995,blackbox,,True,2,284.4163043503173,torch_cuda,cuda,OK,
8137,C:\Users\USER\Desktop\project\calibration\moire\datasets\test\0452_gt.jpg,C:\Users\USER\Desktop\project\calibration\moire\datasets\test\augmented_9x\0452_gt_blackbox_2.jpg,rectified_patch_gpu\008137_0452_gt_blackbox_2_to_orig.png,rectified_patch_gpu\008137_0452_gt_blackbox_2_absdiff.png,107.10803084008488,119.2686419371505,266.55133758956106,307.74554576628185,0.055488353747727426,-0.35092108118210585,0.026061613723106586,-1.8686862048324526,-5.577267990571947,-1.6855059330715076,-8.112572112529465,-1.2458965318629263,blackbox,,True,15,287.1484416779215,torch_cuda,cuda,OK,
8138,C:\Users\USER\Desktop\project\calibration\moire\datasets\test\0452_gt.jpg,C:\Users\USER\Desktop\project\calibration\moire\datasets\test\augmented_9x\0452_gt_blackbox_3.jpg,rectified_patch_gpu\008138_0452_gt_blackbox_3_to_orig.png,rectified_patch_gpu\008138_0452_gt_blackbox_3_absdiff.png,58.338237967785496,67.55524639661219,266.55133758956106,307.74554576628185,0.055488353747727426,-0.35092108118210585,0.026061613723106586,-1.8686862048324526,-5.577267990571947,-1.6855059330715076,-8.112572112529465,-1.2458965318629263,blackbox,,True,15,287.1484416779215,torch_cuda,cuda,OK,
8139,C:\Users\USER\Desktop\project\calibration\moire\datasets\test\0452_gt.jpg,C:\Users\USER\Desktop\project\calibration\moire\datasets\test\augmented_9x\0452_gt_rotation_1.jpg,rectified_patch_gpu\008139_0452_gt_rotation_1_to_orig.png,rectified_patch_gpu\008139_0452_gt_rotation_1_absdiff.png,54.62220112364969,64.8477831344655,266.55133758956106,306.15886610589126,0.055488353747727426,-0.35092108118210585,0.026061613723106586,-1.8686862048324526,5.5344518623890995,-2.9522112067964486,-8.91287656477489,2.0697937880908928,rotation,,True,15,286.35510184772613,torch_cuda,cuda,OK,
8140,C:\Users\USER\Desktop\project\calibration\moire\datasets\test\0452_gt.jpg,C:\Users\USER\Desktop\project\calibration\moire\datasets\test\augmented_9x\0452_gt_rotation_2.jpg,rectified_patch_gpu\008140_0452_gt_rotation_2_to_orig.png,rectified_patch_gpu\008140_0452_gt_rotation_2_absdiff.png,52.829566454475305,62.240102093762474,266.55133758956106,311.4752966753546,0.055488353747727426,-0.35092108118210585,0.026061613723106586,-1.8686862048324526,-0.7611616655247311,-3.1341569901398927,-3.3583964757951135,779.0201956572143,rotation,,True,15,289.0133171324578,torch_cuda,cuda,OK,
8141,C:\Users\USER\Desktop\project\calibration\moire\datasets\test\0452_gt.jpg,C:\Users\USER\Desktop\project\calibration\moire\datasets\test\augmented_9x\0452_gt_rotation_3.jpg,rectified_patch_gpu\008141_0452_gt_rotation_3_to_orig.png,rectified_patch_gpu\008141_0452_gt_rotation_3_absdiff.png,51.66207332658179,64.29665999844046,266.55133758956106,306.3263687282965,0.055488353747727426,-0.35092108118210585,0.026061613723106586,-1.8686862048324526,-2.1497610716126676,4.283196136761903,-6.390551485619358,1.7986796968254608,rotation,,True,15,286.43885315892874,torch_cuda,cuda,OK,
8142,C:\Users\USER\Desktop\project\calibration\moire\datasets\test\0452_gt.jpg,C:\Users\USER\Desktop\project\calibration\moire\datasets\test\augmented_9x\0452_gt_translation_1.jpg,rectified_patch_gpu\008142_0452_gt_translation_1_to_orig.png,rectified_patch_gpu\008142_0452_gt_translation_1_absdiff.png,51.92532335069444,66.17960805110468,266.55133758956106,306.4295551000735,0.055488353747727426,-0.35092108118210585,0.026061613723106586,-1.8686862048324526,5.053643007206246,2.3441647033343322,-7.656191324286878,2.026650367264836,translation,,True,15,286.4904463448173,torch_cuda,cuda,OK,
8143,C:\Users\USER\Desktop\project\calibration\moire\datasets\test\0452_gt.jpg,C:\Users\USER\Desktop\project\calibration\moire\datasets\test\augmented_9x\0452_gt_translation_2.jpg,rectified_patch_gpu\008143_0452_gt_translation_2_to_orig.png,rectified_patch_gpu\008143_0452_gt_translation_2_absdiff.png,107.13422550154321,117.92024380800602,266.55133758956106,306.48425057045733,0.055488353747727426,-0.35092108118210585,0.026061613723106586,-1.8686862048324526,4.971716373431544,-2.9187679336894012,-8.168922819238817,-2.069231348195066,translation,,True,15,286.5177940800092,torch_cuda,cuda,OK,
8144,C:\Users\USER\Desktop\project\calibration\moire\datasets\test\0452_gt.jpg,C:\Users\USER\Desktop\project\calibration\moire\datasets\test\augmented_9x\0452_gt_translation_3.jpg,rectified_patch_gpu\008144_0452_gt_translation_3_to_orig.png,rectified_patch_gpu\008144_0452_gt_translation_3_absdiff.png,47.5181729841821,59.47022254093461,266.55133758956106,306.87474969469497,0.055488353747727426,-0.35092108118210585,0.026061613723106586,-1.8686862048324526,4.215432936525545,4.936196359240931,-9.198177027314333,1.8865732217490172,translation,,True,15,286.713043642128,torch_cuda,cuda,OK,
8145,C:\Users\USER\Desktop\project\calibration\moire\datasets\test\0452_moire.jpg,C:\Users\USER\Desktop\project\calibration\moire\datasets\test\augmented_9x\0452_moire_blackbox_1.jpg,rectified_patch_gpu\008145_0452_moire_blackbox_1_to_orig.png,rectified_patch_gpu\008145_0452_moire_blackbox_1_absdiff.png,122.37256908275462,135.8727960753169,275.3770211081078,324.29334834160863,0.0485504691460904,0.3040644549466884,0.05185526597434633,1.805378435104482,-0.19403732467428456,0.1390550562267307,0.19042371047792442,1.8260222185724186,blackbox,,True,14,299.8351847248582,torch_cuda,cuda,OK,
8146,C:\Users\USER\Desktop\project\calibration\moire\datasets\test\0452_moire.jpg,C:\Users\USER\Desktop\project\calibration\moire\datasets\test\augmented_9x\0452_moire_blackbox_2.jpg,rectified_patch_gpu\008146_0452_moire_blackbox_2_to_orig.png,rectified_patch_gpu\008146_0452_moire_blackbox_2_absdiff.png,122.49095184702932,135.34229010124133,275.3770211081078,324.29334834160863,0.0485504691460904,0.3040644549466884,0.05185526597434633,1.805378435104482,-0.19403732467428456,0.1390550562267307,0.19042371047792442,1.8260222185724186,blackbox,,True,14,299.8351847248582,torch_cuda,cuda,OK,
8147,C:\Users\USER\Desktop\project\calibration\moire\datasets\test\0452_moire.jpg,C:\Users\USER\Desktop\project\calibration\moire\datasets\test\augmented_9x\0452_moire_blackbox_3.jpg,rectified_patch_gpu\008147_0452_moire_blackbox_3_to_orig.png,rectified_patch_gpu\008147_0452_moire_blackbox_3_absdiff.png,120.17214687017747,133.45665528936829,275.3770211081078,324.29334834160863,0.0485504691460904,0.3040644549466884,0.05185526597434633,1.805378435104482,-0.19403732467428456,0.1390550562267307,0.19042371047792442,1.8260222185724186,blackbox,,True,14,299.8351847248582,torch_cuda,cuda,OK,
8148,C:\Users\USER\Desktop\project\calibration\moire\datasets\test\0452_moire.jpg,C:\Users\USER\Desktop\project\calibration\moire\datasets\test\augmented_9x\0452_moire_rotation_1.jpg,rectified_patch_gpu\008148_0452_moire_rotation_1_to_orig.png,rectified_patch_gpu\008148_0452_moire_rotation_1_absdiff.png,68.66761417341822,80.43730038744333,275.3770211081078,309.3165816539834,0.0485504691460904,0.3040644549466884,0.05185526597434633,1.805378435104482,-0.6288039870238054,-3.7573877942305707,-4.531894551432724,0.9698932710348859,rotation,,True,14,292.34680138104557,torch_cuda,cuda,OK,
8149,C:\Users\USER\Desktop\project\calibration\moire\datasets\test\0452_moire.jpg,C:\Users\USER\Desktop\project\calibration\moire\datasets\test\augmented_9x\0452_moire_rotation_2.jpg,rectified_patch_gpu\008149_0452_moire_rotation_2_to_orig.png,rectified_patch_gpu\008149_0452_moire_rotation_2_absdiff.png,62.74932689525463,73.76392096411493,275.3770211081078,306.64155227279565,0.0485504691460904,0.3040644549466884,0.05185526597434633,1.805378435104482,-4.148138967778806,4.431322428655562,-8.620967316361739,1.755910171194921,rotation,,True,14,291.00928669045175,torch_cuda,cuda,OK,
8150,C:\Users\USER\Desktop\project\calibration\moire\datasets\test\0452_moire.jpg,C:\Users\USER\Desktop\project\calibration\moire\datasets\test\augmented_9x\0452_moire_rotation_3.jpg,rectified_patch_gpu\008150_0452_moire_rotation_3_to_orig.png,rectified_patch_gpu\008150_0452_moire_rotation_3_absdiff.png,59.163353226273145,69.37590203767229,275.3770211081078,308.6243074922934,0.0485504691460904,0.3040644549466884,0.05185526597434633,1.805378435104482,-5.988900153170992,0.04606695392681054,-8.444079950441278,-0.7622209851221566,rotation,,True,14,292.0006643002006,torch_cuda,cuda,OK,
8151,C:\Users\USER\Desktop\project\calibration\moire\datasets\test\0452_moire.jpg,C:\Users\USER\Desktop\project\calibration\moire\datasets\test\augmented_9x\0452_moire_translation_1.jpg,rectified_patch_gpu\008151_0452_moire_translation_1_to_orig.png,rectified_patch_gpu\008151_0452_moire_translation_1_absdiff.png,84.43156696084105,100.133484143063,275.3770211081078,305.80726803123304,0.0485504691460904,0.3040644549466884,0.05185526597434633,1.805378435104482,6.270045475029509,0.4919668913662394,-8.937855256175673,2.466612102823427,translation,,True,14,290.5921445696704,torch_cuda,cuda,OK,
8152,C:\Users\USER\Desktop\project\calibration\moire\datasets\test\0452_moire.jpg,C:\Users\USER\Desktop\project\calibration\moire\datasets\test\augmented_9x\0452_moire_translation_2.jpg,rectified_patch_gpu\008152_0452_moire_translation_2_to_orig.png,rectified_patch_gpu\008152_0452_moire_translation_2_absdiff.png,71.98210310570988,86.91137463193647,275.3770211081078,305.5311452969009,0.0485504691460904,0.3040644549466884,0.05185526597434633,1.805378435104482,-5.7801021727650514,-2.370656019336539,-8.870359063294089,2.853374563744763,translation,,True,14,290.4540832025043,torch_cuda,cuda,OK,
8153,C:\Users\USER\Desktop\project\calibration\moire\datasets\test\0452_moire.jpg,C:\Users\USER\Desktop\project\calibration\moire\datasets\test\augmented_9x\0452_moire_translation_3.jpg,rectified_patch_gpu\008153_0452_moire_translation_3_to_orig.png,rectified_patch_gpu\008153_0452_moire_translation_3_absdiff.png,60.57647593557099,72.57115884139209,275.3770211081078,304.29912539874596,0.0485504691460904,0.3040644549466884,0.05185526597434633,1.805378435104482,-2.063551614812818,3.1553734455375397,-4.535636973297612,-2.832076036281402,translation,,True,14,289.83807325342684,torch_cuda,cuda,OK,
8154,C:\Users\USER\Desktop\project\calibration\moire\datasets\test\0453_gt.jpg,C:\Users\USER\Desktop\project\calibration\moire\datasets\test\augmented_9x\0453_gt_blackbox_1.jpg,rectified_patch_gpu\008154_0453_gt_blackbox_1_to_orig.png,rectified_patch_gpu\008154_0453_gt_blackbox_1_absdiff.png,29.813601104359567,75.99146108902139,282.30133684376267,303.48018500011415,-0.05727004186648251,0.30007372401440546,0.19697012586252852,-3.07225070635879,-0.8134231858082701,0.8015125069679643,-0.05081790771789718,-2.9192175519270833,blackbox,,True,18,292.8907609219384,torch_cuda,cuda,OK,
8155,C:\Users\USER\Desktop\project\calibration\moire\datasets\test\0453_gt.jpg,C:\Users\USER\Desktop\project\calibration\moire\datasets\test\augmented_9x\0453_gt_blackbox_2.jpg,rectified_patch_gpu\008155_0453_gt_blackbox_2_to_orig.png,rectified_patch_gpu\008155_0453_gt_blackbox_2_absdiff.png,242.89318600501542,247.8439170853454,282.30133684376267,307.113981911329,-0.05727004186648251,0.30007372401440546,0.19697012586252852,-3.07225070635879,-1.7198244443254715,-7.164564659024919,-9.315646066091333,1.7135741252902696,blackbox,,True,18,294.70765937754584,torch_cuda,cuda,OK,
8156,C:\Users\USER\Desktop\project\calibration\moire\datasets\test\0453_gt.jpg,C:\Users\USER\Desktop\project\calibration\moire\datasets\test\augmented_9x\0453_gt_blackbox_3.jpg,rectified_patch_gpu\008156_0453_gt_blackbox_3_to_orig.png,rectified_patch_gpu\008156_0453_gt_blackbox_3_absdiff.png,23.87063790027006,69.24227383712369,282.30133684376267,303.9262699031426,-0.05727004186648251,0.30007372401440546,0.19697012586252852,-3.07225070635879,-3.0335336165216704,3.0335336173492653,-5.065968551069602,3.141592653589793,blackbox,,True,18,293.11380337345264,torch_cuda,cuda,OK,
8157,C:\Users\USER\Desktop\project\calibration\moire\datasets\test\0453_gt.jpg,C:\Users\USER\Desktop\project\calibration\moire\datasets\test\augmented_9x\0453_gt_rotation_1.jpg,rectified_patch_gpu\008157_0453_gt_rotation_1_to_orig.png,rectified_patch_gpu\008157_0453_gt_rotation_1_absdiff.png,22.235094039351853,67.56891627741217,282.30133684376267,306.3603312634192,-0.05727004186648251,0.30007372401440546,0.19697012586252852,-3.07225070635879,-3.2221432977897275,-3.727536371420117,-6.643903168321945,2.062452920457983,rotation,,True,18,294.33083405359093,torch_cuda,cuda,OK,
8158,C:\Users\USER\Desktop\project\calibration\moire\datasets\test\0453_gt.jpg,C:\Users\USER\Desktop\project\calibration\moire\datasets\test\augmented_9x\0453_gt_rotation_2.jpg,rectified_patch_gpu\008158_0453_gt_rotation_2_to_orig.png,rectified_patch_gpu\008158_0453_gt_rotation_2_absdiff.png,107.2522860001929,162.39540489491924,282.30133684376267,282.7003806785181,-0.05727004186648251,0.30007372401440546,0.19697012586252852,-3.07225070635879,0.058865467289904896,-0.3085569461549316,0.16486849797125797,3.0711020285216253,rotation,,True,18,282.5008587611404,torch_cuda,cuda,OK,
8159,C:\Users\USER\Desktop\project\calibration\moire\datasets\test\0453_gt.jpg,C:\Users\USER\Desktop\project\calibration\moire\datasets\test\augmented_9x\0453_gt_rotation_3.jpg,rectified_patch_gpu\008159_0453_gt_rotation_3_to_orig.png,rectified_patch_gpu\008159_0453_gt_rotation_3_absdiff.png,19.29425564236111,63.20856475335453,282.30133684376267,305.4429598942454,-0.05727004186648251,0.30007372401440546,0.19697012586252852,-3.07225070635879,3.6283382896753356,-4.824130164534562,-8.540922600064423,-3.037955042480463,rotation,,True,18,293.87214836900404,torch_cuda,cuda,OK,
8160,C:\Users\USER\Desktop\project\calibration\moire\datasets\test\0453_gt.jpg,C:\Users\USER\Desktop\project\calibration\moire\datasets\test\augmented_9x\0453_gt_translation_1.jpg,rectified_patch_gpu\008160_0453_gt_translation_1_to_orig.png,rectified_patch_gpu\008160_0453_gt_translation_1_absdiff.png,242.90051528742285,247.84309079156384,305.74671912875726,281.23363750699633,4.993139028564123,-3.4810560827905057,-8.643335749830147,-2.5729095308841354,0.004240238854359012,0.29920076615093577,0.20509645105201765,3.141592653589793,translation,,True,17,293.4901783178768,torch_cuda,cuda,OK,
8161,C:\Users\USER\Desktop\project\calibration\moire\datasets\test\0453_gt.jpg,C:\Users\USER\Desktop\project\calibration\moire\datasets\test\augmented_9x\0453_gt_translation_2.jpg,rectified_patch_gpu\008161_0453_gt_translation_2_to_orig.png,rectified_patch_gpu\008161_0453_gt_translation_2_absdiff.png,14.209746817129629,54.82406294983569,282.30133684376267,306.61141679403875,-0.05727004186648251,0.30007372401440546,0.19697012586252852,-3.07225070635879,6.192315949354647,1.4486229752767597,-9.000688440291098,-1.8371347769637054,translation,,True,18,294.4563768189007,torch_cuda,cuda,OK,
8162,C:\Users\USER\Desktop\project\calibration\moire\datasets\test\0453_gt.jpg,C:\Users\USER\Desktop\project\calibration\moire\datasets\test\augmented_9x\0453_gt_translation_3.jpg,rectified_patch_gpu\008162_0453_gt_translation_3_to_orig.png,rectified_patch_gpu\008162_0453_gt_translation_3_absdiff.png,30.387280092592594,78.32125910595248,282.30133684376267,306.0000080929493,-0.05727004186648251,0.30007372401440546,0.19697012586252852,-3.07225070635879,4.965982354124816,3.6927611447011186,-8.666882552003543,-16.528219075092977,translation,,True,18,294.150672468356,torch_cuda,cuda,OK,
8163,C:\Users\USER\Desktop\project\calibration\moire\datasets\test\0453_moire.jpg,C:\Users\USER\Desktop\project\calibration\moire\datasets\test\augmented_9x\0453_moire_blackbox_1.jpg,rectified_patch_gpu\008163_0453_moire_blackbox_1_to_orig.png,rectified_patch_gpu\008163_0453_moire_blackbox_1_absdiff.png,134.35479721257715,155.01646811006958,308.3470804780787,291.11634974074116,-5.930923718357553,-0.8660765406720519,-8.45149743818753,0.9852430220184384,0.2833028193866963,-0.12573283480644168,0.03585463454747684,-0.1757086646617715,blackbox,,True,24,299.73171510940995,torch_cuda,cuda,OK,
8164,C:\Users\USER\Desktop\project\calibration\moire\datasets\test\0453_moire.jpg,C:\Users\USER\Desktop\project\calibration\moire\datasets\test\augmented_9x\0453_moire_blackbox_2.jpg,rectified_patch_gpu\008164_0453_moire_blackbox_2_to_orig.png,rectified_patch_gpu\008164_0453_moire_blackbox_2_absdiff.png,152.21190369405863,167.241290626342,308.3470804780787,291.11634974074116,-5.930923718357553,-0.8660765406720519,-8.45149743818753,0.9852430220184384,0.2833028193866963,-0.12573283480644168,0.03585463454747684,-0.1757086646617715,blackbox,,True,24,299.73171510940995,torch_cuda,cuda,OK,
8165,C:\Users\USER\Desktop\project\calibration\moire\datasets\test\0453_moire.jpg,C:\Users\USER\Desktop\project\calibration\moire\datasets\test\augmented_9x\0453_moire_blackbox_3.jpg,rectified_patch_gpu\008165_0453_moire_blackbox_3_to_orig.png,rectified_patch_gpu\008165_0453_moire_blackbox_3_absdiff.png,113.45337950906635,139.24704030386565,304.80597940284554,302.38412399294884,-4.201422910840797,2.3795721517090844,-6.425756288996121,2.699100261587016,0.9206565947214053,-2.0315286003234996,-1.7465501410996391,330.387671607037,blackbox,,True,15,303.5950516978972,torch_cuda,cuda,OK,
8166,C:\Users\USER\Desktop\project\calibration\moire\datasets\test\0453_moire.jpg,C:\Users\USER\Desktop\project\calibration\moire\datasets\test\augmented_9x\0453_moire_rotation_1.jpg,rectified_patch_gpu\008166_0453_moire_rotation_1_to_orig.png,rectified_patch_gpu\008166_0453_moire_rotation_1_absdiff.png,148.5316694396219,163.62403900014235,307.26835042111236,300.8223146476524,5.601032601606818,-2.821248434380891,-7.869454485030381,1.4092947197969354,-1.7629450561854974,-1.4160428972213814,-1.7556592435635028,-2.6322208473585387,rotation,,True,3,304.0453325343824,torch_cuda,cuda,OK,
8167,C:\Users\USER\Desktop\project\calibration\moire\datasets\test\0453_moire.jpg,C:\Users\USER\Desktop\project\calibration\moire\datasets\test\augmented_9x\0453_moire_rotation_2.jpg,rectified_patch_gpu\008167_0453_moire_rotation_2_to_orig.png,rectified_patch_gpu\008167_0453_moire_rotation_2_absdiff.png,178.89109037422838,183.88876461921993,307.9956556148908,293.09046292615204,-4.07321783861854,-0.7998728741680914,-5.278862281665596,-0.9185778952071506,0.016985119356498907,0.17161350191718333,0.3106387637394868,-2.82856040901384,rotation,,True,13,300.54305927052144,torch_cuda,cuda,OK,
8168,C:\Users\USER\Desktop\project\calibration\moire\datasets\test\0453_moire.jpg,C:\Users\USER\Desktop\project\calibration\moire\datasets\test\augmented_9x\0453_moire_rotation_3.jpg,rectified_patch_gpu\008168_0453_moire_rotation_3_to_orig.png,rectified_patch_gpu\008168_0453_moire_rotation_3_absdiff.png,141.85321771315586,161.2798081773667,304.80597940284554,300.7988178955937,-4.201422910840797,2.3795721517090844,-6.425756288996121,2.699100261587016,1.9202782895378474,1.4340928470223455,-1.8268556055720153,-2.5825972387930753,rotation,,True,15,302.80239864921964,torch_cuda,cuda,OK,
8169,C:\Users\USER\Desktop\project\calibration\moire\datasets\test\0453_moire.jpg,C:\Users\USER\Desktop\project\calibration\moire\datasets\test\augmented_9x\0453_moire_translation_1.jpg,rectified_patch_gpu\008169_0453_moire_translation_1_to_orig.png,rectified_patch_gpu\008169_0453_moire_translation_1_absdiff.png,73.84966399016204,103.0990552421125,304.80597940284554,305.45140833842333,-4.201422910840797,2.3795721517090844,-6.425756288996121,2.699100261587016,6.819383578851863,-0.7299185899230367,-9.714228289416063,3.0964638800848867,translation,,True,15,305.12869387063444,torch_cuda,cuda,OK,
8170,C:\Users\USER\Desktop\project\calibration\moire\datasets\test\0453_moire.jpg,C:\Users\USER\Desktop\project\calibration\moire\datasets\test\augmented_9x\0453_moire_translation_2.jpg,rectified_patch_gpu\008170_0453_moire_translation_2_to_orig.png,rectified_patch_gpu\008170_0453_moire_translation_2_absdiff.png,131.2870681423611,153.4986438182163,307.26835042111236,273.7764170348285,5.601032601606818,-2.821248434380891,-7.869454485030381,1.4092947197969354,0.0922370883997484,0.21076208548166342,0.050063246943974835,1.7019321755498762,translation,,True,3,290.52238372797046,torch_cuda,cuda,OK,
8171,C:\Users\USER\Desktop\project\calibration\moire\datasets\test\0453_moire.jpg,C:\Users\USER\Desktop\project\calibration\moire\datasets\test\augmented_9x\0453_moire_translation_3.jpg,rectified_patch_gpu\008171_0453_moire_translation_3_to_orig.png,rectified_patch_gpu\008171_0453_moire_translation_3_absdiff.png,108.47159107349538,137.91646884558028,306.213842726678,305.2491431140783,9.24098351733825,0.28071485703996757,-12.137728248557906,1610.8158302219326,0.23428726951995105,5.062506317758189,-7.043981087893353,2.653883411646738,translation,,True,19,305.7314929203782,torch_cuda,cuda,OK,
8172,C:\Users\USER\Desktop\project\calibration\moire\datasets\test\0454_gt.jpg,C:\Users\USER\Desktop\project\calibration\moire\datasets\test\augmented_9x\0454_gt_blackbox_1.jpg,rectified_patch_gpu\008172_0454_gt_blackbox_1_to_orig.png,rectified_patch_gpu\008172_0454_gt_blackbox_1_absdiff.png,31.4077042341821,41.88508536648108,297.85042501939495,306.79835268160986,0.17996959151955239,-0.5639966142883063,0.03744612720979734,-0.5172292746644707,5.426610911627668,3.0938488650872147,-8.874799327772015,1.901707408442094,blackbox,,True,16,302.3243888505024,torch_cuda,cuda,OK,
8173,C:\Users\USER\Desktop\project\calibration\moire\datasets\test\0454_gt.jpg,C:\Users\USER\Desktop\project\calibration\moire\datasets\test\augmented_9x\0454_gt_blackbox_2.jpg,rectified_patch_gpu\008173_0454_gt_blackbox_2_to_orig.png,rectified_patch_gpu\008173_0454_gt_blackbox_2_absdiff.png,83.92765673225308,93.70167950723643,306.02090837799904,300.03823459100045,5.006233785773644,-0.3389667463702499,-6.864333997619457,255.46945008089511,0.6124921183952066,-0.0167765637257985,-0.011288336943994337,2.1810108490419524,blackbox,,True,8,303.02957148449974,torch_cuda,cuda,OK,
8174,C:\Users\USER\Desktop\project\calibration\moire\datasets\test\0454_gt.jpg,C:\Users\USER\Desktop\project\calibration\moire\datasets\test\augmented_9x\0454_gt_blackbox_3.jpg,rectified_patch_gpu\008174_0454_gt_blackbox_3_to_orig.png,rectified_patch_gpu\008174_0454_gt_blackbox_3_absdiff.png,31.22183895158179,41.70945547877413,297.85042501939495,306.79835268160986,0.17996959151955239,-0.5639966142883063,0.03744612720979734,-0.5172292746644707,5.426610911627668,3.0938488650872147,-8.874799327772015,1.901707408442094,blackbox,,True,16,302.3243888505024,torch_cuda,cuda,OK,
8175,C:\Users\USER\Desktop\project\calibration\moire\datasets\test\0454_gt.jpg,C:\Users\USER\Desktop\project\calibration\moire\datasets\test\augmented_9x\0454_gt_rotation_1.jpg,rectified_patch_gpu\008175_0454_gt_rotation_1_to_orig.png,rectified_patch_gpu\008175_0454_gt_rotation_1_absdiff.png,30.511632788387345,41.01863087457048,297.85042501939495,308.3304157954831,0.17996959151955239,-0.5639966142883063,0.03744612720979734,-0.5172292746644707,-0.20485835331480445,5.588116268687465,-7.7331351188090025,1.0525487282600343,rotation,,True,16,303.090420407439,torch_cuda,cuda,OK,
8176,C:\Users\USER\Desktop\project\calibration\moire\datasets\test\0454_gt.jpg,C:\Users\USER\Desktop\project\calibration\moire\datasets\test\augmented_9x\0454_gt_rotation_2.jpg,rectified_patch_gpu\008176_0454_gt_rotation_2_to_orig.png,rectified_patch_gpu\008176_0454_gt_rotation_2_absdiff.png,33.67390299479167,45.80172456853527,297.85042501939495,305.6926548057334,0.17996959151955239,-0.5639966142883063,0.03744612720979734,-0.5172292746644707,5.080747851702476,0.09522274371319972,-6.936371371660671,2.30019077178832,rotation,,True,16,301.7715399125642,torch_cuda,cuda,OK,
8177,C:\Users\USER\Desktop\project\calibration\moire\datasets\test\0454_gt.jpg,C:\Users\USER\Desktop\project\calibration\moire\datasets\test\augmented_9x\0454_gt_rotation_3.jpg,rectified_patch_gpu\008177_0454_gt_rotation_3_to_orig.png,rectified_patch_gpu\008177_0454_gt_rotation_3_absdiff.png,92.12648256655092,99.81981982673626,307.15344167730245,294.12002373820775,-5.570513277542588,0.3633755518128321,-7.829106722384578,1.585583790003266,0.2085048502052314,-0.41181965833039413,0.3643408289271419,-2.8364715025828873,rotation,,True,21,300.6367327077551,torch_cuda,cuda,OK,
8178,C:\Users\USER\Desktop\project\calibration\moire\datasets\test\0454_gt.jpg,C:\Users\USER\Desktop\project\calibration\moire\datasets\test\augmented_9x\0454_gt_translation_1.jpg,rectified_patch_gpu\008178_0454_gt_translation_1_to_orig.png,rectified_patch_gpu\008178_0454_gt_translation_1_absdiff.png,62.35406696084105,71.89020186040048,306.0387934761553,298.1791195348404,2.542177130248829,-5.771355976118791,-8.960294063409101,2.124032209386125,0.5413856322254185,-1.5720745870475445,-0.9041857476707988,2.8339977376087777,translation,,True,10,302.1089565054979,torch_cuda,cuda,OK,
8179,C:\Users\USER\Desktop\project\calibration\moire\datasets\test\0454_gt.jpg,C:\Users\USER\Desktop\project\calibration\moire\datasets\test\augmented_9x\0454_gt_translation_2.jpg,rectified_patch_gpu\008179_0454_gt_translation_2_to_orig.png,rectified_patch_gpu\008179_0454_gt_translation_2_absdiff.png,84.31047477816358,93.73432638398863,306.2982378611296,284.8517318503076,4.388540714896594,4.252588399645983,-8.678720413752862,2.199170881131196,-0.03748090727519025,-0.24426352779238944,0.17109109500847738,2.4390799530719347,translation,,True,24,295.57498485571864,torch_cuda,cuda,OK,
8180,C:\Users\USER\Desktop\project\calibration\moire\datasets\test\0454_gt.jpg,C:\Users\USER\Desktop\project\calibration\moire\datasets\test\augmented_9x\0454_gt_translation_3.jpg,rectified_patch_gpu\008180_0454_gt_translation_3_to_orig.png,rectified_patch_gpu\008180_0454_gt_translation_3_absdiff.png,80.23577196662809,92.90144196252415,306.69997957124775,299.58926197310745,1.8616078878866569,5.57887437546743,-8.195581702184237,-1.7231493966254963,-1.0756349940866197,1.1136370895185048,-0.3551472464360512,2.1992929350106762,translation,,True,6,303.14462077217763,torch_cuda,cuda,OK,
8181,C:\Users\USER\Desktop\project\calibration\moire\datasets\test\0454_moire.jpg,C:\Users\USER\Desktop\project\calibration\moire\datasets\test\augmented_9x\0454_moire_blackbox_1.jpg,rectified_patch_gpu\008181_0454_moire_blackbox_1_to_orig.png,rectified_patch_gpu\008181_0454_moire_blackbox_1_absdiff.png,122.6407443576389,130.80163607760684,307.6146886174598,285.9225203521036,6.598886926275259,0.8286594774231069,-9.450771576218806,1.3776644222648389,0.005587686121520907,0.2534551678268069,0.24791926597365782,2.965414033175024,blackbox,,True,2,296.7686044847817,torch_cuda,cuda,OK,
8182,C:\Users\USER\Desktop\project\calibration\moire\datasets\test\0454_moire.jpg,C:\Users\USER\Desktop\project\calibration\moire\datasets\test\augmented_9x\0454_moire_blackbox_2.jpg,rectified_patch_gpu\008182_0454_moire_blackbox_2_to_orig.png,rectified_patch_gpu\008182_0454_moire_blackbox_2_absdiff.png,120.76959177276234,129.80279330855745,288.5919496774344,305.3868641138732,-0.22751674951509984,-0.29002509361891415,0.14353487916989743,1.5403813096385583,-5.926529570170031,0.23320856960894415,-8.401341756908163,-2.870826017987776,blackbox,,True,6,296.9894068956538,torch_cuda,cuda,OK,
8183,C:\Users\USER\Desktop\project\calibration\moire\datasets\test\0454_moire.jpg,C:\Users\USER\Desktop\project\calibration\moire\datasets\test\augmented_9x\0454_moire_blackbox_3.jpg,rectified_patch_gpu\008183_0454_moire_blackbox_3_to_orig.png,rectified_patch_gpu\008183_0454_moire_blackbox_3_absdiff.png,45.749799141589506,57.493133878669255,288.5919496774344,308.95014979129917,-0.22751674951509984,-0.29002509361891415,0.14353487916989743,1.5403813096385583,-1.321085940617131,4.035769830416871,-5.469231527235483,0.8261011575378469,blackbox,,True,6,298.7710497343668,torch_cuda,cuda,OK,
8184,C:\Users\USER\Desktop\project\calibration\moire\datasets\test\0454_moire.jpg,C:\Users\USER\Desktop\project\calibration\moire\datasets\test\augmented_9x\0454_moire_rotation_1.jpg,rectified_patch_gpu\008184_0454_moire_rotation_1_to_orig.png,rectified_patch_gpu\008184_0454_moire_rotation_1_absdiff.png,47.88074339313272,60.46016154874535,288.5919496774344,315.3667825697981,-0.22751674951509984,-0.29002509361891415,0.14353487916989743,1.5403813096385583,0.16053153539581866,1.4613740515531872,-0.24781264940879177,1.063165386462213,rotation,,True,6,301.9793661236163,torch_cuda,cuda,OK,
8185,C:\Users\USER\Desktop\project\calibration\moire\datasets\test\0454_moire.jpg,C:\Users\USER\Desktop\project\calibration\moire\datasets\test\augmented_9x\0454_moire_rotation_2.jpg,rectified_patch_gpu\008185_0454_moire_rotation_2_to_orig.png,rectified_patch_gpu\008185_0454_moire_rotation_2_absdiff.png,122.70328788097994,130.83499940746287,305.2728315885821,286.5381024331912,3.689379304700333,-4.400745569338836,-8.148683096583094,2.992688897969316,-0.002563512153329023,-0.22192715176022976,0.23549649605152811,505.7680720944249,rotation,,True,22,295.9054670108867,torch_cuda,cuda,OK,
8186,C:\Users\USER\Desktop\project\calibration\moire\datasets\test\0454_moire.jpg,C:\Users\USER\Desktop\project\calibration\moire\datasets\test\augmented_9x\0454_moire_rotation_3.jpg,rectified_patch_gpu\008186_0454_moire_rotation_3_to_orig.png,rectified_patch_gpu\008186_0454_moire_rotation_3_absdiff.png,98.10884476273148,112.39639469168675,307.86909684366486,287.257917999577,5.339321120086858,-1.8668204247786342,-8.038069191762064,1.1278050749516888,-0.4193984083108393,-0.2300602796535525,-0.019039666096750396,-2.018864997071729,rotation,,True,23,297.5635074216209,torch_cuda,cuda,OK,
8187,C:\Users\USER\Desktop\project\calibration\moire\datasets\test\0454_moire.jpg,C:\Users\USER\Desktop\project\calibration\moire\datasets\test\augmented_9x\0454_moire_translation_1.jpg,rectified_patch_gpu\008187_0454_moire_translation_1_to_orig.png,rectified_patch_gpu\008187_0454_moire_translation_1_absdiff.png,40.8635368441358,52.27092248914794,288.5919496774344,305.36586931869573,-0.22751674951509984,-0.29002509361891415,0.14353487916989743,1.5403813096385583,4.967975350785549,-3.48181039422221,-8.61886216702756,-3.062485415292846,translation,,True,6,296.97890949806504,torch_cuda,cuda,OK,
8188,C:\Users\USER\Desktop\project\calibration\moire\datasets\test\0454_moire.jpg,C:\Users\USER\Desktop\project\calibration\moire\datasets\test\augmented_9x\0454_moire_translation_2.jpg,rectified_patch_gpu\008188_0454_moire_translation_2_to_orig.png,rectified_patch_gpu\008188_0454_moire_translation_2_absdiff.png,76.27805519386574,92.54540870841889,302.13414034549595,290.62518230272656,0.3090981230299038,0.21058455819576963,0.36864606257265126,3.0585888834998016,0.24230981599801266,0.18327692771774892,0.05640811492895166,1.9349888086163263,translation,,True,5,296.3796613241112,torch_cuda,cuda,OK,
8189,C:\Users\USER\Desktop\project\calibration\moire\datasets\test\0454_moire.jpg,C:\Users\USER\Desktop\project\calibration\moire\datasets\test\augmented_9x\0454_moire_translation_3.jpg,rectified_patch_gpu\008189_0454_moire_translation_3_to_orig.png,rectified_patch_gpu\008189_0454_moire_translation_3_absdiff.png,42.08777162905093,54.357716418864825,288.5919496774344,306.1341766409692,-0.22751674951509984,-0.29002509361891415,0.14353487916989743,1.5403813096385583,4.9862121910034585,3.6113567242647537,-8.74671543465498,2.3162305052622494,translation,,True,6,297.36306315920183,torch_cuda,cuda,OK,
8190,C:\Users\USER\Desktop\project\calibration\moire\datasets\test\0455_gt.jpg,C:\Users\USER\Desktop\project\calibration\moire\datasets\test\augmented_9x\0455_gt_blackbox_1.jpg,rectified_patch_gpu\008190_0455_gt_blackbox_1_to_orig.png,rectified_patch_gpu\008190_0455_gt_blackbox_1_absdiff.png,84.8548819685571,102.15426698143581,268.7321322066619,305.972342444018,-0.23394257665560178,-0.26119655109237455,-0.08936676968407645,-404.8893526665005,-1.1186902594760182,-5.795769500755293,-8.265362033716677,-2.135611901346518,blackbox,,True,18,287.35223732533996,torch_cuda,cuda,OK,
8191,C:\Users\USER\Desktop\project\calibration\moire\datasets\test\0455_gt.jpg,C:\Users\USER\Desktop\project\calibration\moire\datasets\test\augmented_9x\0455_gt_blackbox_2.jpg,rectified_patch_gpu\008191_0455_gt_blackbox_2_to_orig.png,rectified_patch_gpu\008191_0455_gt_blackbox_2_absdiff.png,107.35240668402778,124.2019028621366,268.7321322066619,306.70186740380836,-0.23394257665560178,-0.26119655109237455,-0.08936676968407645,-404.8893526665005,-3.9130370585830967,-4.659459574840765,-8.616862036958572,1.9631720068520175,blackbox,,True,18,287.7169998052351,torch_cuda,cuda,OK,
8192,C:\Users\USER\Desktop\project\calibration\moire\datasets\test\0455_gt.jpg,C:\Users\USER\Desktop\project\calibration\moire\datasets\test\augmented_9x\0455_gt_blackbox_3.jpg,rectified_patch_gpu\008192_0455_gt_blackbox_3_to_orig.png,rectified_patch_gpu\008192_0455_gt_blackbox_3_absdiff.png,76.68903079185957,93.8206433410167,268.7321322066619,308.502470270475,-0.23394257665560178,-0.26119655109237455,-0.08936676968407645,-404.8893526665005,0.297385296635406,6.374568196223583,-8.970991093363033,-95.14364139103213,blackbox,,True,18,288.6173012385684,torch_cuda,cuda,OK,
8193,C:\Users\USER\Desktop\project\calibration\moire\datasets\test\0455_gt.jpg,C:\Users\USER\Desktop\project\calibration\moire\datasets\test\augmented_9x\0455_gt_rotation_1.jpg,rectified_patch_gpu\008193_0455_gt_rotation_1_to_orig.png,rectified_patch_gpu\008193_0455_gt_rotation_1_absdiff.png,82.80557641300155,100.42359945920089,268.7321322066619,307.8553689466067,-0.23394257665560178,-0.26119655109237455,-0.08936676968407645,-404.8893526665005,4.24675319020259,3.756965889246496,-7.843057458408673,1.4103870278640147,rotation,,True,18,288.2937505766343,torch_cuda,cuda,OK,
8194,C:\Users\USER\Desktop\project\calibration\moire\datasets\test\0455_gt.jpg,C:\Users\USER\Desktop\project\calibration\moire\datasets\test\augmented_9x\0455_gt_rotation_2.jpg,rectified_patch_gpu\008194_0455_gt_rotation_2_to_orig.png,rectified_patch_gpu\008194_0455_gt_rotation_2_absdiff.png,82.43629786361883,100.98310945729759,268.7321322066619,305.10833907370915,-0.23394257665560178,-0.26119655109237455,-0.08936676968407645,-404.8893526665005,5.272661131441549,1.2147110120466444,-7.528085574156609,-3.030616728136014,rotation,,True,18,286.9202356401855,torch_cuda,cuda,OK,
8195,C:\Users\USER\Desktop\project\calibration\moire\datasets\test\0455_gt.jpg,C:\Users\USER\Desktop\project\calibration\moire\datasets\test\augmented_9x\0455_gt_rotation_3.jpg,rectified_patch_gpu\008195_0455_gt_rotation_3_to_orig.png,rectified_patch_gpu\008195_0455_gt_rotation_3_absdiff.png,91.42689091435186,108.82193394944467,268.7321322066619,305.8823046285252,-0.23394257665560178,-0.26119655109237455,-0.08936676968407645,-404.8893526665005,4.257780944389641,-4.666283324334836,-8.960882671956039,2.2534364184556352,rotation,,True,18,287.30721841759356,torch_cuda,cuda,OK,
8196,C:\Users\USER\Desktop\project\calibration\moire\datasets\test\0455_gt.jpg,C:\Users\USER\Desktop\project\calibration\moire\datasets\test\augmented_9x\0455_gt_translation_1.jpg,rectified_patch_gpu\008196_0455_gt_translation_1_to_orig.png,rectified_patch_gpu\008196_0455_gt_translation_1_absdiff.png,82.26785132137346,98.96522106146871,268.7321322066619,305.39756929248455,-0.23394257665560178,-0.26119655109237455,-0.08936676968407645,-404.8893526665005,3.4328667123697176,-5.263385086935795,-8.881632751956541,3.000759172508136,translation,,True,18,287.0648507495732,torch_cuda,cuda,OK,
8197,C:\Users\USER\Desktop\project\calibration\moire\datasets\test\0455_gt.jpg,C:\Users\USER\Desktop\project\calibration\moire\datasets\test\augmented_9x\0455_gt_translation_2.jpg,rectified_patch_gpu\008197_0455_gt_translation_2_to_orig.png,rectified_patch_gpu\008197_0455_gt_translation_2_absdiff.png,84.5260194830247,100.44795790387307,268.7321322066619,307.8051205605211,-0.23394257665560178,-0.26119655109237455,-0.08936676968407645,-404.8893526665005,6.042138879772663,-0.3135040987251967,-8.509989511663301,1.2545259208466255,translation,,True,18,288.2686263835915,torch_cuda,cuda,OK,
8198,C:\Users\USER\Desktop\project\calibration\moire\datasets\test\0455_gt.jpg,C:\Users\USER\Desktop\project\calibration\moire\datasets\test\augmented_9x\0455_gt_translation_3.jpg,rectified_patch_gpu\008198_0455_gt_translation_3_to_orig.png,rectified_patch_gpu\008198_0455_gt_translation_3_absdiff.png,64.46117850597994,84.37051896751495,268.7321322066619,308.1414858679337,-0.23394257665560178,-0.26119655109237455,-0.08936676968407645,-404.8893526665005,2.4954917949132263,-2.7518923054641067,-4.294992356917685,-177.4124136783494,translation,,True,18,288.4368090372978,torch_cuda,cuda,OK,
8199,C:\Users\USER\Desktop\project\calibration\moire\datasets\test\0455_moire.jpg,C:\Users\USER\Desktop\project\calibration\moire\datasets\test\augmented_9x\0455_moire_blackbox_1.jpg,rectified_patch_gpu\008199_0455_moire_blackbox_1_to_orig.png,rectified_patch_gpu\008199_0455_moire_blackbox_1_absdiff.png,87.19399884259259,109.597755934832,290.7770729268447,300.99147808462817,-0.19996109154841948,-0.21489266034405516,0.1338988851981415,-173.50757441832016,-0.002292656221295225,-0.08583306812939537,0.2924942643254174,2.326347352955791,blackbox,,True,10,295.88427550573647,torch_cuda,cuda,OK,
8200,C:\Users\USER\Desktop\project\calibration\moire\datasets\test\0455_moire.jpg,C:\Users\USER\Desktop\project\calibration\moire\datasets\test\augmented_9x\0455_moire_blackbox_2.jpg,rectified_patch_gpu\008200_0455_moire_blackbox_2_to_orig.png,rectified_patch_gpu\008200_0455_moire_blackbox_2_absdiff.png,107.13433123553241,127.5097329127684,290.7770729268447,305.1736646742281,-0.19996109154841948,-0.21489266034405516,0.1338988851981415,-173.50757441832016,-4.085807585434068,-3.5385327963401165,-7.501053942393122,-229.57304678993677,blackbox,,True,10,297.97536880053644,torch_cuda,cuda,OK,
8201,C:\Users\USER\Desktop\project\calibration\moire\datasets\test\0455_moire.jpg,C:\Users\USER\Desktop\project\calibration\moire\datasets\test\augmented_9x\0455_moire_blackbox_3.jpg,rectified_patch_gpu\008201_0455_moire_blackbox_3_to_orig.png,rectified_patch_gpu\008201_0455_moire_blackbox_3_absdiff.png,93.87945770640432,111.64299322266339,290.7770729268447,305.1736646742281,-0.19996109154841948,-0.21489266034405516,0.1338988851981415,-173.50757441832016,-4.085807585434068,-3.5385327963401165,-7.501053942393122,-229.57304678993677,blackbox,,True,10,297.97536880053644,torch_cuda,cuda,OK,
8202,C:\Users\USER\Desktop\project\calibration\moire\datasets\test\0455_moire.jpg,C:\Users\USER\Desktop\project\calibration\moire\datasets\test\augmented_9x\0455_moire_rotation_1.jpg,rectified_patch_gpu\008202_0455_moire_rotation_1_to_orig.png,rectified_patch_gpu\008202_0455_moire_rotation_1_absdiff.png,89.97850489486883,108.7726203708757,290.7770729268447,308.3009439061309,-0.19996109154841948,-0.21489266034405516,0.1338988851981415,-173.50757441832016,3.4654948632319846,-2.376108514303585,-5.559261892841057,1.0091228317767185,rotation,,True,10,299.53900841648783,torch_cuda,cuda,OK,
8203,C:\Users\USER\Desktop\project\calibration\moire\datasets\test\0455_moire.jpg,C:\Users\USER\Desktop\project\calibration\moire\datasets\test\augmented_9x\0455_moire_rotation_2.jpg,rectified_patch_gpu\008203_0455_moire_rotation_2_to_orig.png,rectified_patch_gpu\008203_0455_moire_rotation_2_absdiff.png,93.76490571952161,113.04970544770681,290.7770729268447,306.8591121464178,-0.19996109154841948,-0.21489266034405516,0.1338988851981415,-173.50757441832016,2.13503070044454,4.759456157076703,-7.189342806591126,-167.81368454975745,rotation,,True,10,298.81809253663124,torch_cuda,cuda,OK,
8204,C:\Users\USER\Desktop\project\calibration\moire\datasets\test\0455_moire.jpg,C:\Users\USER\Desktop\project\calibration\moire\datasets\test\augmented_9x\0455_moire_rotation_3.jpg,rectified_patch_gpu\008204_0455_moire_rotation_3_to_orig.png,rectified_patch_gpu\008204_0455_moire_rotation_3_absdiff.png,86.33930844907407,104.7035540539561,290.7770729268447,309.20961636050004,-0.19996109154841948,-0.21489266034405516,0.1338988851981415,-173.50757441832016,4.52701090363711,3.338827426834637,-7.921026765484532,0.18185762202502173,rotation,,True,10,299.99334464367234,torch_cuda,cuda,OK,
8205,C:\Users\USER\Desktop\project\calibration\moire\datasets\test\0455_moire.jpg,C:\Users\USER\Desktop\project\calibration\moire\datasets\test\augmented_9x\0455_moire_translation_1.jpg,rectified_patch_gpu\008205_0455_moire_translation_1_to_orig.png,rectified_patch_gpu\008205_0455_moire_translation_1_absdiff.png,92.16354480131173,112.70759647423776,290.7770729268447,312.46353534246646,-0.19996109154841948,-0.21489266034405516,0.1338988851981415,-173.50757441832016,0.16319722547761412,0.0462562143538061,0.24984164040089282,1.4231098457985922,translation,,True,10,301.6203041346556,torch_cuda,cuda,OK,
8206,C:\Users\USER\Desktop\project\calibration\moire\datasets\test\0455_moire.jpg,C:\Users\USER\Desktop\project\calibration\moire\datasets\test\augmented_9x\0455_moire_translation_2.jpg,rectified_patch_gpu\008206_0455_moire_translation_2_to_orig.png,rectified_patch_gpu\008206_0455_moire_translation_2_absdiff.png,90.99906286168981,107.53525392441561,290.7770729268447,305.73961258985116,-0.19996109154841948,-0.21489266034405516,0.1338988851981415,-173.50757441832016,3.463368836743056,-5.059361904526488,-8.707735064663423,2.3159810830049348,translation,,True,10,298.2583427583479,torch_cuda,cuda,OK,
8207,C:\Users\USER\Desktop\project\calibration\moire\datasets\test\0455_moire.jpg,C:\Users\USER\Desktop\project\calibration\moire\datasets\test\augmented_9x\0455_moire_translation_3.jpg,rectified_patch_gpu\008207_0455_moire_translation_3_to_orig.png,rectified_patch_gpu\008207_0455_moire_translation_3_absdiff.png,98.48924780574846,119.80787675900997,308.3815543694323,285.454116521784,10.146201257673795,-4.626116494805501,-13.945026179758912,68.46881060448041,-0.01866745872260535,0.3636871792941492,-0.023543241857027566,1.5380237083556711,translation,,True,2,296.91783544560815,torch_cuda,cuda,OK,
8208,C:\Users\USER\Desktop\project\calibration\moire\datasets\test\0456_gt.jpg,C:\Users\USER\Desktop\project\calibration\moire\datasets\test\augmented_9x\0456_gt_blackbox_1.jpg,rectified_patch_gpu\008208_0456_gt_blackbox_1_to_orig.png,rectified_patch_gpu\008208_0456_gt_blackbox_1_absdiff.png,166.81538700810185,181.42781251979952,307.97944095892757,291.6699824577577,1.5216035012883804,-4.8205734866093755,-6.9812207291259645,1.1494349816043619,0.5222083058372327,-0.3553465683316145,0.012474454607983576,-0.8306854779941473,blackbox,,True,2,299.82471170834265,torch_cuda,cuda,OK,
8209,C:\Users\USER\Desktop\project\calibration\moire\datasets\test\0456_gt.jpg,C:\Users\USER\Desktop\project\calibration\moire\datasets\test\augmented_9x\0456_gt_blackbox_2.jpg,rectified_patch_gpu\008209_0456_gt_blackbox_2_to_orig.png,rectified_patch_gpu\008209_0456_gt_blackbox_2_absdiff.png,196.49799756462193,200.56927373870113,295.39623298186956,303.9262699031426,0.010033410958218154,-0.04589656349567391,0.3080508175058284,3.1209147440914626,-3.0335336165216704,3.0335336173492653,-5.065968551069602,3.141592653589793,blackbox,,True,12,299.6612514425061,torch_cuda,cuda,OK,
8210,C:\Users\USER\Desktop\project\calibration\moire\datasets\test\0456_gt.jpg,C:\Users\USER\Desktop\project\calibration\moire\datasets\test\augmented_9x\0456_gt_blackbox_3.jpg,rectified_patch_gpu\008210_0456_gt_blackbox_3_to_orig.png,rectified_patch_gpu\008210_0456_gt_blackbox_3_absdiff.png,176.73436246141975,188.30086102531808,307.97944095892757,291.6699824577577,1.5216035012883804,-4.8205734866093755,-6.9812207291259645,1.1494349816043619,0.5222083058372327,-0.3553465683316145,0.012474454607983576,-0.8306854779941473,blackbox,,True,2,299.82471170834265,torch_cuda,cuda,OK,
8211,C:\Users\USER\Desktop\project\calibration\moire\datasets\test\0456_gt.jpg,C:\Users\USER\Desktop\project\calibration\moire\datasets\test\augmented_9x\0456_gt_rotation_1.jpg,rectified_patch_gpu\008211_0456_gt_rotation_1_to_orig.png,rectified_patch_gpu\008211_0456_gt_rotation_1_absdiff.png,33.994404176311726,48.75639122001733,295.39623298186956,305.10130400885816,0.010033410958218154,-0.04589656349567391,0.3080508175058284,3.1209147440914626,5.301475998774018,0.46338836745049916,-7.313687368209795,2.834108489513614,rotation,,True,12,300.24876849536383,torch_cuda,cuda,OK,
8212,C:\Users\USER\Desktop\project\calibration\moire\datasets\test\0456_gt.jpg,C:\Users\USER\Desktop\project\calibration\moire\datasets\test\augmented_9x\0456_gt_rotation_2.jpg,rectified_patch_gpu\008212_0456_gt_rotation_2_to_orig.png,rectified_patch_gpu\008212_0456_gt_rotation_2_absdiff.png,33.92349910783179,49.02868593622027,295.39623298186956,305.5634984635548,0.010033410958218154,-0.04589656349567391,0.3080508175058284,3.1209147440914626,5.156875256494836,0.4084148505190862,-7.137822891829622,2.4445131195543053,rotation,,True,12,300.4798657227122,torch_cuda,cuda,OK,
8213,C:\Users\USER\Desktop\project\calibration\moire\datasets\test\0456_gt.jpg,C:\Users\USER\Desktop\project\calibration\moire\datasets\test\augmented_9x\0456_gt_rotation_3.jpg,rectified_patch_gpu\008213_0456_gt_rotation_3_to_orig.png,rectified_patch_gpu\008213_0456_gt_rotation_3_absdiff.png,122.27929904513888,151.03170250738142,305.57363211869654,303.9262699031426,-3.4940905752991185,-5.13457383778165,-8.819851689095373,2.7055739372902434,-3.0335336165216704,3.0335336173492653,-5.065968551069602,3.141592653589793,rotation,,True,0,304.7499510109196,torch_cuda,cuda,OK,
8214,C:\Users\USER\Desktop\project\calibration\moire\datasets\test\0456_gt.jpg,C:\Users\USER\Desktop\project\calibration\moire\datasets\test\augmented_9x\0456_gt_translation_1.jpg,rectified_patch_gpu\008214_0456_gt_translation_1_to_orig.png,rectified_patch_gpu\008214_0456_gt_translation_1_absdiff.png,33.051457007137344,47.42678041472313,295.39623298186956,314.0850629984033,0.010033410958218154,-0.04589656349567391,0.3080508175058284,3.1209147440914626,0.3811959154273706,1.6945862458104484,-0.594397255860923,-0.2634084297922282,translation,,True,12,304.74064799013644,torch_cuda,cuda,OK,
8215,C:\Users\USER\Desktop\project\calibration\moire\datasets\test\0456_gt.jpg,C:\Users\USER\Desktop\project\calibration\moire\datasets\test\augmented_9x\0456_gt_translation_2.jpg,rectified_patch_gpu\008215_0456_gt_translation_2_to_orig.png,rectified_patch_gpu\008215_0456_gt_translation_2_absdiff.png,196.00648883584105,200.27089838526584,306.5353458466701,303.3546844423705,3.727191561792094,-4.405247656318606,-8.047314100358957,35.67362023184587,0.1849864853160692,0.0082638721447021,0.2448851795537427,3.0397637145624885,translation,,True,6,304.9450151445203,torch_cuda,cuda,OK,
8216,C:\Users\USER\Desktop\project\calibration\moire\datasets\test\0456_gt.jpg,C:\Users\USER\Desktop\project\calibration\moire\datasets\test\augmented_9x\0456_gt_translation_3.jpg,rectified_patch_gpu\008216_0456_gt_translation_3_to_orig.png,rectified_patch_gpu\008216_0456_gt_translation_3_absdiff.png,125.15733060860339,152.5815160550011,305.48701125830524,306.2161327683844,5.374551201181767,-2.5030389246945353,-8.415683043571555,-2.9370023594844055,-4.122562525917216,0.04686197081249663,-5.2699256987407646,1.9412202499446558,translation,,True,17,305.8515720133448,torch_cuda,cuda,OK,
8217,C:\Users\USER\Desktop\project\calibration\moire\datasets\test\0456_moire.jpg,C:\Users\USER\Desktop\project\calibration\moire\datasets\test\augmented_9x\0456_moire_blackbox_1.jpg,rectified_patch_gpu\008217_0456_moire_blackbox_1_to_orig.png,rectified_patch_gpu\008217_0456_moire_blackbox_1_absdiff.png,66.3962440923997,81.86898757713386,295.8149130291104,303.9262699031426,0.017333157395999936,-0.018737916017808,0.5081433461026388,-3.053955218086878,-3.0335336165216704,3.0335336173492653,-5.065968551069602,3.141592653589793,blackbox,,True,0,299.8705914661265,torch_cuda,cuda,OK,
8218,C:\Users\USER\Desktop\project\calibration\moire\datasets\test\0456_moire.jpg,C:\Users\USER\Desktop\project\calibration\moire\datasets\test\augmented_9x\0456_moire_blackbox_2.jpg,rectified_patch_gpu\008218_0456_moire_blackbox_2_to_orig.png,rectified_patch_gpu\008218_0456_moire_blackbox_2_absdiff.png,154.88353515625,167.173799375895,305.90990569542765,296.7424330022914,0.1016684124175421,-5.170526445122899,-7.145484011009682,2.4151177342820738,0.07148627874220294,-0.012745405027417271,0.36872883553302943,2051.2895041918205,blackbox,,True,19,301.32616934885954,torch_cuda,cuda,OK,
8219,C:\Users\USER\Desktop\project\calibration\moire\datasets\test\0456_moire.jpg,C:\Users\USER\Desktop\project\calibration\moire\datasets\test\augmented_9x\0456_moire_blackbox_3.jpg,rectified_patch_gpu\008219_0456_moire_blackbox_3_to_orig.png,rectified_patch_gpu\008219_0456_moire_blackbox_3_absdiff.png,66.9389609857253,82.553487580065,295.8149130291104,307.77119582429714,0.017333157395999936,-0.018737916017808,0.5081433461026388,-3.053955218086878,-6.83349902879565,6.833498993162166,-12.539308451323251,-1.3350282907851538,blackbox,,True,0,301.79305442670375,torch_cuda,cuda,OK,
8220,C:\Users\USER\Desktop\project\calibration\moire\datasets\test\0456_moire.jpg,C:\Users\USER\Desktop\project\calibration\moire\datasets\test\augmented_9x\0456_moire_rotation_1.jpg,rectified_patch_gpu\008220_0456_moire_rotation_1_to_orig.png,rectified_patch_gpu\008220_0456_moire_rotation_1_absdiff.png,65.76104673032407,81.33098318423143,295.8149130291104,307.85407374941246,0.017333157395999936,-0.018737916017808,0.5081433461026388,-3.053955218086878,6.748180920019934,4.484085840027127,-10.689632827785246,1.2635712648056838,rotation,,True,0,301.8344933892614,torch_cuda,cuda,OK,
8221,C:\Users\USER\Desktop\project\calibration\moire\datasets\test\0456_moire.jpg,C:\Users\USER\Desktop\project\calibration\moire\datasets\test\augmented_9x\0456_moire_rotation_2.jpg,rectified_patch_gpu\008221_0456_moire_rotation_2_to_orig.png,rectified_patch_gpu\008221_0456_moire_rotation_2_absdiff.png,65.75070348668982,81.0294413734002,295.8149130291104,306.15640348151993,0.017333157395999936,-0.018737916017808,0.5081433461026388,-3.053955218086878,-0.04410444858345605,4.811341448490467,-6.7890331196117835,2.1835101844348097,rotation,,True,0,300.9856582553152,torch_cuda,cuda,OK,
8222,C:\Users\USER\Desktop\project\calibration\moire\datasets\test\0456_moire.jpg,C:\Users\USER\Desktop\project\calibration\moire\datasets\test\augmented_9x\0456_moire_rotation_3.jpg,rectified_patch_gpu\008222_0456_moire_rotation_3_to_orig.png,rectified_patch_gpu\008222_0456_moire_rotation_3_absdiff.png,65.8234213445216,81.2876112155096,295.8149130291104,303.9262699031426,0.017333157395999936,-0.018737916017808,0.5081433461026388,-3.053955218086878,-3.0335336165216704,3.0335336173492653,-5.065968551069602,3.141592653589793,rotation,,True,0,299.8705914661265,torch_cuda,cuda,OK,
8223,C:\Users\USER\Desktop\project\calibration\moire\datasets\test\0456_moire.jpg,C:\Users\USER\Desktop\project\calibration\moire\datasets\test\augmented_9x\0456_moire_translation_1.jpg,rectified_patch_gpu\008223_0456_moire_translation_1_to_orig.png,rectified_patch_gpu\008223_0456_moire_translation_1_absdiff.png,154.94299455054013,167.2215090647572,308.5971063087809,295.8411459956148,5.12942992413349,-7.945739961433546,-11.946310650226977,74.9768597478062,0.01677293180402108,-0.016772931804021073,0.5024500443130421,-3.0419326450826953,translation,,True,15,302.2191261521979,torch_cuda,cuda,OK,
8224,C:\Users\USER\Desktop\project\calibration\moire\datasets\test\0456_moire.jpg,C:\Users\USER\Desktop\project\calibration\moire\datasets\test\augmented_9x\0456_moire_translation_2.jpg,rectified_patch_gpu\008224_0456_moire_translation_2_to_orig.png,rectified_patch_gpu\008224_0456_moire_translation_2_absdiff.png,154.87195638020833,167.16520321242433,306.23536257392857,295.89617168729086,6.693737000332064,-2.3466378869482547,-8.888003312583095,-2.459726074345832,0.07974732024232468,-0.07890844489571096,0.4830239961569245,3.090125516856241,translation,,True,12,301.06576713060974,torch_cuda,cuda,OK,
8225,C:\Users\USER\Desktop\project\calibration\moire\datasets\test\0456_moire.jpg,C:\Users\USER\Desktop\project\calibration\moire\datasets\test\augmented_9x\0456_moire_translation_3.jpg,rectified_patch_gpu\008225_0456_moire_translation_3_to_orig.png,rectified_patch_gpu\008225_0456_moire_translation_3_absdiff.png,68.44701967592593,84.01650426699362,295.8149130291104,308.32493167496125,0.017333157395999936,-0.018737916017808,0.5081433461026388,-3.053955218086878,-0.02050968628064395,-7.735803077196486,-10.22390215929395,-0.7940472372679974,translation,,True,0,302.06992235203586,torch_cuda,cuda,OK,
8226,C:\Users\USER\Desktop\project\calibration\moire\datasets\test\0457_gt.jpg,C:\Users\USER\Desktop\project\calibration\moire\datasets\test\augmented_9x\0457_gt_blackbox_1.jpg,rectified_patch_gpu\008226_0457_gt_blackbox_1_to_orig.png,rectified_patch_gpu\008226_0457_gt_blackbox_1_absdiff.png,20.02590229552469,53.26291127733508,288.0224250486028,288.0224250486028,-0.00045824259891906385,0.5713289356577406,0.012738318618364164,2.594271878363215,-0.00045824259891906385,0.5713289356577406,0.012738318618364164,2.594271878363215,blackbox,,True,15,288.0224250486028,torch_cuda,cuda,OK,
8227,C:\Users\USER\Desktop\project\calibration\moire\datasets\test\0457_gt.jpg,C:\Users\USER\Desktop\project\calibration\moire\datasets\test\augmented_9x\0457_gt_blackbox_2.jpg,rectified_patch_gpu\008227_0457_gt_blackbox_2_to_orig.png,rectified_patch_gpu\008227_0457_gt_blackbox_2_absdiff.png,18.312595244984568,50.29903675495268,288.0224250486028,288.0224250486028,-0.00045824259891906385,0.5713289356577406,0.012738318618364164,2.594271878363215,-0.00045824259891906385,0.5713289356577406,0.012738318618364164,2.594271878363215,blackbox,,True,15,288.0224250486028,torch_cuda,cuda,OK,
8228,C:\Users\USER\Desktop\project\calibration\moire\datasets\test\0457_gt.jpg,C:\Users\USER\Desktop\project\calibration\moire\datasets\test\augmented_9x\0457_gt_blackbox_3.jpg,rectified_patch_gpu\008228_0457_gt_blackbox_3_to_orig.png,rectified_patch_gpu\008228_0457_gt_blackbox_3_absdiff.png,22.032990813078705,58.608298877907,288.0224250486028,288.0224250486028,-0.00045824259891906385,0.5713289356577406,0.012738318618364164,2.594271878363215,-0.00045824259891906385,0.5713289356577406,0.012738318618364164,2.594271878363215,blackbox,,True,15,288.0224250486028,torch_cuda,cuda,OK,
8229,C:\Users\USER\Desktop\project\calibration\moire\datasets\test\0457_gt.jpg,C:\Users\USER\Desktop\project\calibration\moire\datasets\test\augmented_9x\0457_gt_rotation_1.jpg,rectified_patch_gpu\008229_0457_gt_rotation_1_to_orig.png,rectified_patch_gpu\008229_0457_gt_rotation_1_absdiff.png,87.84567611882716,105.83230173769068,302.24032440558994,275.482879228754,0.04104627737876433,0.0002802665100614513,0.31087172045717587,2.330083848022753,-0.0002687205939564436,-0.294958766888716,0.058038170228643764,2.617528090627002,rotation,,True,21,288.86160181717196,torch_cuda,cuda,OK,
8230,C:\Users\USER\Desktop\project\calibration\moire\datasets\test\0457_gt.jpg,C:\Users\USER\Desktop\project\calibration\moire\datasets\test\augmented_9x\0457_gt_rotation_2.jpg,rectified_patch_gpu\008230_0457_gt_rotation_2_to_orig.png,rectified_patch_gpu\008230_0457_gt_rotation_2_absdiff.png,136.20416039737654,147.7476351025133,288.0224250486028,301.7224628389531,-0.00045824259891906385,0.5713289356577406,0.012738318618364164,2.594271878363215,-0.02774398018330562,0.00028012024990900264,0.31217614483639566,2.3595440213255707,rotation,,True,15,294.87244394377797,torch_cuda,cuda,OK,
8231,C:\Users\USER\Desktop\project\calibration\moire\datasets\test\0457_gt.jpg,C:\Users\USER\Desktop\project\calibration\moire\datasets\test\augmented_9x\0457_gt_rotation_3.jpg,rectified_patch_gpu\008231_0457_gt_rotation_3_to_orig.png,rectified_patch_gpu\008231_0457_gt_rotation_3_absdiff.png,71.13055724344136,77.22366209595117,288.0224250486028,308.8238545273646,-0.00045824259891906385,0.5713289356577406,0.012738318618364164,2.594271878363215,-2.1100167055479764,3.6849563542570203,-5.351927880345712,0.8620391693135397,rotation,,True,15,298.4231397879837,torch_cuda,cuda,OK,
8232,C:\Users\USER\Desktop\project\calibration\moire\datasets\test\0457_gt.jpg,C:\Users\USER\Desktop\project\calibration\moire\datasets\test\augmented_9x\0457_gt_translation_1.jpg,rectified_patch_gpu\008232_0457_gt_translation_1_to_orig.png,rectified_patch_gpu\008232_0457_gt_translation_1_absdiff.png,71.60742693865741,86.66089374914867,288.0224250486028,307.28722887612474,-0.00045824259891906385,0.5713289356577406,0.012738318618364164,2.594271878363215,5.635751833761498,0.0013505289909957695,-7.867434303245945,-1.535913580835061,translation,,True,15,297.6548269623638,torch_cuda,cuda,OK,
8233,C:\Users\USER\Desktop\project\calibration\moire\datasets\test\0457_gt.jpg,C:\Users\USER\Desktop\project\calibration\moire\datasets\test\augmented_9x\0457_gt_translation_2.jpg,rectified_patch_gpu\008233_0457_gt_translation_2_to_orig.png,rectified_patch_gpu\008233_0457_gt_translation_2_absdiff.png,65.21730987172067,81.54491261160737,288.0224250486028,288.67934716226273,-0.00045824259891906385,0.5713289356577406,0.012738318618364164,2.594271878363215,-0.0002831836541473152,0.3094946868699779,0.06760487620786236,2.1833898007978596,translation,,True,15,288.3508861054328,torch_cuda,cuda,OK,
8234,C:\Users\USER\Desktop\project\calibration\moire\datasets\test\0457_gt.jpg,C:\Users\USER\Desktop\project\calibration\moire\datasets\test\augmented_9x\0457_gt_translation_3.jpg,rectified_patch_gpu\008234_0457_gt_translation_3_to_orig.png,rectified_patch_gpu\008234_0457_gt_translation_3_absdiff.png,73.94197169174383,91.21453486458873,303.7504823818308,280.3599500697789,-0.1443488004935701,0.0002783472449460646,0.27593867657074345,2.4202296006978026,-0.00029844827347800547,-0.28336807774316536,0.17656991201686129,3.0037381194488324,translation,,True,20,292.0552162258049,torch_cuda,cuda,OK,
8235,C:\Users\USER\Desktop\project\calibration\moire\datasets\test\0457_moire.jpg,C:\Users\USER\Desktop\project\calibration\moire\datasets\test\augmented_9x\0457_moire_blackbox_1.jpg,rectified_patch_gpu\008235_0457_moire_blackbox_1_to_orig.png,rectified_patch_gpu\008235_0457_moire_blackbox_1_absdiff.png,107.51047007619599,123.41873699745776,297.25396443398915,309.03063242407654,-0.7769220554454227,0.004495064835201661,-0.021303397814090852,198.23225815082873,-1.9616495145366932,-5.933576814117874,-8.839649412813035,0.5250225082200111,blackbox,,True,5,303.14229842903285,torch_cuda,cuda,OK,
8236,C:\Users\USER\Desktop\project\calibration\moire\datasets\test\0457_moire.jpg,C:\Users\USER\Desktop\project\calibration\moire\datasets\test\augmented_9x\0457_moire_blackbox_2.jpg,rectified_patch_gpu\008236_0457_moire_blackbox_2_to_orig.png,rectified_patch_gpu\008236_0457_moire_blackbox_2_absdiff.png,131.01819408275463,148.03853617676504,297.25396443398915,307.0639337340953,-0.7769220554454227,0.004495064835201661,-0.021303397814090852,198.23225815082873,-2.3432091657094642,-3.2272899597200846,-4.802387878273668,1.784039922737962,blackbox,,True,5,302.1589490840422,torch_cuda,cuda,OK,
8237,C:\Users\USER\Desktop\project\calibration\moire\datasets\test\0457_moire.jpg,C:\Users\USER\Desktop\project\calibration\moire\datasets\test\augmented_9x\0457_moire_blackbox_3.jpg,rectified_patch_gpu\008237_0457_moire_blackbox_3_to_orig.png,rectified_patch_gpu\008237_0457_moire_blackbox_3_absdiff.png,96.03133210358796,111.45556988667072,297.25396443398915,307.0639337340953,-0.7769220554454227,0.004495064835201661,-0.021303397814090852,198.23225815082873,-2.3432091657094642,-3.2272899597200846,-4.802387878273668,1.784039922737962,blackbox,,True,5,302.1589490840422,torch_cuda,cuda,OK,
8238,C:\Users\USER\Desktop\project\calibration\moire\datasets\test\0457_moire.jpg,C:\Users\USER\Desktop\project\calibration\moire\datasets\test\augmented_9x\0457_moire_rotation_1.jpg,rectified_patch_gpu\008238_0457_moire_rotation_1_to_orig.png,rectified_patch_gpu\008238_0457_moire_rotation_1_absdiff.png,87.65296284239969,100.40713836058937,297.25396443398915,304.0615200728855,-0.7769220554454227,0.004495064835201661,-0.021303397814090852,198.23225815082873,-0.001735249287052256,-3.6464344990847812,-4.325298047653035,-2.731609989236406,rotation,,True,5,300.65774225343733,torch_cuda,cuda,OK,
8239,C:\Users\USER\Desktop\project\calibration\moire\datasets\test\0457_moire.jpg,C:\Users\USER\Desktop\project\calibration\moire\datasets\test\augmented_9x\0457_moire_rotation_2.jpg,rectified_patch_gpu\008239_0457_moire_rotation_2_to_orig.png,rectified_patch_gpu\008239_0457_moire_rotation_2_absdiff.png,96.94142119984568,105.76474386486885,297.25396443398915,306.4576406725977,-0.7769220554454227,0.004495064835201661,-0.021303397814090852,198.23225815082873,5.646889394649794,1.7240494516214269,-8.311307596031227,2.0323689179607523,rotation,,True,5,301.8558025532934,torch_cuda,cuda,OK,
8240,C:\Users\USER\Desktop\project\calibration\moire\datasets\test\0457_moire.jpg,C:\Users\USER\Desktop\project\calibration\moire\datasets\test\augmented_9x\0457_moire_rotation_3.jpg,rectified_patch_gpu\008240_0457_moire_rotation_3_to_orig.png,rectified_patch_gpu\008240_0457_moire_rotation_3_absdiff.png,80.28942406925154,94.0374329916053,297.25396443398915,307.270675126555,-0.7769220554454227,0.004495064835201661,-0.021303397814090852,198.23225815082873,4.704390313630319,0.0016565470086008693,-6.271008149461057,-1.5500101035214033,rotation,,True,5,302.26231978027204,torch_cuda,cuda,OK,
8241,C:\Users\USER\Desktop\project\calibration\moire\datasets\test\0457_moire.jpg,C:\Users\USER\Desktop\project\calibration\moire\datasets\test\augmented_9x\0457_moire_translation_1.jpg,rectified_patch_gpu\008241_0457_moire_translation_1_to_orig.png,rectified_patch_gpu\008241_0457_moire_translation_1_absdiff.png,126.31360628858025,143.93755900280496,297.25396443398915,306.8533093278642,-0.7769220554454227,0.004495064835201661,-0.021303397814090852,198.23225815082873,5.481074745240264,-0.8723845923122726,-7.75415648837391,-1.7865774004443704,translation,,True,5,302.05363688092666,torch_cuda,cuda,OK,
8242,C:\Users\USER\Desktop\project\calibration\moire\datasets\test\0457_moire.jpg,C:\Users\USER\Desktop\project\calibration\moire\datasets\test\augmented_9x\0457_moire_translation_2.jpg,rectified_patch_gpu\008242_0457_moire_translation_2_to_orig.png,rectified_patch_gpu\008242_0457_moire_translation_2_absdiff.png,131.07516577449846,148.1545376508868,305.10298387483397,293.8136938522102,-0.0015891491771794118,-4.975949552309758,-6.75467701562809,2.580725997339115,-0.0003002787950878408,0.12373310580254616,0.3123385516130211,2.934610417283488,translation,,True,0,299.45833886352204,torch_cuda,cuda,OK,
8243,C:\Users\USER\Desktop\project\calibration\moire\datasets\test\0457_moire.jpg,C:\Users\USER\Desktop\project\calibration\moire\datasets\test\augmented_9x\0457_moire_translation_3.jpg,rectified_patch_gpu\008243_0457_moire_translation_3_to_orig.png,rectified_patch_gpu\008243_0457_moire_translation_3_absdiff.png,131.07353515625,148.15416783035636,305.10298387483397,290.1651716811601,-0.0015891491771794118,-4.975949552309758,-6.75467701562809,2.580725997339115,0.03786017920594377,0.174843343118527,0.2546506092278129,3.1003358107234136,translation,,True,0,297.63407777799705,torch_cuda,cuda,OK,
8244,C:\Users\USER\Desktop\project\calibration\moire\datasets\test\0458_gt.jpg,C:\Users\USER\Desktop\project\calibration\moire\datasets\test\augmented_9x\0458_gt_blackbox_1.jpg,rectified_patch_gpu\008244_0458_gt_blackbox_1_to_orig.png,rectified_patch_gpu\008244_0458_gt_blackbox_1_absdiff.png,108.38333550347222,123.9877313558283,308.9297394901872,285.3423797355935,-1.9010721122523213,4.717923370837728,-7.005158408364159,0.6395762245439016,0.02761261533251437,0.37297683336840004,-0.7040173644505414,2.6152700319610407,blackbox,,True,7,297.13605961289034,torch_cuda,cuda,OK,
8245,C:\Users\USER\Desktop\project\calibration\moire\datasets\test\0458_gt.jpg,C:\Users\USER\Desktop\project\calibration\moire\datasets\test\augmented_9x\0458_gt_blackbox_2.jpg,rectified_patch_gpu\008245_0458_gt_blackbox_2_to_orig.png,rectified_patch_gpu\008245_0458_gt_blackbox_2_absdiff.png,109.1796258921682,125.09354500841742,288.7055542667357,306.8843574625218,-0.0002772952670532691,-0.2488155777256915,0.18527463360279064,2.4926954692263648,4.85772475990161,0.7067537558815422,-6.637379347454883,-1.6745230637731439,blackbox,,True,4,297.7949558646287,torch_cuda,cuda,OK,
8246,C:\Users\USER\Desktop\project\calibration\moire\datasets\test\0458_gt.jpg,C:\Users\USER\Desktop\project\calibration\moire\datasets\test\augmented_9x\0458_gt_blackbox_3.jpg,rectified_patch_gpu\008246_0458_gt_blackbox_3_to_orig.png,rectified_patch_gpu\008246_0458_gt_blackbox_3_absdiff.png,109.36530852141203,123.26666062269082,288.7055542667357,306.8843574625218,-0.0002772952670532691,-0.2488155777256915,0.18527463360279064,2.4926954692263648,4.85772475990161,0.7067537558815422,-6.637379347454883,-1.6745230637731439,blackbox,,True,4,297.7949558646287,torch_cuda,cuda,OK,
8247,C:\Users\USER\Desktop\project\calibration\moire\datasets\test\0458_gt.jpg,C:\Users\USER\Desktop\project\calibration\moire\datasets\test\augmented_9x\0458_gt_rotation_1.jpg,rectified_patch_gpu\008247_0458_gt_rotation_1_to_orig.png,rectified_patch_gpu\008247_0458_gt_rotation_1_absdiff.png,83.55537422839507,100.91856138979644,308.67745760272936,281.68543996476376,-2.5294041339914064,2.8523165767828336,-4.598207602766692,0.934021838662535,-0.1925061532013557,0.28869407721617635,-0.06556801970505585,3.115378865119642,rotation,,True,18,295.18144878374653,torch_cuda,cuda,OK,
8248,C:\Users\USER\Desktop\project\calibration\moire\datasets\test\0458_gt.jpg,C:\Users\USER\Desktop\project\calibration\moire\datasets\test\augmented_9x\0458_gt_rotation_2.jpg,rectified_patch_gpu\008248_0458_gt_rotation_2_to_orig.png,rectified_patch_gpu\008248_0458_gt_rotation_2_absdiff.png,108.2880574845679,122.44339383474018,288.7055542667357,307.4861114914946,-0.0002772952670532691,-0.2488155777256915,0.18527463360279064,2.4926954692263648,-5.639126825623997,-3.427645259846308,-9.289917567183583,-1.3010170618819676,rotation,,True,4,298.09583287911516,torch_cuda,cuda,OK,
8249,C:\Users\USER\Desktop\project\calibration\moire\datasets\test\0458_gt.jpg,C:\Users\USER\Desktop\project\calibration\moire\datasets\test\augmented_9x\0458_gt_rotation_3.jpg,rectified_patch_gpu\008249_0458_gt_rotation_3_to_orig.png,rectified_patch_gpu\008249_0458_gt_rotation_3_absdiff.png,109.40568299093364,124.24839174492686,288.7055542667357,308.86340699147263,-0.0002772952670532691,-0.2488155777256915,0.18527463360279064,2.4926954692263648,5.5011420296719145,2.056959629590186,-8.339357954375355,0.5676241476850865,rotation,,True,4,298.78448062910417,torch_cuda,cuda,OK,
8250,C:\Users\USER\Desktop\project\calibration\moire\datasets\test\0458_gt.jpg,C:\Users\USER\Desktop\project\calibration\moire\datasets\test\augmented_9x\0458_gt_translation_1.jpg,rectified_patch_gpu\008250_0458_gt_translation_1_to_orig.png,rectified_patch_gpu\008250_0458_gt_translation_1_absdiff.png,105.77116620852624,122.13020339748348,313.32372664441226,275.98554616858723,1.8040430441267605,-0.13445023463529981,-0.5739985204610711,118.89511107355074,0.15121806446564542,-0.274551398555038,-0.2597883335542189,2.143429800155384,translation,,True,14,294.6546364064998,torch_cuda,cuda,OK,
8251,C:\Users\USER\Desktop\project\calibration\moire\datasets\test\0458_gt.jpg,C:\Users\USER\Desktop\project\calibration\moire\datasets\test\augmented_9x\0458_gt_translation_2.jpg,rectified_patch_gpu\008251_0458_gt_translation_2_to_orig.png,rectified_patch_gpu\008251_0458_gt_translation_2_absdiff.png,118.25553530092593,132.8220152355789,288.7055542667357,306.00958637999554,-0.0002772952670532691,-0.2488155777256915,0.18527463360279064,2.4926954692263648,-6.4373773245386126,0.18792949099385003,-9.15182747557452,-2.294584367253519,translation,,True,4,297.3575703233656,torch_cuda,cuda,OK,
8252,C:\Users\USER\Desktop\project\calibration\moire\datasets\test\0458_gt.jpg,C:\Users\USER\Desktop\project\calibration\moire\datasets\test\augmented_9x\0458_gt_translation_3.jpg,rectified_patch_gpu\008252_0458_gt_translation_3_to_orig.png,rectified_patch_gpu\008252_0458_gt_translation_3_absdiff.png,98.17698423032408,115.66268692725355,288.7055542667357,305.91661600852797,-0.0002772952670532691,-0.2488155777256915,0.18527463360279064,2.4926954692263648,-3.860519731207056,3.327163972676593,-6.986725729598703,2.033539802203392,translation,,True,4,297.31108513763184,torch_cuda,cuda,OK,
8253,C:\Users\USER\Desktop\project\calibration\moire\datasets\test\0458_moire.jpg,C:\Users\USER\Desktop\project\calibration\moire\datasets\test\augmented_9x\0458_moire_blackbox_1.jpg,rectified_patch_gpu\008253_0458_moire_blackbox_1_to_orig.png,rectified_patch_gpu\008253_0458_moire_blackbox_1_absdiff.png,88.9943728298611,107.30842830123407,289.1413450285814,308.19298142310436,-0.00027917520347964703,0.18571157692045856,0.25112549053141514,-3.070736351476964,-0.6677297115556611,-7.228614402877966,-9.538153072995982,0.9267206049803326,blackbox,,True,5,298.66716322584284,torch_cuda,cuda,OK,
8254,C:\Users\USER\Desktop\project\calibration\moire\datasets\test\0458_moire.jpg,C:\Users\USER\Desktop\project\calibration\moire\datasets\test\augmented_9x\0458_moire_blackbox_2.jpg,rectified_patch_gpu\008254_0458_moire_blackbox_2_to_orig.png,rectified_patch_gpu\008254_0458_moire_blackbox_2_absdiff.png,104.59654562114197,121.86088463882724,289.1413450285814,300.772435231391,-0.00027917520347964703,0.18571157692045856,0.25112549053141514,-3.070736351476964,-0.09682545666641255,-0.028620468273520397,0.297020402749478,2.4508444651452663,blackbox,,True,5,294.95689012998616,torch_cuda,cuda,OK,
8255,C:\Users\USER\Desktop\project\calibration\moire\datasets\test\0458_moire.jpg,C:\Users\USER\Desktop\project\calibration\moire\datasets\test\augmented_9x\0458_moire_blackbox_3.jpg,rectified_patch_gpu\008255_0458_moire_blackbox_3_to_orig.png,rectified_patch_gpu\008255_0458_moire_blackbox_3_absdiff.png,92.53348910108025,111.19045689480419,289.1413450285814,300.772435231391,-0.00027917520347964703,0.18571157692045856,0.25112549053141514,-3.070736351476964,-0.09682545666641255,-0.028620468273520397,0.297020402749478,2.4508444651452663,blackbox,,True,5,294.95689012998616,torch_cuda,cuda,OK,
8256,C:\Users\USER\Desktop\project\calibration\moire\datasets\test\0458_moire.jpg,C:\Users\USER\Desktop\project\calibration\moire\datasets\test\augmented_9x\0458_moire_rotation_1.jpg,rectified_patch_gpu\008256_0458_moire_rotation_1_to_orig.png,rectified_patch_gpu\008256_0458_moire_rotation_1_absdiff.png,112.7404152199074,130.19023965118902,299.09290496627113,279.87288867655343,0.16356898496387748,-1.7011362523840114,-0.4272172052671044,2.411511160075339,0.13780254576809828,0.25644051974559023,0.12168566943175006,2.088507662890355,rotation,,True,8,289.4828968214123,torch_cuda,cuda,OK,
8257,C:\Users\USER\Desktop\project\calibration\moire\datasets\test\0458_moire.jpg,C:\Users\USER\Desktop\project\calibration\moire\datasets\test\augmented_9x\0458_moire_rotation_2.jpg,rectified_patch_gpu\008257_0458_moire_rotation_2_to_orig.png,rectified_patch_gpu\008257_0458_moire_rotation_2_absdiff.png,87.62864715952932,104.90384182426197,289.1413450285814,304.9493179847381,-0.00027917520347964703,0.18571157692045856,0.25112549053141514,-3.070736351476964,-1.8375601051821444,2.3361120148633616,-3.002712277297664,1.8927317080041597,rotation,,True,5,297.04533150665975,torch_cuda,cuda,OK,
8258,C:\Users\USER\Desktop\project\calibration\moire\datasets\test\0458_moire.jpg,C:\Users\USER\Desktop\project\calibration\moire\datasets\test\augmented_9x\0458_moire_rotation_3.jpg,rectified_patch_gpu\008258_0458_moire_rotation_3_to_orig.png,rectified_patch_gpu\008258_0458_moire_rotation_3_absdiff.png,87.40311306423611,104.86311486254704,289.1413450285814,304.5253808845671,-0.00027917520347964703,0.18571157692045856,0.25112549053141514,-3.070736351476964,0.9027724509014963,3.9583357606498986,-4.848884314030379,2.5727194114316645,rotation,,True,5,296.8333629565742,torch_cuda,cuda,OK,
8259,C:\Users\USER\Desktop\project\calibration\moire\datasets\test\0458_moire.jpg,C:\Users\USER\Desktop\project\calibration\moire\datasets\test\augmented_9x\0458_moire_translation_1.jpg,rectified_patch_gpu\008259_0458_moire_translation_1_to_orig.png,rectified_patch_gpu\008259_0458_moire_translation_1_absdiff.png,87.38942732445987,106.2189294019693,289.1413450285814,306.9271793416278,-0.00027917520347964703,0.18571157692045856,0.25112549053141514,-3.070736351476964,5.511734104607147,0.03537606535599662,-7.6676106496244305,-325.0152278286508,translation,,True,5,298.0342621851046,torch_cuda,cuda,OK,
8260,C:\Users\USER\Desktop\project\calibration\moire\datasets\test\0458_moire.jpg,C:\Users\USER\Desktop\project\calibration\moire\datasets\test\augmented_9x\0458_moire_translation_2.jpg,rectified_patch_gpu\008260_0458_moire_translation_2_to_orig.png,rectified_patch_gpu\008260_0458_moire_translation_2_absdiff.png,90.40043921199846,107.21618054894357,289.1413450285814,309.7822934497191,-0.00027917520347964703,0.18571157692045856,0.25112549053141514,-3.070736351476964,-1.394310244278832,4.471421039592467,-6.263664835294525,0.07059846109869501,translation,,True,5,299.46181923915026,torch_cuda,cuda,OK,
8261,C:\Users\USER\Desktop\project\calibration\moire\datasets\test\0458_moire.jpg,C:\Users\USER\Desktop\project\calibration\moire\datasets\test\augmented_9x\0458_moire_translation_3.jpg,rectified_patch_gpu\008261_0458_moire_translation_3_to_orig.png,rectified_patch_gpu\008261_0458_moire_translation_3_absdiff.png,87.47919680748457,107.88546335408213,289.1413450285814,283.1781473345385,-0.00027917520347964703,0.18571157692045856,0.25112549053141514,-3.070736351476964,0.12241364042034686,0.24967267759821749,0.1363984085776982,1.8525562293120588,translation,,True,5,286.15974618155997,torch_cuda,cuda,OK,
8262,C:\Users\USER\Desktop\project\calibration\moire\datasets\test\0459_gt.jpg,C:\Users\USER\Desktop\project\calibration\moire\datasets\test\augmented_9x\0459_gt_blackbox_1.jpg,rectified_patch_gpu\008262_0459_gt_blackbox_1_to_orig.png,rectified_patch_gpu\008262_0459_gt_blackbox_1_absdiff.png,116.05765251253858,134.6073116471984,312.2379835522734,289.22211834031333,-2.4094861633728137,-0.3664064051244955,-2.0039057382538443,0.6014758225347576,-0.3329050563937855,-0.07817772257734246,0.03572918214172156,0.37383669764112404,blackbox,,True,7,300.7300509462934,torch_cuda,cuda,OK,
8263,C:\Users\USER\Desktop\project\calibration\moire\datasets\test\0459_gt.jpg,C:\Users\USER\Desktop\project\calibration\moire\datasets\test\augmented_9x\0459_gt_blackbox_2.jpg,rectified_patch_gpu\008263_0459_gt_blackbox_2_to_orig.png,rectified_patch_gpu\008263_0459_gt_blackbox_2_absdiff.png,23.77433750482253,62.314271950648596,301.48379965069324,301.48379965069324,0.03968090903136411,0.22712722743322955,0.20721086400458325,1.788609134806151,0.03968090903136411,0.22712722743322955,0.20721086400458325,1.788609134806151,blackbox,,True,20,301.48379965069324,torch_cuda,cuda,OK,
8264,C:\Users\USER\Desktop\project\calibration\moire\datasets\test\0459_gt.jpg,C:\Users\USER\Desktop\project\calibration\moire\datasets\test\augmented_9x\0459_gt_blackbox_3.jpg,rectified_patch_gpu\008264_0459_gt_blackbox_3_to_orig.png,rectified_patch_gpu\008264_0459_gt_blackbox_3_absdiff.png,27.928744333526236,73.00278732916276,301.48379965069324,301.48379965069324,0.03968090903136411,0.22712722743322955,0.20721086400458325,1.788609134806151,0.03968090903136411,0.22712722743322955,0.20721086400458325,1.788609134806151,blackbox,,True,20,301.48379965069324,torch_cuda,cuda,OK,
8265,C:\Users\USER\Desktop\project\calibration\moire\datasets\test\0459_gt.jpg,C:\Users\USER\Desktop\project\calibration\moire\datasets\test\augmented_9x\0459_gt_rotation_1.jpg,rectified_patch_gpu\008265_0459_gt_rotation_1_to_orig.png,rectified_patch_gpu\008265_0459_gt_rotation_1_absdiff.png,87.00672477816359,112.39207549797055,305.55414411836836,296.11728232334576,0.1610395525858723,0.0002696385203511296,0.25508842765902945,2.3346444252298193,-0.0002823325498403378,0.2329396942490636,0.21332033875025708,2.23390363554753,rotation,,True,18,300.8357132208571,torch_cuda,cuda,OK,
8266,C:\Users\USER\Desktop\project\calibration\moire\datasets\test\0459_gt.jpg,C:\Users\USER\Desktop\project\calibration\moire\datasets\test\augmented_9x\0459_gt_rotation_2.jpg,rectified_patch_gpu\008266_0459_gt_rotation_2_to_orig.png,rectified_patch_gpu\008266_0459_gt_rotation_2_absdiff.png,140.7579530767747,157.1563495874843,305.1685691727268,289.5893083703465,-3.546465221162402,-3.426511558101322,-6.635032887199825,2.672177138351866,-0.004402819519766461,0.5689756103875435,0.037500384437093914,-2.269175945476337,rotation,,True,23,297.37893877153664,torch_cuda,cuda,OK,
8267,C:\Users\USER\Desktop\project\calibration\moire\datasets\test\0459_gt.jpg,C:\Users\USER\Desktop\project\calibration\moire\datasets\test\augmented_9x\0459_gt_rotation_3.jpg,rectified_patch_gpu\008267_0459_gt_rotation_3_to_orig.png,rectified_patch_gpu\008267_0459_gt_rotation_3_absdiff.png,145.29655960648148,161.29230718843775,310.163834313003,285.5361319355119,-1.6530345520966656,-3.7936557893424183,-5.228114511531636,-0.03521027917328637,0.13712267378134396,-0.2671355191680599,0.15886702814455964,-1.77124210902981,rotation,,True,15,297.84998312425745,torch_cuda,cuda,OK,
8268,C:\Users\USER\Desktop\project\calibration\moire\datasets\test\0459_gt.jpg,C:\Users\USER\Desktop\project\calibration\moire\datasets\test\augmented_9x\0459_gt_translation_1.jpg,rectified_patch_gpu\008268_0459_gt_translation_1_to_orig.png,rectified_patch_gpu\008268_0459_gt_translation_1_absdiff.png,107.56752109857253,135.84700873550105,305.07222215565326,304.47640108784674,4.201929432467251,3.820069264641843,-7.913601941044238,-2.993101463337054,1.514414027804744,-3.7738389393703256,-5.291298140494601,2.8166384115707133,translation,,True,8,304.77431162175003,torch_cuda,cuda,OK,
8269,C:\Users\USER\Desktop\project\calibration\moire\datasets\test\0459_gt.jpg,C:\Users\USER\Desktop\project\calibration\moire\datasets\test\augmented_9x\0459_gt_translation_2.jpg,rectified_patch_gpu\008269_0459_gt_translation_2_to_orig.png,rectified_patch_gpu\008269_0459_gt_translation_2_absdiff.png,152.48984061535495,166.83341735157978,305.4119414317966,294.67499706214727,3.835208661795936,-4.555299968242309,-8.404636655084289,2.5520261632871777,-0.5037890830804568,-0.7953495690888605,0.037628399883614216,1.4797925503791574,translation,,True,24,300.04346924697194,torch_cuda,cuda,OK,
8270,C:\Users\USER\Desktop\project\calibration\moire\datasets\test\0459_gt.jpg,C:\Users\USER\Desktop\project\calibration\moire\datasets\test\augmented_9x\0459_gt_translation_3.jpg,rectified_patch_gpu\008270_0459_gt_translation_3_to_orig.png,rectified_patch_gpu\008270_0459_gt_translation_3_absdiff.png,155.45655502507717,168.37123229671334,303.6841226106573,296.6611190915502,-1.9387714033047456,0.0011518869434121387,-1.3734179373776192,2.131682767784426,-0.15576823975996215,-0.12391573003139619,0.23243054534171084,2.3061540611579017,translation,,True,0,300.1726208511037,torch_cuda,cuda,OK,
8271,C:\Users\USER\Desktop\project\calibration\moire\datasets\test\0459_moire.jpg,C:\Users\USER\Desktop\project\calibration\moire\datasets\test\augmented_9x\0459_moire_blackbox_1.jpg,rectified_patch_gpu\008271_0459_moire_blackbox_1_to_orig.png,rectified_patch_gpu\008271_0459_moire_blackbox_1_absdiff.png,142.7631470630787,155.34992687391554,306.2528958290496,287.4528226023449,7.1691466000862825,-0.6298460246872319,-10.121507471380664,2.1456824755211286,-0.00482409470728936,-0.2540454386425135,0.2927806567939634,3.1111535854826906,blackbox,,True,4,296.8528592156972,torch_cuda,cuda,OK,
8272,C:\Users\USER\Desktop\project\calibration\moire\datasets\test\0459_moire.jpg,C:\Users\USER\Desktop\project\calibration\moire\datasets\test\augmented_9x\0459_moire_blackbox_2.jpg,rectified_patch_gpu\008272_0459_moire_blackbox_2_to_orig.png,rectified_patch_gpu\008272_0459_moire_blackbox_2_absdiff.png,142.39171923225308,155.06095576933333,285.3751635207275,305.4351951674113,-0.00047886205936480564,0.6191181432607764,0.012239377283990382,-2.9090325091410856,-0.0015147565963526625,-5.0587612990026845,-6.946590575499245,-2.416199372153271,blackbox,,True,5,295.4051793440694,torch_cuda,cuda,OK,
8273,C:\Users\USER\Desktop\project\calibration\moire\datasets\test\0459_moire.jpg,C:\Users\USER\Desktop\project\calibration\moire\datasets\test\augmented_9x\0459_moire_blackbox_3.jpg,rectified_patch_gpu\008273_0459_moire_blackbox_3_to_orig.png,rectified_patch_gpu\008273_0459_moire_blackbox_3_absdiff.png,83.07168029031635,102.68414749147186,285.3751635207275,305.4351951674113,-0.00047886205936480564,0.6191181432607764,0.012239377283990382,-2.9090325091410856,-0.0015147565963526625,-5.0587612990026845,-6.946590575499245,-2.416199372153271,blackbox,,True,5,295.4051793440694,torch_cuda,cuda,OK,
8274,C:\Users\USER\Desktop\project\calibration\moire\datasets\test\0459_moire.jpg,C:\Users\USER\Desktop\project\calibration\moire\datasets\test\augmented_9x\0459_moire_rotation_1.jpg,rectified_patch_gpu\008274_0459_moire_rotation_1_to_orig.png,rectified_patch_gpu\008274_0459_moire_rotation_1_absdiff.png,68.71209888599537,84.29994871768889,285.3751635207275,306.80147300229993,-0.00047886205936480564,0.6191181432607764,0.012239377283990382,-2.9090325091410856,4.45342517132995,0.0017091152894029061,-5.791406296415782,-1.7298772447935178,rotation,,True,5,296.0883182615137,torch_cuda,cuda,OK,
8275,C:\Users\USER\Desktop\project\calibration\moire\datasets\test\0459_moire.jpg,C:\Users\USER\Desktop\project\calibration\moire\datasets\test\augmented_9x\0459_moire_rotation_2.jpg,rectified_patch_gpu\008275_0459_moire_rotation_2_to_orig.png,rectified_patch_gpu\008275_0459_moire_rotation_2_absdiff.png,97.13923599054785,113.523185276477,285.3751635207275,309.12052441157164,-0.00047886205936480564,0.6191181432607764,0.012239377283990382,-2.9090325091410856,5.1258106408952795,-2.4572281269410237,-8.008061155597785,0.16728122110621424,rotation,,True,5,297.24784396614956,torch_cuda,cuda,OK,
8276,C:\Users\USER\Desktop\project\calibration\moire\datasets\test\0459_moire.jpg,C:\Users\USER\Desktop\project\calibration\moire\datasets\test\augmented_9x\0459_moire_rotation_3.jpg,rectified_patch_gpu\008276_0459_moire_rotation_3_to_orig.png,rectified_patch_gpu\008276_0459_moire_rotation_3_absdiff.png,104.36909022955247,116.68567691927561,285.3751635207275,305.14458094451277,-0.00047886205936480564,0.6191181432607764,0.012239377283990382,-2.9090325091410856,5.107302911897919,-1.1996181401655968,-7.258653000360836,-2.8930076433833176,rotation,,True,5,295.2598722326201,torch_cuda,cuda,OK,
8277,C:\Users\USER\Desktop\project\calibration\moire\datasets\test\0459_moire.jpg,C:\Users\USER\Desktop\project\calibration\moire\datasets\test\augmented_9x\0459_moire_translation_1.jpg,rectified_patch_gpu\008277_0459_moire_translation_1_to_orig.png,rectified_patch_gpu\008277_0459_moire_translation_1_absdiff.png,78.05789894386574,97.21389434632576,285.3751635207275,305.5829114365754,-0.00047886205936480564,0.6191181432607764,0.012239377283990382,-2.9090325091410856,3.8847397603830522,-4.6303161119079626,-8.57203264112643,2.4338100033399566,translation,,True,5,295.47903747865143,torch_cuda,cuda,OK,
8278,C:\Users\USER\Desktop\project\calibration\moire\datasets\test\0459_moire.jpg,C:\Users\USER\Desktop\project\calibration\moire\datasets\test\augmented_9x\0459_moire_translation_2.jpg,rectified_patch_gpu\008278_0459_moire_translation_2_to_orig.png,rectified_patch_gpu\008278_0459_moire_translation_2_absdiff.png,72.01671489197531,79.63681592283767,285.3751635207275,307.7121142725342,-0.00047886205936480564,0.6191181432607764,0.012239377283990382,-2.9090325091410856,-5.050600021959241,-2.7131453569751613,-8.080490281920738,7434.429352672335,translation,,True,5,296.54363889663085,torch_cuda,cuda,OK,
8279,C:\Users\USER\Desktop\project\calibration\moire\datasets\test\0459_moire.jpg,C:\Users\USER\Desktop\project\calibration\moire\datasets\test\augmented_9x\0459_moire_translation_3.jpg,rectified_patch_gpu\008279_0459_moire_translation_3_to_orig.png,rectified_patch_gpu\008279_0459_moire_translation_3_absdiff.png,101.32776921778549,114.51300884509982,285.3751635207275,306.8020253911778,-0.00047886205936480564,0.6191181432607764,0.012239377283990382,-2.9090325091410856,4.285765851491475,-3.356644633209453,-7.623463520231931,-1.8971088289689304,translation,,True,5,296.0885944559526,torch_cuda,cuda,OK,
8280,C:\Users\USER\Desktop\project\calibration\moire\datasets\test\0460_gt.jpg,C:\Users\USER\Desktop\project\calibration\moire\datasets\test\augmented_9x\0460_gt_blackbox_1.jpg,rectified_patch_gpu\008280_0460_gt_blackbox_1_to_orig.png,rectified_patch_gpu\008280_0460_gt_blackbox_1_absdiff.png,62.37250180844907,77.61619682031157,301.67699937545433,305.96663416300197,-1.3480823449849093,0.8179293689219311,-0.24614835210102815,1.7969580397437528,-4.553976691381424,3.591115546597317,-8.185293133024025,2.1256384823635606,blackbox,,True,23,303.8218167692281,torch_cuda,cuda,OK,
8281,C:\Users\USER\Desktop\project\calibration\moire\datasets\test\0460_gt.jpg,C:\Users\USER\Desktop\project\calibration\moire\datasets\test\augmented_9x\0460_gt_blackbox_2.jpg,rectified_patch_gpu\008281_0460_gt_blackbox_2_to_orig.png,rectified_patch_gpu\008281_0460_gt_blackbox_2_absdiff.png,113.95029947916667,126.48309562345283,301.67699937545433,305.96663416300197,-1.3480823449849093,0.8179293689219311,-0.24614835210102815,1.7969580397437528,-4.553976691381424,3.591115546597317,-8.185293133024025,2.1256384823635606,blackbox,,True,23,303.8218167692281,torch_cuda,cuda,OK,
8282,C:\Users\USER\Desktop\project\calibration\moire\datasets\test\0460_gt.jpg,C:\Users\USER\Desktop\project\calibration\moire\datasets\test\augmented_9x\0460_gt_blackbox_3.jpg,rectified_patch_gpu\008282_0460_gt_blackbox_3_to_orig.png,rectified_patch_gpu\008282_0460_gt_blackbox_3_absdiff.png,93.56134030189043,107.67239932840904,305.0560654383379,269.72903818551873,-3.1695136956577246,4.2495856520447814,-7.291418497154437,-2.9048588627606358,0.18284168360900288,0.2792997215636598,-0.005153692831516708,-2.1226531520809124,blackbox,,True,6,287.39255181192834,torch_cuda,cuda,OK,
8283,C:\Users\USER\Desktop\project\calibration\moire\datasets\test\0460_gt.jpg,C:\Users\USER\Desktop\project\calibration\moire\datasets\test\augmented_9x\0460_gt_rotation_1.jpg,rectified_patch_gpu\008283_0460_gt_rotation_1_to_orig.png,rectified_patch_gpu\008283_0460_gt_rotation_1_absdiff.png,66.6621369839892,80.72452940011591,301.67699937545433,306.85920784103394,-1.3480823449849093,0.8179293689219311,-0.24614835210102815,1.7969580397437528,-1.4195079241099156,-5.510683683666521,-8.017782357925858,1.8111131382777774,rotation,,True,23,304.26810360824413,torch_cuda,cuda,OK,
8284,C:\Users\USER\Desktop\project\calibration\moire\datasets\test\0460_gt.jpg,C:\Users\USER\Desktop\project\calibration\moire\datasets\test\augmented_9x\0460_gt_rotation_2.jpg,rectified_patch_gpu\008284_0460_gt_rotation_2_to_orig.png,rectified_patch_gpu\008284_0460_gt_rotation_2_absdiff.png,108.69857687114198,122.3801343773568,306.198499541331,286.08242989064615,2.312626179833559,-2.740762151566615,-4.22953169417003,1.7090444951127852,-0.1862872516735716,-0.24710865140269472,0.12782298298651043,2.346505049895058,rotation,,True,13,296.14046471598857,torch_cuda,cuda,OK,
8285,C:\Users\USER\Desktop\project\calibration\moire\datasets\test\0460_gt.jpg,C:\Users\USER\Desktop\project\calibration\moire\datasets\test\augmented_9x\0460_gt_rotation_3.jpg,rectified_patch_gpu\008285_0460_gt_rotation_3_to_orig.png,rectified_patch_gpu\008285_0460_gt_rotation_3_absdiff.png,104.2456852816358,118.6991784371774,308.67549427506816,281.84726578445014,5.232781779053343,-0.3816901264889496,-7.227074333758631,0.8272761847417691,0.2582701567778773,-0.21343625414417888,-0.0038467120218793824,2.766779408807319,rotation,,True,5,295.26138002975915,torch_cuda,cuda,OK,
8286,C:\Users\USER\Desktop\project\calibration\moire\datasets\test\0460_gt.jpg,C:\Users\USER\Desktop\project\calibration\moire\datasets\test\augmented_9x\0460_gt_translation_1.jpg,rectified_patch_gpu\008286_0460_gt_translation_1_to_orig.png,rectified_patch_gpu\008286_0460_gt_translation_1_absdiff.png,82.12344003182871,98.73806080947756,302.07130498994036,301.6545620769279,-0.17646689256884043,3.0448351488953144e-05,0.2661598339880858,-3.057816211915714,0.09513101555693393,0.00027884308307972455,0.2971159154160114,2.450698117959684,translation,,True,1,301.8629335334341,torch_cuda,cuda,OK,
8287,C:\Users\USER\Desktop\project\calibration\moire\datasets\test\0460_gt.jpg,C:\Users\USER\Desktop\project\calibration\moire\datasets\test\augmented_9x\0460_gt_translation_2.jpg,rectified_patch_gpu\008287_0460_gt_translation_2_to_orig.png,rectified_patch_gpu\008287_0460_gt_translation_2_absdiff.png,85.15397870852624,100.69362903944275,305.3939589859346,288.76233484805533,-2.8395539590446828,1.855574050256428,-3.8430632314180597,1.953492010683975,0.3777680902026467,0.0003217712038495715,-0.06093073893366502,2.5062674311793147,translation,,True,11,297.07814691699497,torch_cuda,cuda,OK,
8288,C:\Users\USER\Desktop\project\calibration\moire\datasets\test\0460_gt.jpg,C:\Users\USER\Desktop\project\calibration\moire\datasets\test\augmented_9x\0460_gt_translation_3.jpg,rectified_patch_gpu\008288_0460_gt_translation_3_to_orig.png,rectified_patch_gpu\008288_0460_gt_translation_3_absdiff.png,59.40768916377315,73.68041206771424,302.07130498994036,306.5372360193606,-0.17646689256884043,3.0448351488953144e-05,0.2661598339880858,-3.057816211915714,1.906032893550552,3.3911482540218656,-4.786078893818901,1.9362081690210944,translation,,True,1,304.3042705046505,torch_cuda,cuda,OK,
8289,C:\Users\USER\Desktop\project\calibration\moire\datasets\test\0460_moire.jpg,C:\Users\USER\Desktop\project\calibration\moire\datasets\test\augmented_9x\0460_moire_blackbox_1.jpg,rectified_patch_gpu\008289_0460_moire_blackbox_1_to_orig.png,rectified_patch_gpu\008289_0460_moire_blackbox_1_absdiff.png,62.68635669849537,83.10082315217845,304.7276883478104,304.8042753209448,1.791501565110467,0.056398186329836696,-1.0709502740945778,1.9491026058576195,1.956871585020735,0.060651868647945195,-1.3487533125508253,1.9617235295011837,blackbox,,True,18,304.7659818343776,torch_cuda,cuda,OK,
8290,C:\Users\USER\Desktop\project\calibration\moire\datasets\test\0460_moire.jpg,C:\Users\USER\Desktop\project\calibration\moire\datasets\test\augmented_9x\0460_moire_blackbox_2.jpg,rectified_patch_gpu\008290_0460_moire_blackbox_2_to_orig.png,rectified_patch_gpu\008290_0460_moire_blackbox_2_absdiff.png,100.6400951244213,115.69259077406987,305.39721695784056,303.9262699031426,5.354019376587581,0.0014363513754978012,-7.420620688132818,-2.583017303453218,-3.0335336165216704,3.0335336173492653,-5.065968551069602,3.141592653589793,blackbox,,True,12,304.6617434304916,torch_cuda,cuda,OK,
8291,C:\Users\USER\Desktop\project\calibration\moire\datasets\test\0460_moire.jpg,C:\Users\USER\Desktop\project\calibration\moire\datasets\test\augmented_9x\0460_moire_blackbox_3.jpg,rectified_patch_gpu\008291_0460_moire_blackbox_3_to_orig.png,rectified_patch_gpu\008291_0460_moire_blackbox_3_absdiff.png,52.459877869405865,75.00426293424408,305.65356422277677,305.6101209541037,9.491453126844512,-0.24277536219855,-12.820138472576375,3.136124807316125,9.559608386709336,0.896750895404109,-13.14471208159771,3.141592653589793,blackbox,,True,23,305.63184258844024,torch_cuda,cuda,OK,
8292,C:\Users\USER\Desktop\project\calibration\moire\datasets\test\0460_moire.jpg,C:\Users\USER\Desktop\project\calibration\moire\datasets\test\augmented_9x\0460_moire_rotation_1.jpg,rectified_patch_gpu\008292_0460_moire_rotation_1_to_orig.png,rectified_patch_gpu\008292_0460_moire_rotation_1_absdiff.png,79.00099235628858,93.85491207325668,299.3678528122276,305.5944356100374,-0.0010366427772830328,-1.623550876595257,-0.8928125318021469,2.569961811559836,5.730533213475683,-0.2365877910776304,-8.028505760599499,-2.5036965351989857,rotation,,True,15,302.4811442111325,torch_cuda,cuda,OK,
8293,C:\Users\USER\Desktop\project\calibration\moire\datasets\test\0460_moire.jpg,C:\Users\USER\Desktop\project\calibration\moire\datasets\test\augmented_9x\0460_moire_rotation_2.jpg,rectified_patch_gpu\008293_0460_moire_rotation_2_to_orig.png,rectified_patch_gpu\008293_0460_moire_rotation_2_absdiff.png,111.22509922357253,126.11539889853809,306.9102585388868,294.07590196118775,-4.8843784267875625,0.0016111075120554,-6.597391604993481,-1.7004745578446008,-0.00030019347582437646,-0.10627821449447523,0.31860201548265726,3.045999075941302,rotation,,True,6,300.4930802500373,torch_cuda,cuda,OK,
8294,C:\Users\USER\Desktop\project\calibration\moire\datasets\test\0460_moire.jpg,C:\Users\USER\Desktop\project\calibration\moire\datasets\test\augmented_9x\0460_moire_rotation_3.jpg,rectified_patch_gpu\008294_0460_moire_rotation_3_to_orig.png,rectified_patch_gpu\008294_0460_moire_rotation_3_absdiff.png,79.51024305555555,94.38357719996486,299.3678528122276,308.2233045540024,-0.0010366427772830328,-1.623550876595257,-0.8928125318021469,2.569961811559836,4.876140225855851,3.4855320109452403,-8.428035068608127,633.6755598296635,rotation,,True,15,303.795578683115,torch_cuda,cuda,OK,
8295,C:\Users\USER\Desktop\project\calibration\moire\datasets\test\0460_moire.jpg,C:\Users\USER\Desktop\project\calibration\moire\datasets\test\augmented_9x\0460_moire_translation_1.jpg,rectified_patch_gpu\008295_0460_moire_translation_1_to_orig.png,rectified_patch_gpu\008295_0460_moire_translation_1_absdiff.png,86.05048285590277,101.29152851980977,299.3678528122276,304.30075349964227,-0.0010366427772830328,-1.623550876595257,-0.8928125318021469,2.569961811559836,1.8528264488564286,2.1221095811834956,-2.6566386246350353,-1.9589705766171654,translation,,True,15,301.83430315593495,torch_cuda,cuda,OK,
8296,C:\Users\USER\Desktop\project\calibration\moire\datasets\test\0460_moire.jpg,C:\Users\USER\Desktop\project\calibration\moire\datasets\test\augmented_9x\0460_moire_translation_2.jpg,rectified_patch_gpu\008296_0460_moire_translation_2_to_orig.png,rectified_patch_gpu\008296_0460_moire_translation_2_absdiff.png,91.44373179494599,108.20692917500419,308.8442975253473,275.38908902371804,2.8697280835012764,-4.285282109732472,-7.0484945345628605,0.6856594515231,-0.00026704652670812845,-0.2997737950829254,0.010798077636912994,2.4575579039900877,translation,,True,1,292.1166932745327,torch_cuda,cuda,OK,
8297,C:\Users\USER\Desktop\project\calibration\moire\datasets\test\0460_moire.jpg,C:\Users\USER\Desktop\project\calibration\moire\datasets\test\augmented_9x\0460_moire_translation_3.jpg,rectified_patch_gpu\008297_0460_moire_translation_3_to_orig.png,rectified_patch_gpu\008297_0460_moire_translation_3_absdiff.png,74.69848729263117,90.25359713357027,304.7276883478104,305.356526128013,1.791501565110467,0.056398186329836696,-1.0709502740945778,1.9491026058576195,5.784669177050823,-0.05327802202053977,-8.192684687593689,-2.922702194519511,translation,,True,18,305.0421072379117,torch_cuda,cuda,OK,
8298,C:\Users\USER\Desktop\project\calibration\moire\datasets\test\0461_gt.jpg,C:\Users\USER\Desktop\project\calibration\moire\datasets\test\augmented_9x\0461_gt_blackbox_1.jpg,rectified_patch_gpu\008298_0461_gt_blackbox_1_to_orig.png,rectified_patch_gpu\008298_0461_gt_blackbox_1_absdiff.png,71.06335816936729,85.7634103858109,302.2348707469658,303.9262699031426,-0.2722633176194498,-0.07279700279973308,0.12759832858814324,1.4897631782620444,-3.0335336165216704,3.0335336173492653,-5.065968551069602,3.141592653589793,blackbox,,True,0,303.08057032505417,torch_cuda,cuda,OK,
8299,C:\Users\USER\Desktop\project\calibration\moire\datasets\test\0461_gt.jpg,C:\Users\USER\Desktop\project\calibration\moire\datasets\test\augmented_9x\0461_gt_blackbox_2.jpg,rectified_patch_gpu\008299_0461_gt_blackbox_2_to_orig.png,rectified_patch_gpu\008299_0461_gt_blackbox_2_absdiff.png,101.2987801408179,120.4529135461303,302.705010991937,303.3596941103386,-0.33222932569296215,-0.10153930890455093,-0.36552001257223093,1.874913658184416,-1.2768489050541396,-0.8781015280010066,-0.7278640940307188,2.504420440058734,blackbox,,True,10,303.0323525511378,torch_cuda,cuda,OK,
8300,C:\Users\USER\Desktop\project\calibration\moire\datasets\test\0461_gt.jpg,C:\Users\USER\Desktop\project\calibration\moire\datasets\test\augmented_9x\0461_gt_blackbox_3.jpg,rectified_patch_gpu\008300_0461_gt_blackbox_3_to_orig.png,rectified_patch_gpu\008300_0461_gt_blackbox_3_absdiff.png,66.14221257716049,87.48760996383226,302.705010991937,303.3596941103386,-0.33222932569296215,-0.10153930890455093,-0.36552001257223093,1.874913658184416,-1.2768489050541396,-0.8781015280010066,-0.7278640940307188,2.504420440058734,blackbox,,True,10,303.0323525511378,torch_cuda,cuda,OK,
8301,C:\Users\USER\Desktop\project\calibration\moire\datasets\test\0461_gt.jpg,C:\Users\USER\Desktop\project\calibration\moire\datasets\test\augmented_9x\0461_gt_rotation_1.jpg,rectified_patch_gpu\008301_0461_gt_rotation_1_to_orig.png,rectified_patch_gpu\008301_0461_gt_rotation_1_absdiff.png,73.79742621527778,95.53014516614581,297.70287570265447,306.50358528335516,0.3466187518306452,-0.186268929632398,-0.09661002712416905,1.45511541562727,-0.2516502018920272,3.573705747147444,-3.919249904409151,1.7246178882204035,rotation,,True,22,302.10323049300484,torch_cuda,cuda,OK,
8302,C:\Users\USER\Desktop\project\calibration\moire\datasets\test\0461_gt.jpg,C:\Users\USER\Desktop\project\calibration\moire\datasets\test\augmented_9x\0461_gt_rotation_2.jpg,rectified_patch_gpu\008302_0461_gt_rotation_2_to_orig.png,rectified_patch_gpu\008302_0461_gt_rotation_2_absdiff.png,94.85799985532407,116.40810351184054,308.52458168776786,291.2845962836819,3.0869047510637024,-5.585860150423116,-9.043668494254494,-0.889597849042535,-0.1079198173729156,-0.2978569116852294,0.160269180363738,-3.0154118695552508,rotation,,True,11,299.9045889857249,torch_cuda,cuda,OK,
8303,C:\Users\USER\Desktop\project\calibration\moire\datasets\test\0461_gt.jpg,C:\Users\USER\Desktop\project\calibration\moire\datasets\test\augmented_9x\0461_gt_rotation_3.jpg,rectified_patch_gpu\008303_0461_gt_rotation_3_to_orig.png,rectified_patch_gpu\008303_0461_gt_rotation_3_absdiff.png,70.93131787712191,87.24915525915729,302.2348707469658,303.9262699031426,-0.2722633176194498,-0.07279700279973308,0.12759832858814324,1.4897631782620444,-3.0335336165216704,3.0335336173492653,-5.065968551069602,3.141592653589793,rotation,,True,0,303.08057032505417,torch_cuda,cuda,OK,
8304,C:\Users\USER\Desktop\project\calibration\moire\datasets\test\0461_gt.jpg,C:\Users\USER\Desktop\project\calibration\moire\datasets\test\augmented_9x\0461_gt_translation_1.jpg,rectified_patch_gpu\008304_0461_gt_translation_1_to_orig.png,rectified_patch_gpu\008304_0461_gt_translation_1_absdiff.png,76.69854721257715,99.51103439778645,297.70287570265447,305.2938767888099,0.3466187518306452,-0.186268929632398,-0.09661002712416905,1.45511541562727,-4.406909242763904,-2.095245008388816,-6.471405124541626,-110.56948076123719,translation,,True,22,301.4983762457322,torch_cuda,cuda,OK,
8305,C:\Users\USER\Desktop\project\calibration\moire\datasets\test\0461_gt.jpg,C:\Users\USER\Desktop\project\calibration\moire\datasets\test\augmented_9x\0461_gt_translation_2.jpg,rectified_patch_gpu\008305_0461_gt_translation_2_to_orig.png,rectified_patch_gpu\008305_0461_gt_translation_2_absdiff.png,68.34015178915895,86.8329897738425,297.70287570265447,307.2335146293401,0.3466187518306452,-0.186268929632398,-0.09661002712416905,1.45511541562727,3.79570904122159,-3.781602248243809,-7.563743352622097,1.43160219662875,translation,,True,22,302.46819516599726,torch_cuda,cuda,OK,
8306,C:\Users\USER\Desktop\project\calibration\moire\datasets\test\0461_gt.jpg,C:\Users\USER\Desktop\project\calibration\moire\datasets\test\augmented_9x\0461_gt_translation_3.jpg,rectified_patch_gpu\008306_0461_gt_translation_3_to_orig.png,rectified_patch_gpu\008306_0461_gt_translation_3_absdiff.png,70.41417896412037,93.25276817049595,297.70287570265447,306.17850912157473,0.3466187518306452,-0.186268929632398,-0.09661002712416905,1.45511541562727,2.9472564490845654,0.6782956506932395,-2.9906311597107447,1.9073908464667817,translation,,True,22,301.9406924121146,torch_cuda,cuda,OK,
8307,C:\Users\USER\Desktop\project\calibration\moire\datasets\test\0461_moire.jpg,C:\Users\USER\Desktop\project\calibration\moire\datasets\test\augmented_9x\0461_moire_blackbox_1.jpg,rectified_patch_gpu\008307_0461_moire_blackbox_1_to_orig.png,rectified_patch_gpu\008307_0461_moire_blackbox_1_absdiff.png,94.69435173128858,114.30096935676454,305.8366601146476,303.9262699031426,6.374618454363585,-6.216452442685707,-11.140552139537249,241.5603675068478,-3.0335336165216704,3.0335336173492653,-5.065968551069602,3.141592653589793,blackbox,,True,0,304.88146500889513,torch_cuda,cuda,OK,
8308,C:\Users\USER\Desktop\project\calibration\moire\datasets\test\0461_moire.jpg,C:\Users\USER\Desktop\project\calibration\moire\datasets\test\augmented_9x\0461_moire_blackbox_2.jpg,rectified_patch_gpu\008308_0461_moire_blackbox_2_to_orig.png,rectified_patch_gpu\008308_0461_moire_blackbox_2_absdiff.png,99.70436836902006,118.53687599907214,306.82825629199465,303.9262699031426,4.805981148251519,-3.972868251897509,-7.981510809840387,-1.9849054037121394,-3.0335336165216704,3.0335336173492653,-5.065968551069602,3.141592653589793,blackbox,,True,12,305.37726309756863,torch_cuda,cuda,OK,
8309,C:\Users\USER\Desktop\project\calibration\moire\datasets\test\0461_moire.jpg,C:\Users\USER\Desktop\project\calibration\moire\datasets\test\augmented_9x\0461_moire_blackbox_3.jpg,rectified_patch_gpu\008309_0461_moire_blackbox_3_to_orig.png,rectified_patch_gpu\008309_0461_moire_blackbox_3_absdiff.png,20.167042824074073,53.270164685326925,305.35355517224184,305.35355517224184,0.3180541384307114,-0.07766045585991391,0.3471597426856822,3.1332700616538856,0.3180541384307114,-0.07766045585991391,0.3471597426856822,3.1332700616538856,blackbox,,True,16,305.35355517224184,torch_cuda,cuda,OK,
8310,C:\Users\USER\Desktop\project\calibration\moire\datasets\test\0461_moire.jpg,C:\Users\USER\Desktop\project\calibration\moire\datasets\test\augmented_9x\0461_moire_rotation_1.jpg,rectified_patch_gpu\008310_0461_moire_rotation_1_to_orig.png,rectified_patch_gpu\008310_0461_moire_rotation_1_absdiff.png,92.96232445987654,115.52250832035523,305.95687206536917,305.205906305107,6.295808837996724,-4.6707758014638046,-10.440248339248278,2.3772771629529634,3.6723610673412743,-4.303517435671492,-7.882878424782435,2.6332938950544276,rotation,,True,23,305.5813891852381,torch_cuda,cuda,OK,
8311,C:\Users\USER\Desktop\project\calibration\moire\datasets\test\0461_moire.jpg,C:\Users\USER\Desktop\project\calibration\moire\datasets\test\augmented_9x\0461_moire_rotation_2.jpg,rectified_patch_gpu\008311_0461_moire_rotation_2_to_orig.png,rectified_patch_gpu\008311_0461_moire_rotation_2_absdiff.png,97.3747176408179,115.38578506268114,308.6030887225034,291.13489390261765,6.110996064183112,-6.1612390871153195,-10.855029847250918,-0.12324500825744002,0.12276171855673942,-0.44861200754426994,-0.03401959133083082,-267.1818927220506,rotation,,True,24,299.8689913125605,torch_cuda,cuda,OK,
8312,C:\Users\USER\Desktop\project\calibration\moire\datasets\test\0461_moire.jpg,C:\Users\USER\Desktop\project\calibration\moire\datasets\test\augmented_9x\0461_moire_rotation_3.jpg,rectified_patch_gpu\008312_0461_moire_rotation_3_to_orig.png,rectified_patch_gpu\008312_0461_moire_rotation_3_absdiff.png,113.02722125771605,129.36489004267082,306.3046653917117,294.0636576850632,9.086917898945572,0.013035143564424256,-11.749455943958509,-2.2535387216628724,-0.002405806748713466,-0.1761983415184571,0.2817691912495121,-1046.6991427050111,rotation,,True,2,300.18416153838746,torch_cuda,cuda,OK,
8313,C:\Users\USER\Desktop\project\calibration\moire\datasets\test\0461_moire.jpg,C:\Users\USER\Desktop\project\calibration\moire\datasets\test\augmented_9x\0461_moire_translation_1.jpg,rectified_patch_gpu\008313_0461_moire_translation_1_to_orig.png,rectified_patch_gpu\008313_0461_moire_translation_1_absdiff.png,102.40078751929012,120.91162018230487,305.3926670109829,300.3525601230042,-3.107275521963187,-5.511993703005071,-8.987474044368096,443.3339064309124,-1.8810199087651391,0.7186695315393947,-1.4592167984578968,2.8649102439097907,translation,,True,19,302.87261356699355,torch_cuda,cuda,OK,
8314,C:\Users\USER\Desktop\project\calibration\moire\datasets\test\0461_moire.jpg,C:\Users\USER\Desktop\project\calibration\moire\datasets\test\augmented_9x\0461_moire_translation_2.jpg,rectified_patch_gpu\008314_0461_moire_translation_2_to_orig.png,rectified_patch_gpu\008314_0461_moire_translation_2_absdiff.png,90.18197253568673,108.02328432330876,307.68984147286295,277.5323222337777,4.487570917857279,-2.6594232049742197,-7.209894846699304,1.2402744143266033,0.21535102221752622,-0.26073754957694983,0.03835489792334511,-1.6755726298797677,translation,,True,9,292.61108185332034,torch_cuda,cuda,OK,
8315,C:\Users\USER\Desktop\project\calibration\moire\datasets\test\0461_moire.jpg,C:\Users\USER\Desktop\project\calibration\moire\datasets\test\augmented_9x\0461_moire_translation_3.jpg,rectified_patch_gpu\008315_0461_moire_translation_3_to_orig.png,rectified_patch_gpu\008315_0461_moire_translation_3_absdiff.png,100.22153561439043,117.40670282001338,305.5871281846811,305.4783334314811,-1.4220571158814694,7.362834451128975,-10.48365280758356,1096.7800299490777,4.404084200477764,-3.3745079890370366,-7.762235939122297,2.4299975988107474,translation,,True,20,305.53273080808106,torch_cuda,cuda,OK,
8316,C:\Users\USER\Desktop\project\calibration\moire\datasets\test\0462_gt.jpg,C:\Users\USER\Desktop\project\calibration\moire\datasets\test\augmented_9x\0462_gt_blackbox_1.jpg,rectified_patch_gpu\008316_0462_gt_blackbox_1_to_orig.png,rectified_patch_gpu\008316_0462_gt_blackbox_1_absdiff.png,64.22477780189043,70.97001498677584,307.9668334546818,295.78475229418723,-0.0010766209795054684,-5.9849036249426835,-8.48154499416042,1.184764844365043,-0.00029580604067873834,0.04596807832154427,0.3277479900108559,-2.95066056683647,blackbox,,True,10,301.8757928744345,torch_cuda,cuda,OK,
8317,C:\Users\USER\Desktop\project\calibration\moire\datasets\test\0462_gt.jpg,C:\Users\USER\Desktop\project\calibration\moire\datasets\test\augmented_9x\0462_gt_blackbox_2.jpg,rectified_patch_gpu\008317_0462_gt_blackbox_2_to_orig.png,rectified_patch_gpu\008317_0462_gt_blackbox_2_absdiff.png,61.21045789930555,68.71891277195674,301.51307029510144,305.99178267950646,-0.0013181000861576797,-2.210585356574678,-1.838554576455707,2.6568387900159056,0.20602609585019205,-6.280875046834893,-8.303712879591579,2.430963098144731,blackbox,,True,7,303.752426487304,torch_cuda,cuda,OK,
8318,C:\Users\USER\Desktop\project\calibration\moire\datasets\test\0462_gt.jpg,C:\Users\USER\Desktop\project\calibration\moire\datasets\test\augmented_9x\0462_gt_blackbox_3.jpg,rectified_patch_gpu\008318_0462_gt_blackbox_3_to_orig.png,rectified_patch_gpu\008318_0462_gt_blackbox_3_absdiff.png,38.009773582175924,47.57271772750739,304.2603450515233,304.70272129678614,-1.576435216354077,-3.3532343062814762,-4.396935262257222,2.769911294324169,2.2316716070826614,3.4979639393389466,-5.227369509513483,2.7213717877449333,blackbox,,True,22,304.4815331741547,torch_cuda,cuda,OK,
8319,C:\Users\USER\Desktop\project\calibration\moire\datasets\test\0462_gt.jpg,C:\Users\USER\Desktop\project\calibration\moire\datasets\test\augmented_9x\0462_gt_rotation_1.jpg,rectified_patch_gpu\008319_0462_gt_rotation_1_to_orig.png,rectified_patch_gpu\008319_0462_gt_rotation_1_absdiff.png,64.17715760030865,70.93845155076434,304.58427041685536,294.20359363311684,4.102799877551808,0.04222385257028902,-5.088337243200065,-2.69001515973551,-0.00029639288247977267,0.10262118241694826,0.31533046255848296,-3.0249268771228213,rotation,,True,15,299.3939320249861,torch_cuda,cuda,OK,
8320,C:\Users\USER\Desktop\project\calibration\moire\datasets\test\0462_gt.jpg,C:\Users\USER\Desktop\project\calibration\moire\datasets\test\augmented_9x\0462_gt_rotation_2.jpg,rectified_patch_gpu\008320_0462_gt_rotation_2_to_orig.png,rectified_patch_gpu\008320_0462_gt_rotation_2_absdiff.png,51.9342586564429,60.15737273182689,306.41117776756795,272.12990653546126,4.057211255204449,-3.2812981900049127,-7.242386701515414,-2.0777455275049186,-0.0002756859444630977,-0.310173086635182,-0.023297784157384826,2.5236928254541855,rotation,,True,11,289.27054215151463,torch_cuda,cuda,OK,
8321,C:\Users\USER\Desktop\project\calibration\moire\datasets\test\0462_gt.jpg,C:\Users\USER\Desktop\project\calibration\moire\datasets\test\augmented_9x\0462_gt_rotation_3.jpg,rectified_patch_gpu\008321_0462_gt_rotation_3_to_orig.png,rectified_patch_gpu\008321_0462_gt_rotation_3_absdiff.png,32.14086431809414,37.91978046871735,303.2423036823543,305.8503510758796,0.23232404901028336,0.09312897438728591,0.19091686841744504,1.4802033007299162,-0.0014963912593575041,-4.9653060475046065,-6.830826021728872,2.188416300610497,rotation,,True,21,304.546327379117,torch_cuda,cuda,OK,
8322,C:\Users\USER\Desktop\project\calibration\moire\datasets\test\0462_gt.jpg,C:\Users\USER\Desktop\project\calibration\moire\datasets\test\augmented_9x\0462_gt_translation_1.jpg,rectified_patch_gpu\008322_0462_gt_translation_1_to_orig.png,rectified_patch_gpu\008322_0462_gt_translation_1_absdiff.png,64.03599235628857,70.8315056723974,306.76623748719123,294.6364953328018,3.1520892311224333,2.163298558595852,-4.6261262633071,1.8671349335441114,-0.00027790440982247564,0.18826055760889512,0.24743559362328024,2.4606189951976805,translation,,True,16,300.7013664099965,torch_cuda,cuda,OK,
8323,C:\Users\USER\Desktop\project\calibration\moire\datasets\test\0462_gt.jpg,C:\Users\USER\Desktop\project\calibration\moire\datasets\test\augmented_9x\0462_gt_translation_2.jpg,rectified_patch_gpu\008323_0462_gt_translation_2_to_orig.png,rectified_patch_gpu\008323_0462_gt_translation_2_absdiff.png,54.867743778935186,62.714798454719194,305.5493582425836,285.8649823465214,0.5327560254202353,-4.87756573452772,-6.768347545738536,2.3368229435360433,0.04655049186946821,0.2896965709679606,0.09756075086149495,1.8234147728507928,translation,,True,20,295.7071702945525,torch_cuda,cuda,OK,
8324,C:\Users\USER\Desktop\project\calibration\moire\datasets\test\0462_gt.jpg,C:\Users\USER\Desktop\project\calibration\moire\datasets\test\augmented_9x\0462_gt_translation_3.jpg,rectified_patch_gpu\008324_0462_gt_translation_3_to_orig.png,rectified_patch_gpu\008324_0462_gt_translation_3_absdiff.png,64.08132691936729,70.87717656442717,308.8033468153203,295.9753701424028,2.745300831140482,0.001510408952242276,-2.5963421316579645,1.230656110675173,0.04099457744545401,-0.03360516714096395,0.3086557821305775,3.0672147791750293,translation,,True,17,302.3893584788616,torch_cuda,cuda,OK,
8325,C:\Users\USER\Desktop\project\calibration\moire\datasets\test\0462_moire.jpg,C:\Users\USER\Desktop\project\calibration\moire\datasets\test\augmented_9x\0462_moire_blackbox_1.jpg,rectified_patch_gpu\008325_0462_moire_blackbox_1_to_orig.png,rectified_patch_gpu\008325_0462_moire_blackbox_1_absdiff.png,53.48566779996142,63.597754965154486,304.687165136414,303.01566202805384,4.568023213960791,-1.1707050870358202,-6.234401780904103,2.93198802547371,1.3238144332178337,-1.0785247307071233,-0.4079441636755019,1.5102213374453128,blackbox,,True,14,303.85141358223393,torch_cuda,cuda,OK,
8326,C:\Users\USER\Desktop\project\calibration\moire\datasets\test\0462_moire.jpg,C:\Users\USER\Desktop\project\calibration\moire\datasets\test\augmented_9x\0462_moire_blackbox_2.jpg,rectified_patch_gpu\008326_0462_moire_blackbox_2_to_orig.png,rectified_patch_gpu\008326_0462_moire_blackbox_2_absdiff.png,54.987350742669754,65.54464901070959,305.4318141006251,287.38298283118905,4.123412636465267,-1.017134892111693,-5.5620941195327465,2.2574730037688227,-0.0004546411028353687,0.5556855345832026,0.029825212248250632,2.6118439313307924,blackbox,,True,5,296.4073984659071,torch_cuda,cuda,OK,
8327,C:\Users\USER\Desktop\project\calibration\moire\datasets\test\0462_moire.jpg,C:\Users\USER\Desktop\project\calibration\moire\datasets\test\augmented_9x\0462_moire_blackbox_3.jpg,rectified_patch_gpu\008327_0462_moire_blackbox_3_to_orig.png,rectified_patch_gpu\008327_0462_moire_blackbox_3_absdiff.png,53.64981228298611,64.28625633668278,305.4318141006251,287.38298283118905,4.123412636465267,-1.017134892111693,-5.5620941195327465,2.2574730037688227,-0.0004546411028353687,0.5556855345832026,0.029825212248250632,2.6118439313307924,blackbox,,True,5,296.4073984659071,torch_cuda,cuda,OK,
8328,C:\Users\USER\Desktop\project\calibration\moire\datasets\test\0462_moire.jpg,C:\Users\USER\Desktop\project\calibration\moire\datasets\test\augmented_9x\0462_moire_rotation_1.jpg,rectified_patch_gpu\008328_0462_moire_rotation_1_to_orig.png,rectified_patch_gpu\008328_0462_moire_rotation_1_absdiff.png,42.04299153645833,50.25125084456969,316.98290620011926,278.0290576048457,-0.0002820711369429532,-0.21187634001013994,0.23386491956785999,1.4391620952901556,-0.00029963375575628437,-0.2981037120109884,0.153275996951466,430.2746976151983,rotation,,True,15,297.5059819024825,torch_cuda,cuda,OK,
8329,C:\Users\USER\Desktop\project\calibration\moire\datasets\test\0462_moire.jpg,C:\Users\USER\Desktop\project\calibration\moire\datasets\test\augmented_9x\0462_moire_rotation_2.jpg,rectified_patch_gpu\008329_0462_moire_rotation_2_to_orig.png,rectified_patch_gpu\008329_0462_moire_rotation_2_absdiff.png,46.24336166570216,54.62636668042533,304.70140259235734,304.2162426986839,-4.280449566706935,0.3111370106833674,-5.559837986439424,2.7715034770483746,0.06260681377126046,-3.930948374594868,-4.903939697708718,-2.880136176291554,rotation,,True,22,304.4588226455206,torch_cuda,cuda,OK,
8330,C:\Users\USER\Desktop\project\calibration\moire\datasets\test\0462_moire.jpg,C:\Users\USER\Desktop\project\calibration\moire\datasets\test\augmented_9x\0462_moire_rotation_3.jpg,rectified_patch_gpu\008330_0462_moire_rotation_3_to_orig.png,rectified_patch_gpu\008330_0462_moire_rotation_3_absdiff.png,55.97020990065587,66.0461375755811,305.22099785312645,296.6884078800047,-0.0015951840680759315,-4.8588737320516024,-6.581085910757802,-2.4863220872028875,0.3183348148482267,0.11000669211031425,0.01456405680998668,1.5675424379997855,rotation,,True,1,300.9547028665656,torch_cuda,cuda,OK,
8331,C:\Users\USER\Desktop\project\calibration\moire\datasets\test\0462_moire.jpg,C:\Users\USER\Desktop\project\calibration\moire\datasets\test\augmented_9x\0462_moire_translation_1.jpg,rectified_patch_gpu\008331_0462_moire_translation_1_to_orig.png,rectified_patch_gpu\008331_0462_moire_translation_1_absdiff.png,50.38289351851852,62.27404932109723,305.70538963397746,286.18084472576174,2.9345270671737,4.516953770001153,-7.405965500115196,-2.15020118841343,-0.15425112245478953,-0.23861055734493491,0.1853264811764784,2.3845709391755765,translation,,True,9,295.9431171798696,torch_cuda,cuda,OK,
8332,C:\Users\USER\Desktop\project\calibration\moire\datasets\test\0462_moire.jpg,C:\Users\USER\Desktop\project\calibration\moire\datasets\test\augmented_9x\0462_moire_translation_2.jpg,rectified_patch_gpu\008332_0462_moire_translation_2_to_orig.png,rectified_patch_gpu\008332_0462_moire_translation_2_absdiff.png,50.76295548804012,60.08000341927703,305.22099785312645,283.2773226884792,-0.0015951840680759315,-4.8588737320516024,-6.581085910757802,-2.4863220872028875,-0.0002827559567847947,-0.31698988743565637,0.004412073576265638,2.1711233272211596,translation,,True,1,294.2491602708028,torch_cuda,cuda,OK,
8333,C:\Users\USER\Desktop\project\calibration\moire\datasets\test\0462_moire.jpg,C:\Users\USER\Desktop\project\calibration\moire\datasets\test\augmented_9x\0462_moire_translation_3.jpg,rectified_patch_gpu\008333_0462_moire_translation_3_to_orig.png,rectified_patch_gpu\008333_0462_moire_translation_3_absdiff.png,47.17032636477624,57.044040831633254,309.5639207822871,296.68729866711624,2.903986023617429,-2.083600183745591,-4.090936953064311,0.6672387301234317,-0.31294345125505146,0.09006411572893464,0.00319444877813288,0.4960625277050971,translation,,True,17,303.1256097247017,torch_cuda,cuda,OK,
8334,C:\Users\USER\Desktop\project\calibration\moire\datasets\test\0463_gt.jpg,C:\Users\USER\Desktop\project\calibration\moire\datasets\test\augmented_9x\0463_gt_blackbox_1.jpg,rectified_patch_gpu\008334_0463_gt_blackbox_1_to_orig.png,rectified_patch_gpu\008334_0463_gt_blackbox_1_absdiff.png,40.02198459201389,57.77430510585071,301.86774670609907,296.9640961176332,0.08039584792749303,0.18768942516398343,0.2332128513360467,1.7154949626452263,0.08105167118372518,0.031846293087480645,0.3001314959045268,-3.084778047645843,blackbox,,True,18,299.4159214118661,torch_cuda,cuda,OK,
8335,C:\Users\USER\Desktop\project\calibration\moire\datasets\test\0463_gt.jpg,C:\Users\USER\Desktop\project\calibration\moire\datasets\test\augmented_9x\0463_gt_blackbox_2.jpg,rectified_patch_gpu\008335_0463_gt_blackbox_2_to_orig.png,rectified_patch_gpu\008335_0463_gt_blackbox_2_absdiff.png,47.81543077256944,64.1845014079916,292.68941714277963,305.93632420703364,-0.40083482038372686,0.0003207232284438363,0.033886514432784565,0.052333895054904066,-4.000799264921175,5.579274895250611,-9.717187903780646,-2.395756865955648,blackbox,,True,11,299.31287067490666,torch_cuda,cuda,OK,
8336,C:\Users\USER\Desktop\project\calibration\moire\datasets\test\0463_gt.jpg,C:\Users\USER\Desktop\project\calibration\moire\datasets\test\augmented_9x\0463_gt_blackbox_3.jpg,rectified_patch_gpu\008336_0463_gt_blackbox_3_to_orig.png,rectified_patch_gpu\008336_0463_gt_blackbox_3_absdiff.png,9.870874083719135,29.766453641539233,292.68941714277963,292.68941714277963,-0.40083482038372686,0.0003207232284438363,0.033886514432784565,0.052333895054904066,-0.40083482038372686,0.0003207232284438363,0.033886514432784565,0.052333895054904066,blackbox,,True,11,292.68941714277963,torch_cuda,cuda,OK,
8337,C:\Users\USER\Desktop\project\calibration\moire\datasets\test\0463_gt.jpg,C:\Users\USER\Desktop\project\calibration\moire\datasets\test\augmented_9x\0463_gt_rotation_1.jpg,rectified_patch_gpu\008337_0463_gt_rotation_1_to_orig.png,rectified_patch_gpu\008337_0463_gt_rotation_1_absdiff.png,46.56033010223766,63.248561342623844,292.68941714277963,310.6819130553402,-0.40083482038372686,0.0003207232284438363,0.033886514432784565,0.052333895054904066,-0.24245022984212464,0.00027736409572784015,0.19365537183765993,2.501370023176096,rotation,,True,11,301.6856650990599,torch_cuda,cuda,OK,
8338,C:\Users\USER\Desktop\project\calibration\moire\datasets\test\0463_gt.jpg,C:\Users\USER\Desktop\project\calibration\moire\datasets\test\augmented_9x\0463_gt_rotation_2.jpg,rectified_patch_gpu\008338_0463_gt_rotation_2_to_orig.png,rectified_patch_gpu\008338_0463_gt_rotation_2_absdiff.png,109.04331524884259,116.45319675261126,292.68941714277963,307.2488900148946,-0.40083482038372686,0.0003207232284438363,0.033886514432784565,0.052333895054904066,3.5146311870987654,3.443390778229982,-6.72568840959302,1.6938560897654444,rotation,,True,11,299.9691535788371,torch_cuda,cuda,OK,
8339,C:\Users\USER\Desktop\project\calibration\moire\datasets\test\0463_gt.jpg,C:\Users\USER\Desktop\project\calibration\moire\datasets\test\augmented_9x\0463_gt_rotation_3.jpg,rectified_patch_gpu\008339_0463_gt_rotation_3_to_orig.png,rectified_patch_gpu\008339_0463_gt_rotation_3_absdiff.png,45.31990101755401,62.99626961313438,305.1961826950105,281.53065718242635,0.697800603597236,-5.47030561986827,-7.7489199780812275,-2.8825079378436103,-0.00034911326930260524,0.42190758289480595,0.03556686252022573,2.632083074591255,rotation,,True,12,293.36341993871844,torch_cuda,cuda,OK,
8340,C:\Users\USER\Desktop\project\calibration\moire\datasets\test\0463_gt.jpg,C:\Users\USER\Desktop\project\calibration\moire\datasets\test\augmented_9x\0463_gt_translation_1.jpg,rectified_patch_gpu\008340_0463_gt_translation_1_to_orig.png,rectified_patch_gpu\008340_0463_gt_translation_1_absdiff.png,61.14872468171296,78.91755030316529,300.1012482205219,289.9077252028153,-0.06377943901546541,0.26730808183832855,0.14629753323063932,2.4600773471524486,-0.19351672901720762,-0.6324627095184132,0.014571750404477002,-381.1053778134129,translation,,True,4,295.0044867116686,torch_cuda,cuda,OK,
8341,C:\Users\USER\Desktop\project\calibration\moire\datasets\test\0463_gt.jpg,C:\Users\USER\Desktop\project\calibration\moire\datasets\test\augmented_9x\0463_gt_translation_2.jpg,rectified_patch_gpu\008341_0463_gt_translation_2_to_orig.png,rectified_patch_gpu\008341_0463_gt_translation_2_absdiff.png,40.29724537037037,56.16534224383649,292.68941714277963,312.69754786269937,-0.40083482038372686,0.0003207232284438363,0.033886514432784565,0.052333895054904066,0.25478142167593465,0.00027847186837199565,0.17927625306360592,1.629392560679856,translation,,True,11,302.69348250273947,torch_cuda,cuda,OK,
8342,C:\Users\USER\Desktop\project\calibration\moire\datasets\test\0463_gt.jpg,C:\Users\USER\Desktop\project\calibration\moire\datasets\test\augmented_9x\0463_gt_translation_3.jpg,rectified_patch_gpu\008342_0463_gt_translation_3_to_orig.png,rectified_patch_gpu\008342_0463_gt_translation_3_absdiff.png,85.99368296682098,97.89361516116828,292.68941714277963,304.1567408028189,-0.40083482038372686,0.0003207232284438363,0.033886514432784565,0.052333895054904066,0.27630038001251145,0.07086263184683604,0.12331711670607567,1.7665204097168217,translation,,True,11,298.42307897279926,torch_cuda,cuda,OK,
8343,C:\Users\USER\Desktop\project\calibration\moire\datasets\test\0463_moire.jpg,C:\Users\USER\Desktop\project\calibration\moire\datasets\test\augmented_9x\0463_moire_blackbox_1.jpg,rectified_patch_gpu\008343_0463_moire_blackbox_1_to_orig.png,rectified_patch_gpu\008343_0463_moire_blackbox_1_absdiff.png,75.55570806809413,84.20585627538958,295.265695543527,306.94833688034504,0.15304493403204314,0.1597490181090133,0.25396279266901894,2.1926136061909514,5.2718687966322015,-2.8193817062253057,-8.48573674590147,1.61508760858297,blackbox,,True,15,301.107016211936,torch_cuda,cuda,OK,
8344,C:\Users\USER\Desktop\project\calibration\moire\datasets\test\0463_moire.jpg,C:\Users\USER\Desktop\project\calibration\moire\datasets\test\augmented_9x\0463_moire_blackbox_2.jpg,rectified_patch_gpu\008344_0463_moire_blackbox_2_to_orig.png,rectified_patch_gpu\008344_0463_moire_blackbox_2_absdiff.png,86.57466423128858,96.22526350290104,295.265695543527,306.94833688034504,0.15304493403204314,0.1597490181090133,0.25396279266901894,2.1926136061909514,5.2718687966322015,-2.8193817062253057,-8.48573674590147,1.61508760858297,blackbox,,True,15,301.107016211936,torch_cuda,cuda,OK,
8345,C:\Users\USER\Desktop\project\calibration\moire\datasets\test\0463_moire.jpg,C:\Users\USER\Desktop\project\calibration\moire\datasets\test\augmented_9x\0463_moire_blackbox_3.jpg,rectified_patch_gpu\008345_0463_moire_blackbox_3_to_orig.png,rectified_patch_gpu\008345_0463_moire_blackbox_3_absdiff.png,75.55570806809413,84.20585627538958,295.265695543527,306.94833688034504,0.15304493403204314,0.1597490181090133,0.25396279266901894,2.1926136061909514,5.2718687966322015,-2.8193817062253057,-8.48573674590147,1.61508760858297,blackbox,,True,15,301.107016211936,torch_cuda,cuda,OK,
8346,C:\Users\USER\Desktop\project\calibration\moire\datasets\test\0463_moire.jpg,C:\Users\USER\Desktop\project\calibration\moire\datasets\test\augmented_9x\0463_moire_rotation_1.jpg,rectified_patch_gpu\008346_0463_moire_rotation_1_to_orig.png,rectified_patch_gpu\008346_0463_moire_rotation_1_absdiff.png,89.55834092881945,97.23709945757861,295.265695543527,305.4602648741517,0.15304493403204314,0.1597490181090133,0.25396279266901894,2.1926136061909514,5.281192428486451,2.4939755631617304,-8.280554865050396,-2.640031137607291,rotation,,True,15,300.3629802088393,torch_cuda,cuda,OK,
8347,C:\Users\USER\Desktop\project\calibration\moire\datasets\test\0463_moire.jpg,C:\Users\USER\Desktop\project\calibration\moire\datasets\test\augmented_9x\0463_moire_rotation_2.jpg,rectified_patch_gpu\008347_0463_moire_rotation_2_to_orig.png,rectified_patch_gpu\008347_0463_moire_rotation_2_absdiff.png,76.88308220003859,88.74785410744157,305.5495669532617,269.34310533781013,6.224579838665605,1.0267917497115264,-8.958321451491624,-2.715199811083873,-0.09059023253752072,-0.3223552842696897,0.012012781121505667,1.3341429028163012,rotation,,True,22,287.44633614553595,torch_cuda,cuda,OK,
8348,C:\Users\USER\Desktop\project\calibration\moire\datasets\test\0463_moire.jpg,C:\Users\USER\Desktop\project\calibration\moire\datasets\test\augmented_9x\0463_moire_rotation_3.jpg,rectified_patch_gpu\008348_0463_moire_rotation_3_to_orig.png,rectified_patch_gpu\008348_0463_moire_rotation_3_absdiff.png,78.1099851707176,89.64952932526587,306.73285017458926,293.09581761865616,5.450051468371095,2.190206602300166,-8.330483941366792,-1.7425912028770771,0.2948463024511617,-0.29484630245121446,-0.029946280103804512,1.205862015279181,rotation,,True,9,299.9143338966227,torch_cuda,cuda,OK,
8349,C:\Users\USER\Desktop\project\calibration\moire\datasets\test\0463_moire.jpg,C:\Users\USER\Desktop\project\calibration\moire\datasets\test\augmented_9x\0463_moire_translation_1.jpg,rectified_patch_gpu\008349_0463_moire_translation_1_to_orig.png,rectified_patch_gpu\008349_0463_moire_translation_1_absdiff.png,53.745086323302466,64.2099239170012,295.265695543527,305.50865909798284,0.15304493403204314,0.1597490181090133,0.25396279266901894,2.1926136061909514,5.0132592077471045,-4.112101627691855,-9.154923995020553,-2.9802654163299143,translation,,True,15,300.3871773207549,torch_cuda,cuda,OK,
8350,C:\Users\USER\Desktop\project\calibration\moire\datasets\test\0463_moire.jpg,C:\Users\USER\Desktop\project\calibration\moire\datasets\test\augmented_9x\0463_moire_translation_2.jpg,rectified_patch_gpu\008350_0463_moire_translation_2_to_orig.png,rectified_patch_gpu\008350_0463_moire_translation_2_absdiff.png,83.24615137924383,90.54554201835754,295.265695543527,306.10473920954865,0.15304493403204314,0.1597490181090133,0.25396279266901894,2.1926136061909514,-1.7059350568246914,-5.620086379768972,-8.281710296290605,2.2176105523520717,translation,,True,15,300.6852173765378,torch_cuda,cuda,OK,
8351,C:\Users\USER\Desktop\project\calibration\moire\datasets\test\0463_moire.jpg,C:\Users\USER\Desktop\project\calibration\moire\datasets\test\augmented_9x\0463_moire_translation_3.jpg,rectified_patch_gpu\008351_0463_moire_translation_3_to_orig.png,rectified_patch_gpu\008351_0463_moire_translation_3_absdiff.png,66.77226634837963,82.65875133178776,306.7168109810182,294.35131990322486,-0.0016158740846553149,4.866577171595077,-6.565689169166985,1.7689063291039648,-0.0002826850345133779,-0.26426559366561175,0.17370990230854041,2.194910605089137,translation,,True,21,300.5340654421216,torch_cuda,cuda,OK,
8352,C:\Users\USER\Desktop\project\calibration\moire\datasets\test\0464_gt.jpg,C:\Users\USER\Desktop\project\calibration\moire\datasets\test\augmented_9x\0464_gt_blackbox_1.jpg,rectified_patch_gpu\008352_0464_gt_blackbox_1_to_orig.png,rectified_patch_gpu\008352_0464_gt_blackbox_1_absdiff.png,107.51250072337963,160.00027354803368,306.1537817449633,300.5899405809923,4.3104059769723975,-3.8481251498230744,-8.200173920801186,2.0617710254115207,0.06459475713450416,-0.3698458984633427,-0.003028800901759887,-194.38135409980822,blackbox,,True,23,303.3718611629778,torch_cuda,cuda,OK,
8353,C:\Users\USER\Desktop\project\calibration\moire\datasets\test\0464_gt.jpg,C:\Users\USER\Desktop\project\calibration\moire\datasets\test\augmented_9x\0464_gt_blackbox_2.jpg,rectified_patch_gpu\008353_0464_gt_blackbox_2_to_orig.png,rectified_patch_gpu\008353_0464_gt_blackbox_2_absdiff.png,71.11823977623457,127.74521921018061,306.4605776107092,293.29050702177665,-0.4489371936088622,-0.33430061811223727,0.03311610720880587,5.843456996755536,0.3355200766975254,-0.11229360353992697,0.05330786434582793,-0.2873988103880052,blackbox,,True,7,299.8755423162429,torch_cuda,cuda,OK,
8354,C:\Users\USER\Desktop\project\calibration\moire\datasets\test\0464_gt.jpg,C:\Users\USER\Desktop\project\calibration\moire\datasets\test\augmented_9x\0464_gt_blackbox_3.jpg,rectified_patch_gpu\008354_0464_gt_blackbox_3_to_orig.png,rectified_patch_gpu\008354_0464_gt_blackbox_3_absdiff.png,166.76601453993055,203.12859419689306,305.38104203956857,300.1774822906682,-0.0012775301351997882,-5.15651204523965,-7.233850212754394,2.6075900472920828,1.3554074238544365,0.0008267596311014719,-0.11297240288910348,-3.083679731186912,blackbox,,True,1,302.7792621651184,torch_cuda,cuda,OK,
8355,C:\Users\USER\Desktop\project\calibration\moire\datasets\test\0464_gt.jpg,C:\Users\USER\Desktop\project\calibration\moire\datasets\test\augmented_9x\0464_gt_rotation_1.jpg,rectified_patch_gpu\008355_0464_gt_rotation_1_to_orig.png,rectified_patch_gpu\008355_0464_gt_rotation_1_absdiff.png,82.69507366415895,139.21530721424134,304.8869064771149,305.6249546222975,-4.705957502481741,-0.020505749363522365,-5.969652875024876,-2.552580908390983,5.743907743574653,-2.8367861518797763,-9.011384881396985,-2.830805193442749,rotation,,True,11,305.2559305497062,torch_cuda,cuda,OK,
8356,C:\Users\USER\Desktop\project\calibration\moire\datasets\test\0464_gt.jpg,C:\Users\USER\Desktop\project\calibration\moire\datasets\test\augmented_9x\0464_gt_rotation_2.jpg,rectified_patch_gpu\008356_0464_gt_rotation_2_to_orig.png,rectified_patch_gpu\008356_0464_gt_rotation_2_absdiff.png,235.81505750868055,243.0369548321543,307.51908502396753,299.4487878785804,6.828754328372728,-0.015209862727611295,-9.676665563860631,1.3957398674535384,-0.11166253195142493,-0.18973108360605886,0.28268000923490116,-2.6890815982010547,rotation,,True,13,303.48393645127396,torch_cuda,cuda,OK,
8357,C:\Users\USER\Desktop\project\calibration\moire\datasets\test\0464_gt.jpg,C:\Users\USER\Desktop\project\calibration\moire\datasets\test\augmented_9x\0464_gt_rotation_3.jpg,rectified_patch_gpu\008357_0464_gt_rotation_3_to_orig.png,rectified_patch_gpu\008357_0464_gt_rotation_3_absdiff.png,188.6340658757716,216.3481085526638,305.3968111817656,305.2569653910452,-4.595922640629388,-4.101230419918222,-8.696213609036592,191.34311822828053,-3.179935850968842,0.0016485948304617094,-3.321460077611663,2.093703285607619,rotation,,True,16,305.3268882864054,torch_cuda,cuda,OK,
8358,C:\Users\USER\Desktop\project\calibration\moire\datasets\test\0464_gt.jpg,C:\Users\USER\Desktop\project\calibration\moire\datasets\test\augmented_9x\0464_gt_translation_1.jpg,rectified_patch_gpu\008358_0464_gt_translation_1_to_orig.png,rectified_patch_gpu\008358_0464_gt_translation_1_absdiff.png,195.8584056712963,220.7016492556911,304.8869064771149,291.67018580409706,-4.705957502481741,-0.020505749363522365,-5.969652875024876,-2.552580908390983,-0.00030934405660921436,0.3716400750599618,0.055803324682723116,-2.1224241056546793,translation,,True,11,298.27854614060595,torch_cuda,cuda,OK,
8359,C:\Users\USER\Desktop\project\calibration\moire\datasets\test\0464_gt.jpg,C:\Users\USER\Desktop\project\calibration\moire\datasets\test\augmented_9x\0464_gt_translation_2.jpg,rectified_patch_gpu\008359_0464_gt_translation_2_to_orig.png,rectified_patch_gpu\008359_0464_gt_translation_2_absdiff.png,235.7459107349537,242.9999587440388,304.8869064771149,302.60471598993695,-4.705957502481741,-0.020505749363522365,-5.969652875024876,-2.552580908390983,-0.08939734915702974,0.00027890773266726757,0.2989670855633076,2.3613276504415004,translation,,True,11,303.74581123352596,torch_cuda,cuda,OK,
8360,C:\Users\USER\Desktop\project\calibration\moire\datasets\test\0464_gt.jpg,C:\Users\USER\Desktop\project\calibration\moire\datasets\test\augmented_9x\0464_gt_translation_3.jpg,rectified_patch_gpu\008360_0464_gt_translation_3_to_orig.png,rectified_patch_gpu\008360_0464_gt_translation_3_absdiff.png,120.6926507040895,170.67167393791638,305.5519739887519,304.37965237651076,4.527710048047624,-3.4456545120627924,-8.039108043178505,2.4496228040592354,1.5139411484130905,-4.713025068407672,-6.421034282070937,-78.58193378428712,translation,,True,12,304.96581318263134,torch_cuda,cuda,OK,
8361,C:\Users\USER\Desktop\project\calibration\moire\datasets\test\0464_moire.jpg,C:\Users\USER\Desktop\project\calibration\moire\datasets\test\augmented_9x\0464_moire_blackbox_1.jpg,rectified_patch_gpu\008361_0464_moire_blackbox_1_to_orig.png,rectified_patch_gpu\008361_0464_moire_blackbox_1_absdiff.png,57.7565421248071,85.86393335808489,304.5191487461601,304.81635101971546,-0.24234692795774276,-0.07274374444579726,0.1799294724042584,1.5492847252109105,3.2392317804099227,-1.9760438359916095,-4.69436577573817,2.360463815395197,blackbox,,True,22,304.66774988293776,torch_cuda,cuda,OK,
8362,C:\Users\USER\Desktop\project\calibration\moire\datasets\test\0464_moire.jpg,C:\Users\USER\Desktop\project\calibration\moire\datasets\test\augmented_9x\0464_moire_blackbox_2.jpg,rectified_patch_gpu\008362_0464_moire_blackbox_2_to_orig.png,rectified_patch_gpu\008362_0464_moire_blackbox_2_absdiff.png,174.62057436342593,184.866932290015,304.5191487461601,304.81635101971546,-0.24234692795774276,-0.07274374444579726,0.1799294724042584,1.5492847252109105,3.2392317804099227,-1.9760438359916095,-4.69436577573817,2.360463815395197,blackbox,,True,22,304.66774988293776,torch_cuda,cuda,OK,
8363,C:\Users\USER\Desktop\project\calibration\moire\datasets\test\0464_moire.jpg,C:\Users\USER\Desktop\project\calibration\moire\datasets\test\augmented_9x\0464_moire_blackbox_3.jpg,rectified_patch_gpu\008363_0464_moire_blackbox_3_to_orig.png,rectified_patch_gpu\008363_0464_moire_blackbox_3_absdiff.png,57.674717881944446,85.76531791994331,304.5191487461601,304.81635101971546,-0.24234692795774276,-0.07274374444579726,0.1799294724042584,1.5492847252109105,3.2392317804099227,-1.9760438359916095,-4.69436577573817,2.360463815395197,blackbox,,True,22,304.66774988293776,torch_cuda,cuda,OK,
8364,C:\Users\USER\Desktop\project\calibration\moire\datasets\test\0464_moire.jpg,C:\Users\USER\Desktop\project\calibration\moire\datasets\test\augmented_9x\0464_moire_rotation_1.jpg,rectified_patch_gpu\008364_0464_moire_rotation_1_to_orig.png,rectified_patch_gpu\008364_0464_moire_rotation_1_absdiff.png,147.56679060570988,166.37475717687917,307.2763238808126,301.3177999675975,-1.3290219032069785,1.6202322949161143,-2.6342290538806807,1.3689143926140848,0.2914436087587189,0.056596433966363636,0.0943022925795254,1.2787008516939693,rotation,,True,16,304.2970619242051,torch_cuda,cuda,OK,
8365,C:\Users\USER\Desktop\project\calibration\moire\datasets\test\0464_moire.jpg,C:\Users\USER\Desktop\project\calibration\moire\datasets\test\augmented_9x\0464_moire_rotation_2.jpg,rectified_patch_gpu\008365_0464_moire_rotation_2_to_orig.png,rectified_patch_gpu\008365_0464_moire_rotation_2_absdiff.png,102.71536892361111,135.73293905533308,306.03939634840276,302.0910969050385,-3.2542189315634573,0.1552345961281425,-4.150535403638408,2.5663813151712054,2.067640089533501,-1.6363733441994512,-2.4228846917983295,2.846793918873223,rotation,,True,15,304.06524662672064,torch_cuda,cuda,OK,
8366,C:\Users\USER\Desktop\project\calibration\moire\datasets\test\0464_moire.jpg,C:\Users\USER\Desktop\project\calibration\moire\datasets\test\augmented_9x\0464_moire_rotation_3.jpg,rectified_patch_gpu\008366_0464_moire_rotation_3_to_orig.png,rectified_patch_gpu\008366_0464_moire_rotation_3_absdiff.png,178.37612883391205,186.7859961030415,307.3980692645602,299.9886838273605,1.6232596439710427,0.36054608015282463,-2.187711584698098,-1.387410062313539,0.1074565696692908,0.0531974550998221,0.30724254849044985,2.4511008595645936,rotation,,True,10,303.69337654596035,torch_cuda,cuda,OK,
8367,C:\Users\USER\Desktop\project\calibration\moire\datasets\test\0464_moire.jpg,C:\Users\USER\Desktop\project\calibration\moire\datasets\test\augmented_9x\0464_moire_translation_1.jpg,rectified_patch_gpu\008367_0464_moire_translation_1_to_orig.png,rectified_patch_gpu\008367_0464_moire_translation_1_absdiff.png,93.22233663676697,124.59558749916528,304.5191487461601,300.93392189661193,-0.24234692795774276,-0.07274374444579726,0.1799294724042584,1.5492847252109105,-0.16491246910820836,-0.06257630260474195,0.24962122655108593,2.48501766803364,translation,,True,22,302.726535321386,torch_cuda,cuda,OK,
8368,C:\Users\USER\Desktop\project\calibration\moire\datasets\test\0464_moire.jpg,C:\Users\USER\Desktop\project\calibration\moire\datasets\test\augmented_9x\0464_moire_translation_2.jpg,rectified_patch_gpu\008368_0464_moire_translation_2_to_orig.png,rectified_patch_gpu\008368_0464_moire_translation_2_absdiff.png,73.55876760223765,110.9519016147667,322.7076948650146,285.02833207059723,0.32117189596777,0.031277707245340264,-0.056841796729326474,1.310308067620694,-0.18690473388518225,-0.5314289405430908,0.02984810240666691,1.3818031811450064,translation,,True,24,303.8680134678059,torch_cuda,cuda,OK,
8369,C:\Users\USER\Desktop\project\calibration\moire\datasets\test\0464_moire.jpg,C:\Users\USER\Desktop\project\calibration\moire\datasets\test\augmented_9x\0464_moire_translation_3.jpg,rectified_patch_gpu\008369_0464_moire_translation_3_to_orig.png,rectified_patch_gpu\008369_0464_moire_translation_3_absdiff.png,44.99359929591049,70.51751912277612,304.5191487461601,307.46582832471995,-0.24234692795774276,-0.07274374444579726,0.1799294724042584,1.5492847252109105,-3.3702464625620503,-3.651332105071187,-6.641833739332826,1.6160846416033912,translation,,True,22,305.99248853544003,torch_cuda,cuda,OK,
8370,C:\Users\USER\Desktop\project\calibration\moire\datasets\test\0465_gt.jpg,C:\Users\USER\Desktop\project\calibration\moire\datasets\test\augmented_9x\0465_gt_blackbox_1.jpg,rectified_patch_gpu\008370_0465_gt_blackbox_1_to_orig.png,rectified_patch_gpu\008370_0465_gt_blackbox_1_absdiff.png,76.51986026716821,88.69340797040395,294.93022024026084,307.25689622310455,-0.0002963796445707178,-0.1024677726788118,0.315364787755166,-2.8588975381731627,-0.0011863847620422227,5.980950677473878,-8.434268722792511,-1.5504050205056246,blackbox,,True,14,301.09355823168266,torch_cuda,cuda,OK,
8371,C:\Users\USER\Desktop\project\calibration\moire\datasets\test\0465_gt.jpg,C:\Users\USER\Desktop\project\calibration\moire\datasets\test\augmented_9x\0465_gt_blackbox_2.jpg,rectified_patch_gpu\008371_0465_gt_blackbox_2_to_orig.png,rectified_patch_gpu\008371_0465_gt_blackbox_2_absdiff.png,143.9178379388503,154.32908571273288,294.93022024026084,307.25689622310455,-0.0002963796445707178,-0.1024677726788118,0.315364787755166,-2.8588975381731627,-0.0011863847620422227,5.980950677473878,-8.434268722792511,-1.5504050205056246,blackbox,,True,14,301.09355823168266,torch_cuda,cuda,OK,
8372,C:\Users\USER\Desktop\project\calibration\moire\datasets\test\0465_gt.jpg,C:\Users\USER\Desktop\project\calibration\moire\datasets\test\augmented_9x\0465_gt_blackbox_3.jpg,rectified_patch_gpu\008372_0465_gt_blackbox_3_to_orig.png,rectified_patch_gpu\008372_0465_gt_blackbox_3_absdiff.png,76.51986026716821,88.69340797040395,294.93022024026084,307.25689622310455,-0.0002963796445707178,-0.1024677726788118,0.315364787755166,-2.8588975381731627,-0.0011863847620422227,5.980950677473878,-8.434268722792511,-1.5504050205056246,blackbox,,True,14,301.09355823168266,torch_cuda,cuda,OK,
8373,C:\Users\USER\Desktop\project\calibration\moire\datasets\test\0465_gt.jpg,C:\Users\USER\Desktop\project\calibration\moire\datasets\test\augmented_9x\0465_gt_rotation_1.jpg,rectified_patch_gpu\008373_0465_gt_rotation_1_to_orig.png,rectified_patch_gpu\008373_0465_gt_rotation_1_absdiff.png,68.20701991705246,82.3297092299875,294.93022024026084,305.12745708985216,-0.0002963796445707178,-0.1024677726788118,0.315364787755166,-2.8588975381731627,-0.0017210549235499866,-4.4225719550507225,-5.712719560996463,-2.385408143685276,rotation,,True,14,300.02883866505647,torch_cuda,cuda,OK,
8374,C:\Users\USER\Desktop\project\calibration\moire\datasets\test\0465_gt.jpg,C:\Users\USER\Desktop\project\calibration\moire\datasets\test\augmented_9x\0465_gt_rotation_2.jpg,rectified_patch_gpu\008374_0465_gt_rotation_2_to_orig.png,rectified_patch_gpu\008374_0465_gt_rotation_2_absdiff.png,95.53707380883488,113.0942356873805,294.93022024026084,309.1153846898022,-0.0002963796445707178,-0.1024677726788118,0.315364787755166,-2.8588975381731627,0.17973987350770088,0.0002717108746889928,0.24515295853276808,2.041849631366871,rotation,,True,14,302.02280246503153,torch_cuda,cuda,OK,
8375,C:\Users\USER\Desktop\project\calibration\moire\datasets\test\0465_gt.jpg,C:\Users\USER\Desktop\project\calibration\moire\datasets\test\augmented_9x\0465_gt_rotation_3.jpg,rectified_patch_gpu\008375_0465_gt_rotation_3_to_orig.png,rectified_patch_gpu\008375_0465_gt_rotation_3_absdiff.png,70.12165919174383,82.62962568881555,294.93022024026084,308.1854361053728,-0.0002963796445707178,-0.1024677726788118,0.315364787755166,-2.8588975381731627,-5.679054955005695,0.0012463376162193361,-7.982135483748031,1.0584386532837868,rotation,,True,14,301.5578281728168,torch_cuda,cuda,OK,
8376,C:\Users\USER\Desktop\project\calibration\moire\datasets\test\0465_gt.jpg,C:\Users\USER\Desktop\project\calibration\moire\datasets\test\augmented_9x\0465_gt_translation_1.jpg,rectified_patch_gpu\008376_0465_gt_translation_1_to_orig.png,rectified_patch_gpu\008376_0465_gt_translation_1_absdiff.png,70.27213999807098,88.69451506330488,294.93022024026084,308.64630532071425,-0.0002963796445707178,-0.1024677726788118,0.315364787755166,-2.8588975381731627,4.505300766289501,-3.736282021933957,-8.275376964723275,0.6266452111735301,translation,,True,14,301.78826278048757,torch_cuda,cuda,OK,
8377,C:\Users\USER\Desktop\project\calibration\moire\datasets\test\0465_gt.jpg,C:\Users\USER\Desktop\project\calibration\moire\datasets\test\augmented_9x\0465_gt_translation_2.jpg,rectified_patch_gpu\008377_0465_gt_translation_2_to_orig.png,rectified_patch_gpu\008377_0465_gt_translation_2_absdiff.png,143.47825171199847,154.0222317050338,309.04173739280384,283.57088163622586,5.996446271570237,0.8167534380244006,-8.5992781098317,-0.03445464108647278,-0.34161109714299653,0.1196087887353912,-0.8275732074575225,-2836.786943184861,translation,,True,8,296.30630951451485,torch_cuda,cuda,OK,
8378,C:\Users\USER\Desktop\project\calibration\moire\datasets\test\0465_gt.jpg,C:\Users\USER\Desktop\project\calibration\moire\datasets\test\augmented_9x\0465_gt_translation_3.jpg,rectified_patch_gpu\008378_0465_gt_translation_3_to_orig.png,rectified_patch_gpu\008378_0465_gt_translation_3_absdiff.png,86.46171549479166,104.90528407408166,306.04914550835383,281.53065718242635,1.2849165284654207,4.58942221619734,-6.096673734429931,-165.2603231058061,-0.00034911326930260524,0.42190758289480595,0.03556686252022573,2.632083074591255,translation,,True,21,293.7899013453901,torch_cuda,cuda,OK,
8379,C:\Users\USER\Desktop\project\calibration\moire\datasets\test\0465_moire.jpg,C:\Users\USER\Desktop\project\calibration\moire\datasets\test\augmented_9x\0465_moire_blackbox_1.jpg,rectified_patch_gpu\008379_0465_moire_blackbox_1_to_orig.png,rectified_patch_gpu\008379_0465_moire_blackbox_1_absdiff.png,162.66188524787808,174.47253738200752,305.2424357647228,292.0098386179258,-0.3688256588844158,-5.246986205704728,-7.226129692242197,-40.230383039845236,-0.06775543277323545,-0.20732365280812431,0.22505961880281938,2.216771802490558,blackbox,,True,19,298.62613719132435,torch_cuda,cuda,OK,
8380,C:\Users\USER\Desktop\project\calibration\moire\datasets\test\0465_moire.jpg,C:\Users\USER\Desktop\project\calibration\moire\datasets\test\augmented_9x\0465_moire_blackbox_2.jpg,rectified_patch_gpu\008380_0465_moire_blackbox_2_to_orig.png,rectified_patch_gpu\008380_0465_moire_blackbox_2_absdiff.png,162.39435739776235,174.2456618331699,305.2424357647228,292.0098386179258,-0.3688256588844158,-5.246986205704728,-7.226129692242197,-40.230383039845236,-0.06775543277323545,-0.20732365280812431,0.22505961880281938,2.216771802490558,blackbox,,True,19,298.62613719132435,torch_cuda,cuda,OK,
8381,C:\Users\USER\Desktop\project\calibration\moire\datasets\test\0465_moire.jpg,C:\Users\USER\Desktop\project\calibration\moire\datasets\test\augmented_9x\0465_moire_blackbox_3.jpg,rectified_patch_gpu\008381_0465_moire_blackbox_3_to_orig.png,rectified_patch_gpu\008381_0465_moire_blackbox_3_absdiff.png,102.79456428433642,125.8440921872599,305.0116038705173,303.9262699031426,4.792110258488944,0.0015234434418029668,-6.562679580718076,2.9017325945369286,-3.0335336165216704,3.0335336173492653,-5.065968551069602,3.141592653589793,blackbox,,True,24,304.46893688682997,torch_cuda,cuda,OK,
8382,C:\Users\USER\Desktop\project\calibration\moire\datasets\test\0465_moire.jpg,C:\Users\USER\Desktop\project\calibration\moire\datasets\test\augmented_9x\0465_moire_rotation_1.jpg,rectified_patch_gpu\008382_0465_moire_rotation_1_to_orig.png,rectified_patch_gpu\008382_0465_moire_rotation_1_absdiff.png,169.53649920428242,179.51363329184738,307.1956493195617,295.7669157535058,-2.6254115485417913,-0.13111170616673862,-3.38557931613925,-1.5680597884087222,0.003189926307348862,0.00029526552322847586,0.33033910722140347,-3.0952301769557695,rotation,,True,12,301.48128253653374,torch_cuda,cuda,OK,
8383,C:\Users\USER\Desktop\project\calibration\moire\datasets\test\0465_moire.jpg,C:\Users\USER\Desktop\project\calibration\moire\datasets\test\augmented_9x\0465_moire_rotation_2.jpg,rectified_patch_gpu\008383_0465_moire_rotation_2_to_orig.png,rectified_patch_gpu\008383_0465_moire_rotation_2_absdiff.png,140.93503942418982,158.0788826635916,308.4261682618233,286.4258743528978,4.377112165840689,3.156914274089302,-7.535013945009766,1.0776602875570909,-0.00027709828447119013,0.26936202230039946,0.15342880399247813,2.47834231211288,rotation,,True,9,297.42602130736054,torch_cuda,cuda,OK,
8384,C:\Users\USER\Desktop\project\calibration\moire\datasets\test\0465_moire.jpg,C:\Users\USER\Desktop\project\calibration\moire\datasets\test\augmented_9x\0465_moire_rotation_3.jpg,rectified_patch_gpu\008384_0465_moire_rotation_3_to_orig.png,rectified_patch_gpu\008384_0465_moire_rotation_3_absdiff.png,95.42743549864969,119.92423857706166,305.0116038705173,303.9262699031426,4.792110258488944,0.0015234434418029668,-6.562679580718076,2.9017325945369286,-3.0335336165216704,3.0335336173492653,-5.065968551069602,3.141592653589793,rotation,,True,24,304.46893688682997,torch_cuda,cuda,OK,
8385,C:\Users\USER\Desktop\project\calibration\moire\datasets\test\0465_moire.jpg,C:\Users\USER\Desktop\project\calibration\moire\datasets\test\augmented_9x\0465_moire_translation_1.jpg,rectified_patch_gpu\008385_0465_moire_translation_1_to_orig.png,rectified_patch_gpu\008385_0465_moire_translation_1_absdiff.png,118.08412796585648,140.10738118773781,305.0116038705173,298.9783590015936,4.792110258488944,0.0015234434418029668,-6.562679580718076,2.9017325945369286,-1.1211764028736404,1.3843288764114923,-1.1218473533099425,115.87375778812357,translation,,True,24,301.99498143605547,torch_cuda,cuda,OK,
8386,C:\Users\USER\Desktop\project\calibration\moire\datasets\test\0465_moire.jpg,C:\Users\USER\Desktop\project\calibration\moire\datasets\test\augmented_9x\0465_moire_translation_2.jpg,rectified_patch_gpu\008386_0465_moire_translation_2_to_orig.png,rectified_patch_gpu\008386_0465_moire_translation_2_absdiff.png,167.9529147376543,178.66328353723796,305.2424357647228,284.7176217916761,-0.3688256588844158,-5.246986205704728,-7.226129692242197,-40.230383039845236,0.007559538864595089,-0.2625500640856994,0.20264587855138003,-2.738966955749056,translation,,True,19,294.9800287781994,torch_cuda,cuda,OK,
8387,C:\Users\USER\Desktop\project\calibration\moire\datasets\test\0465_moire.jpg,C:\Users\USER\Desktop\project\calibration\moire\datasets\test\augmented_9x\0465_moire_translation_3.jpg,rectified_patch_gpu\008387_0465_moire_translation_3_to_orig.png,rectified_patch_gpu\008387_0465_moire_translation_3_absdiff.png,112.20986123167438,134.45340230583093,308.5576579304926,302.0550800832365,-2.534853760702954,-2.9442799872753254,-4.629313340960193,1.3241618758663845,1.569264955704036,2.1206207301007467,-2.397200008120769,-373.3091642656022,translation,,True,21,305.30636900686454,torch_cuda,cuda,OK,
8388,C:\Users\USER\Desktop\project\calibration\moire\datasets\test\0466_gt.jpg,C:\Users\USER\Desktop\project\calibration\moire\datasets\test\augmented_9x\0466_gt_blackbox_1.jpg,rectified_patch_gpu\008388_0466_gt_blackbox_1_to_orig.png,rectified_patch_gpu\008388_0466_gt_blackbox_1_absdiff.png,121.53823929398148,135.4445827662494,308.9379215778704,292.2358391787619,-4.241523753946362,-2.113401627508545,-6.359042462965203,0.9047933116641113,-0.13430661977295416,-0.22730035733895756,0.16415517399185667,1.5378031815913167,blackbox,,True,9,300.58688037831615,torch_cuda,cuda,OK,
8389,C:\Users\USER\Desktop\project\calibration\moire\datasets\test\0466_gt.jpg,C:\Users\USER\Desktop\project\calibration\moire\datasets\test\augmented_9x\0466_gt_blackbox_2.jpg,rectified_patch_gpu\008389_0466_gt_blackbox_2_to_orig.png,rectified_patch_gpu\008389_0466_gt_blackbox_2_absdiff.png,103.55572036554784,120.16113836351333,308.9379215778704,292.2358391787619,-4.241523753946362,-2.113401627508545,-6.359042462965203,0.9047933116641113,-0.13430661977295416,-0.22730035733895756,0.16415517399185667,1.5378031815913167,blackbox,,True,9,300.58688037831615,torch_cuda,cuda,OK,
8390,C:\Users\USER\Desktop\project\calibration\moire\datasets\test\0466_gt.jpg,C:\Users\USER\Desktop\project\calibration\moire\datasets\test\augmented_9x\0466_gt_blackbox_3.jpg,rectified_patch_gpu\008390_0466_gt_blackbox_3_to_orig.png,rectified_patch_gpu\008390_0466_gt_blackbox_3_absdiff.png,103.44294801311729,120.05333762299695,308.9379215778704,292.2358391787619,-4.241523753946362,-2.113401627508545,-6.359042462965203,0.9047933116641113,-0.13430661977295416,-0.22730035733895756,0.16415517399185667,1.5378031815913167,blackbox,,True,9,300.58688037831615,torch_cuda,cuda,OK,
8391,C:\Users\USER\Desktop\project\calibration\moire\datasets\test\0466_gt.jpg,C:\Users\USER\Desktop\project\calibration\moire\datasets\test\augmented_9x\0466_gt_rotation_1.jpg,rectified_patch_gpu\008391_0466_gt_rotation_1_to_orig.png,rectified_patch_gpu\008391_0466_gt_rotation_1_absdiff.png,136.57547453703702,144.9264644846644,305.0664880957908,299.0096777625206,1.2805227178559753,-5.026972158858074,-7.1762070886312195,2.7189357471605895,0.1892523205843031,0.11655958839168669,0.22382469016789133,2.044962446212635,rotation,,True,7,302.03808292915573,torch_cuda,cuda,OK,
8392,C:\Users\USER\Desktop\project\calibration\moire\datasets\test\0466_gt.jpg,C:\Users\USER\Desktop\project\calibration\moire\datasets\test\augmented_9x\0466_gt_rotation_2.jpg,rectified_patch_gpu\008392_0466_gt_rotation_2_to_orig.png,rectified_patch_gpu\008392_0466_gt_rotation_2_absdiff.png,51.03939151716821,79.75519483112758,305.0664880957908,305.41950196863013,1.2805227178559753,-5.026972158858074,-7.1762070886312195,2.7189357471605895,-1.607956328919541,-5.002471151527281,-7.338084995570956,2.6259871194970485,rotation,,True,7,305.2429950322105,torch_cuda,cuda,OK,
8393,C:\Users\USER\Desktop\project\calibration\moire\datasets\test\0466_gt.jpg,C:\Users\USER\Desktop\project\calibration\moire\datasets\test\augmented_9x\0466_gt_rotation_3.jpg,rectified_patch_gpu\008393_0466_gt_rotation_3_to_orig.png,rectified_patch_gpu\008393_0466_gt_rotation_3_absdiff.png,87.45191273630401,113.28637277742195,305.6525028119309,303.9262699031426,5.739477944601502,0.47075329638581265,-8.143873805971126,2.5397028947076055,-3.0335336165216704,3.0335336173492653,-5.065968551069602,3.141592653589793,rotation,,True,0,304.7893863575367,torch_cuda,cuda,OK,
8394,C:\Users\USER\Desktop\project\calibration\moire\datasets\test\0466_gt.jpg,C:\Users\USER\Desktop\project\calibration\moire\datasets\test\augmented_9x\0466_gt_translation_1.jpg,rectified_patch_gpu\008394_0466_gt_translation_1_to_orig.png,rectified_patch_gpu\008394_0466_gt_translation_1_absdiff.png,66.96520375192901,87.90611367433571,304.16126063482506,305.68249190335524,3.663246624048607,-0.5078878044150928,-4.2732000814913045,-2.7747810900637897,4.386716786854894,0.5343697091126667,-5.736344140600931,2.2196492800070287,translation,,True,1,304.92187626909015,torch_cuda,cuda,OK,
8395,C:\Users\USER\Desktop\project\calibration\moire\datasets\test\0466_gt.jpg,C:\Users\USER\Desktop\project\calibration\moire\datasets\test\augmented_9x\0466_gt_translation_2.jpg,rectified_patch_gpu\008395_0466_gt_translation_2_to_orig.png,rectified_patch_gpu\008395_0466_gt_translation_2_absdiff.png,56.801303168402775,76.375374749193,316.5436285915393,284.72962030986986,-0.00031817722392481717,-0.18954385732017232,0.25316840361878784,1.4656847545069187,-0.02165211772857335,0.30923331943209603,-0.04184720510841888,1.7136181834386357,translation,,True,11,300.6366244507046,torch_cuda,cuda,OK,
8396,C:\Users\USER\Desktop\project\calibration\moire\datasets\test\0466_gt.jpg,C:\Users\USER\Desktop\project\calibration\moire\datasets\test\augmented_9x\0466_gt_translation_3.jpg,rectified_patch_gpu\008396_0466_gt_translation_3_to_orig.png,rectified_patch_gpu\008396_0466_gt_translation_3_absdiff.png,55.35625831886574,73.36045436465177,312.6872216663909,285.8806128782184,-0.22750572561060953,0.0002762103727934883,0.20911278412252005,1.6942694450642668,0.11573484638417694,0.60448040845122,0.012320138443936202,1.8214458182653752,translation,,True,21,299.2839172723046,torch_cuda,cuda,OK,
8397,C:\Users\USER\Desktop\project\calibration\moire\datasets\test\0466_moire.jpg,C:\Users\USER\Desktop\project\calibration\moire\datasets\test\augmented_9x\0466_moire_blackbox_1.jpg,rectified_patch_gpu\008397_0466_moire_blackbox_1_to_orig.png,rectified_patch_gpu\008397_0466_moire_blackbox_1_absdiff.png,138.03333658854166,148.02160236747017,304.7620032380516,285.998886252835,4.516272869915202,-1.318604263654228,-6.2896682887818365,-3.0627713198960778,-0.027515690621443115,-0.22571508800712597,0.21188599482258208,-3.0639339114721698,blackbox,,True,22,295.3804447454433,torch_cuda,cuda,OK,
8398,C:\Users\USER\Desktop\project\calibration\moire\datasets\test\0466_moire.jpg,C:\Users\USER\Desktop\project\calibration\moire\datasets\test\augmented_9x\0466_moire_blackbox_2.jpg,rectified_patch_gpu\008398_0466_moire_blackbox_2_to_orig.png,rectified_patch_gpu\008398_0466_moire_blackbox_2_absdiff.png,138.07532238618828,148.0512308860322,304.7620032380516,285.998886252835,4.516272869915202,-1.318604263654228,-6.2896682887818365,-3.0627713198960778,-0.027515690621443115,-0.22571508800712597,0.21188599482258208,-3.0639339114721698,blackbox,,True,22,295.3804447454433,torch_cuda,cuda,OK,
8399,C:\Users\USER\Desktop\project\calibration\moire\datasets\test\0466_moire.jpg,C:\Users\USER\Desktop\project\calibration\moire\datasets\test\augmented_9x\0466_moire_blackbox_3.jpg,rectified_patch_gpu\008399_0466_moire_blackbox_3_to_orig.png,rectified_patch_gpu\008399_0466_moire_blackbox_3_absdiff.png,138.1985708429784,148.14698215460933,304.7620032380516,285.998886252835,4.516272869915202,-1.318604263654228,-6.2896682887818365,-3.0627713198960778,-0.027515690621443115,-0.22571508800712597,0.21188599482258208,-3.0639339114721698,blackbox,,True,22,295.3804447454433,torch_cuda,cuda,OK,
8400,C:\Users\USER\Desktop\project\calibration\moire\datasets\test\0466_moire.jpg,C:\Users\USER\Desktop\project\calibration\moire\datasets\test\augmented_9x\0466_moire_rotation_1.jpg,rectified_patch_gpu\008400_0466_moire_rotation_1_to_orig.png,rectified_patch_gpu\008400_0466_moire_rotation_1_absdiff.png,61.652249348958335,78.51403760449263,295.55169234441433,304.68800130889383,-0.062366527795636915,0.07107103655733371,0.29804406560845154,-3.0774344033617886,1.8597919844925435,-4.1340683397715186,-6.02742244256596,2.727070912788384,rotation,,True,18,300.1198468266541,torch_cuda,cuda,OK,
8401,C:\Users\USER\Desktop\project\calibration\moire\datasets\test\0466_moire.jpg,C:\Users\USER\Desktop\project\calibration\moire\datasets\test\augmented_9x\0466_moire_rotation_2.jpg,rectified_patch_gpu\008401_0466_moire_rotation_2_to_orig.png,rectified_patch_gpu\008401_0466_moire_rotation_2_absdiff.png,63.4756772038966,80.91358498170757,292.08740180808263,305.68584687453847,-0.12345365285897458,0.26779764012607693,0.10509663834033865,-3.017821089264125,-4.049905215759766,-0.21743012983726734,-5.146061333606753,2.167934222056364,rotation,,True,17,298.88662434131055,torch_cuda,cuda,OK,
8402,C:\Users\USER\Desktop\project\calibration\moire\datasets\test\0466_moire.jpg,C:\Users\USER\Desktop\project\calibration\moire\datasets\test\augmented_9x\0466_moire_rotation_3.jpg,rectified_patch_gpu\008402_0466_moire_rotation_3_to_orig.png,rectified_patch_gpu\008402_0466_moire_rotation_3_absdiff.png,62.43479648919753,79.69880130162495,292.08740180808263,305.471933059262,-0.12345365285897458,0.26779764012607693,0.10509663834033865,-3.017821089264125,3.196003944140058,-4.708299983244803,-7.943037295353262,-123.27472359661515,rotation,,True,17,298.77966743367233,torch_cuda,cuda,OK,
8403,C:\Users\USER\Desktop\project\calibration\moire\datasets\test\0466_moire.jpg,C:\Users\USER\Desktop\project\calibration\moire\datasets\test\augmented_9x\0466_moire_translation_1.jpg,rectified_patch_gpu\008403_0466_moire_translation_1_to_orig.png,rectified_patch_gpu\008403_0466_moire_translation_1_absdiff.png,72.74541039737655,86.3553481244292,315.4163676890218,279.7639974629663,-0.0011371833303778715,-0.09536629102273615,0.29800121607200336,1.5554608120699391,0.020357126903272512,0.27456594927788575,0.13498439892341763,-2.9541677661936165,translation,,True,5,297.59018257599405,torch_cuda,cuda,OK,
8404,C:\Users\USER\Desktop\project\calibration\moire\datasets\test\0466_moire.jpg,C:\Users\USER\Desktop\project\calibration\moire\datasets\test\augmented_9x\0466_moire_translation_2.jpg,rectified_patch_gpu\008404_0466_moire_translation_2_to_orig.png,rectified_patch_gpu\008404_0466_moire_translation_2_absdiff.png,97.18845630787037,113.18288687481653,292.08740180808263,307.606970561279,-0.12345365285897458,0.26779764012607693,0.10509663834033865,-3.017821089264125,-0.27634227346031937,0.007873906491882684,0.13449681923399945,0.3514678619279553,translation,,True,17,299.8471861846808,torch_cuda,cuda,OK,
8405,C:\Users\USER\Desktop\project\calibration\moire\datasets\test\0466_moire.jpg,C:\Users\USER\Desktop\project\calibration\moire\datasets\test\augmented_9x\0466_moire_translation_3.jpg,rectified_patch_gpu\008405_0466_moire_translation_3_to_orig.png,rectified_patch_gpu\008405_0466_moire_translation_3_absdiff.png,63.554224416473765,83.7914458503373,303.5920143959314,305.8164429480303,0.1664548545373386,-3.5189643004443196,-3.871921707831189,2.717776896617053,1.0602753508631917,6.210717730619706,-8.104360755005239,2.78651443289584,translation,,True,2,304.7042286719809,torch_cuda,cuda,OK,
8406,C:\Users\USER\Desktop\project\calibration\moire\datasets\test\0467_gt.jpg,C:\Users\USER\Desktop\project\calibration\moire\datasets\test\augmented_9x\0467_gt_blackbox_1.jpg,rectified_patch_gpu\008406_0467_gt_blackbox_1_to_orig.png,rectified_patch_gpu\008406_0467_gt_blackbox_1_absdiff.png,71.05063946759259,84.74679381983206,303.9757302357987,302.87253783524784,-0.11196481560944538,0.0002810161740863473,0.2937918092712068,2.2962499459465096,0.1245498081872115,0.0002785425424907157,0.28566355711031094,-2.4276225441301236,blackbox,,True,11,303.42413403552325,torch_cuda,cuda,OK,
8407,C:\Users\USER\Desktop\project\calibration\moire\datasets\test\0467_gt.jpg,C:\Users\USER\Desktop\project\calibration\moire\datasets\test\augmented_9x\0467_gt_blackbox_2.jpg,rectified_patch_gpu\008407_0467_gt_blackbox_2_to_orig.png,rectified_patch_gpu\008407_0467_gt_blackbox_2_absdiff.png,84.85629159432871,97.77209232639434,305.3547915227536,285.4344687445434,5.326418129315307,2.5839139342388258,-8.368325571194768,2.9352058072905973,0.41763001594672033,0.13827219533579063,-0.07180016824834257,-65.06807681782323,blackbox,,True,13,295.3946301336485,torch_cuda,cuda,OK,
8408,C:\Users\USER\Desktop\project\calibration\moire\datasets\test\0467_gt.jpg,C:\Users\USER\Desktop\project\calibration\moire\datasets\test\augmented_9x\0467_gt_blackbox_3.jpg,rectified_patch_gpu\008408_0467_gt_blackbox_3_to_orig.png,rectified_patch_gpu\008408_0467_gt_blackbox_3_absdiff.png,59.376376711998454,73.4831582199631,301.7351234365176,303.9262699031426,1.8926900329053091,2.181473002169735,-2.5705537266833938,-2.9764358857810045,-3.0335336165216704,3.0335336173492653,-5.065968551069602,3.141592653589793,blackbox,,True,24,302.8306966698301,torch_cuda,cuda,OK,
8409,C:\Users\USER\Desktop\project\calibration\moire\datasets\test\0467_gt.jpg,C:\Users\USER\Desktop\project\calibration\moire\datasets\test\augmented_9x\0467_gt_rotation_1.jpg,rectified_patch_gpu\008409_0467_gt_rotation_1_to_orig.png,rectified_patch_gpu\008409_0467_gt_rotation_1_absdiff.png,75.71407323013118,89.89530365560555,309.7018357144764,294.3224906703131,3.803663511412602,2.5488951045174795,-6.054967149866218,0.41220604894744517,0.4575559984059187,0.214172527647607,0.04627199439315022,1.375068062589369,rotation,,True,15,302.0121631923947,torch_cuda,cuda,OK,
8410,C:\Users\USER\Desktop\project\calibration\moire\datasets\test\0467_gt.jpg,C:\Users\USER\Desktop\project\calibration\moire\datasets\test\augmented_9x\0467_gt_rotation_2.jpg,rectified_patch_gpu\008410_0467_gt_rotation_2_to_orig.png,rectified_patch_gpu\008410_0467_gt_rotation_2_absdiff.png,71.2689219232253,82.96930965436319,306.62924631942747,303.64565660961614,1.3218111694491435,1.2087630157254377,-1.119376402702415,2.035062359893784,-1.6212426802276283,-0.7930628383484337,-0.34339607204450484,-1.5961155052985923,rotation,,True,19,305.1374514645218,torch_cuda,cuda,OK,
8411,C:\Users\USER\Desktop\project\calibration\moire\datasets\test\0467_gt.jpg,C:\Users\USER\Desktop\project\calibration\moire\datasets\test\augmented_9x\0467_gt_rotation_3.jpg,rectified_patch_gpu\008411_0467_gt_rotation_3_to_orig.png,rectified_patch_gpu\008411_0467_gt_rotation_3_absdiff.png,54.4617106722608,68.69244732162721,301.7351234365176,303.9262699031426,1.8926900329053091,2.181473002169735,-2.5705537266833938,-2.9764358857810045,-3.0335336165216704,3.0335336173492653,-5.065968551069602,3.141592653589793,rotation,,True,24,302.8306966698301,torch_cuda,cuda,OK,
8412,C:\Users\USER\Desktop\project\calibration\moire\datasets\test\0467_gt.jpg,C:\Users\USER\Desktop\project\calibration\moire\datasets\test\augmented_9x\0467_gt_translation_1.jpg,rectified_patch_gpu\008412_0467_gt_translation_1_to_orig.png,rectified_patch_gpu\008412_0467_gt_translation_1_absdiff.png,50.66317828896605,64.87306331517478,301.7351234365176,305.504509027087,1.8926900329053091,2.181473002169735,-2.5705537266833938,-2.9764358857810045,3.5035386188828355,-5.753488652237834,-9.384524125093929,2.827686158906608,translation,,True,24,303.6198162318023,torch_cuda,cuda,OK,
8413,C:\Users\USER\Desktop\project\calibration\moire\datasets\test\0467_gt.jpg,C:\Users\USER\Desktop\project\calibration\moire\datasets\test\augmented_9x\0467_gt_translation_2.jpg,rectified_patch_gpu\008413_0467_gt_translation_2_to_orig.png,rectified_patch_gpu\008413_0467_gt_translation_2_absdiff.png,73.90450014467592,88.64441124631831,307.49068389221003,274.7943811021931,2.9582975970790604,-4.461938049867499,-7.3978566991897114,1.3218181472830708,0.08408056515038219,-0.3750267957955259,0.039994962376154936,-2.3550640674937617,translation,,True,8,291.14253249720156,torch_cuda,cuda,OK,
8414,C:\Users\USER\Desktop\project\calibration\moire\datasets\test\0467_gt.jpg,C:\Users\USER\Desktop\project\calibration\moire\datasets\test\augmented_9x\0467_gt_translation_3.jpg,rectified_patch_gpu\008414_0467_gt_translation_3_to_orig.png,rectified_patch_gpu\008414_0467_gt_translation_3_absdiff.png,91.5200038580247,102.01044397145556,304.07004462520007,292.81307376316255,2.784025909402599,-2.380679097456778,-4.432544677175576,2.8611015860357782,-0.12680632047943438,0.17375661817769747,0.2511124870539802,135.35151920787928,translation,,True,9,298.4415591941813,torch_cuda,cuda,OK,
8415,C:\Users\USER\Desktop\project\calibration\moire\datasets\test\0467_moire.jpg,C:\Users\USER\Desktop\project\calibration\moire\datasets\test\augmented_9x\0467_moire_blackbox_1.jpg,rectified_patch_gpu\008415_0467_moire_blackbox_1_to_orig.png,rectified_patch_gpu\008415_0467_moire_blackbox_1_absdiff.png,97.79326750578704,116.2290869063527,305.1594819377939,299.76108444111236,5.367832006900671,0.025399216097858893,-7.349785478935154,90.67013281987205,0.617972525074484,-1.6547411019848226,-1.0534392225468414,348.9507200446927,blackbox,,True,13,302.4602831894531,torch_cuda,cuda,OK,
8416,C:\Users\USER\Desktop\project\calibration\moire\datasets\test\0467_moire.jpg,C:\Users\USER\Desktop\project\calibration\moire\datasets\test\augmented_9x\0467_moire_blackbox_2.jpg,rectified_patch_gpu\008416_0467_moire_blackbox_2_to_orig.png,rectified_patch_gpu\008416_0467_moire_blackbox_2_absdiff.png,95.75093123070988,115.95822422694359,305.3755355445205,303.9262699031426,-2.7851568153230453,-3.591594196270112,-5.898379418174637,2.443039530800646,-3.0335336165216704,3.0335336173492653,-5.065968551069602,3.141592653589793,blackbox,,True,12,304.65090272383156,torch_cuda,cuda,OK,
8417,C:\Users\USER\Desktop\project\calibration\moire\datasets\test\0467_moire.jpg,C:\Users\USER\Desktop\project\calibration\moire\datasets\test\augmented_9x\0467_moire_blackbox_3.jpg,rectified_patch_gpu\008417_0467_moire_blackbox_3_to_orig.png,rectified_patch_gpu\008417_0467_moire_blackbox_3_absdiff.png,99.49488654996142,117.35086268174548,305.1594819377939,299.76108444111236,5.367832006900671,0.025399216097858893,-7.349785478935154,90.67013281987205,0.617972525074484,-1.6547411019848226,-1.0534392225468414,348.9507200446927,blackbox,,True,13,302.4602831894531,torch_cuda,cuda,OK,
8418,C:\Users\USER\Desktop\project\calibration\moire\datasets\test\0467_moire.jpg,C:\Users\USER\Desktop\project\calibration\moire\datasets\test\augmented_9x\0467_moire_rotation_1.jpg,rectified_patch_gpu\008418_0467_moire_rotation_1_to_orig.png,rectified_patch_gpu\008418_0467_moire_rotation_1_absdiff.png,67.56139431423611,84.20362807088517,299.9460441902196,307.40674696571205,-1.0752777357771657,1.4968281035552462,-0.45460069291688154,1.903766133293253,0.3846759570969432,-3.0896959232833154,-3.1456407864640243,554.39533820487,rotation,,True,9,303.6763955779658,torch_cuda,cuda,OK,
8419,C:\Users\USER\Desktop\project\calibration\moire\datasets\test\0467_moire.jpg,C:\Users\USER\Desktop\project\calibration\moire\datasets\test\augmented_9x\0467_moire_rotation_2.jpg,rectified_patch_gpu\008419_0467_moire_rotation_2_to_orig.png,rectified_patch_gpu\008419_0467_moire_rotation_2_absdiff.png,108.83140564718364,126.351612561874,305.9281680198156,297.1704152383574,-1.8940354702036677,6.027528382122599,-8.926610998428217,2.1761066349405573,0.6863058733014149,1.016052812647471,-0.0870787935565267,-486.2355349023417,rotation,,True,24,301.5492916290865,torch_cuda,cuda,OK,
8420,C:\Users\USER\Desktop\project\calibration\moire\datasets\test\0467_moire.jpg,C:\Users\USER\Desktop\project\calibration\moire\datasets\test\augmented_9x\0467_moire_rotation_3.jpg,rectified_patch_gpu\008420_0467_moire_rotation_3_to_orig.png,rectified_patch_gpu\008420_0467_moire_rotation_3_absdiff.png,74.54259162808641,93.71148855344262,299.9460441902196,308.80643230930195,-1.0752777357771657,1.4968281035552462,-0.45460069291688154,1.903766133293253,3.7110602706027542,-4.778754786543514,-8.597977511438513,0.4296198637561691,rotation,,True,9,304.3762382497608,torch_cuda,cuda,OK,
8421,C:\Users\USER\Desktop\project\calibration\moire\datasets\test\0467_moire.jpg,C:\Users\USER\Desktop\project\calibration\moire\datasets\test\augmented_9x\0467_moire_translation_1.jpg,rectified_patch_gpu\008421_0467_moire_translation_1_to_orig.png,rectified_patch_gpu\008421_0467_moire_translation_1_absdiff.png,101.96448278356482,121.63852557468546,311.6660502590074,273.84620929073037,0.33896752741210817,3.220609016219596,-3.257586895566235,0.34867772012823267,0.061773659035693575,0.3084102854338381,0.09710107754248286,2.625376165328427,translation,,True,15,292.7561297748689,torch_cuda,cuda,OK,
8422,C:\Users\USER\Desktop\project\calibration\moire\datasets\test\0467_moire.jpg,C:\Users\USER\Desktop\project\calibration\moire\datasets\test\augmented_9x\0467_moire_translation_2.jpg,rectified_patch_gpu\008422_0467_moire_translation_2_to_orig.png,rectified_patch_gpu\008422_0467_moire_translation_2_absdiff.png,108.23062222704475,125.64390542870863,307.3166475583002,296.86059351355107,-3.1772324032225727,-5.626037405442405,-9.175337913691461,1.6322865097142534,-0.4588808897694828,0.06716831485435629,0.03686106610243256,-0.9663352194429331,translation,,True,8,302.08862053592566,torch_cuda,cuda,OK,
8423,C:\Users\USER\Desktop\project\calibration\moire\datasets\test\0467_moire.jpg,C:\Users\USER\Desktop\project\calibration\moire\datasets\test\augmented_9x\0467_moire_translation_3.jpg,rectified_patch_gpu\008423_0467_moire_translation_3_to_orig.png,rectified_patch_gpu\008423_0467_moire_translation_3_absdiff.png,77.05546380690586,93.5556636983851,299.9460441902196,305.06275725221565,-1.0752777357771657,1.4968281035552462,-0.45460069291688154,1.903766133293253,5.45948607517345,-0.1391869010114057,-7.504840865125993,2.8625145486290196,translation,,True,9,302.5044007212176,torch_cuda,cuda,OK,
8424,C:\Users\USER\Desktop\project\calibration\moire\datasets\test\0468_gt.jpg,C:\Users\USER\Desktop\project\calibration\moire\datasets\test\augmented_9x\0468_gt_blackbox_1.jpg,rectified_patch_gpu\008424_0468_gt_blackbox_1_to_orig.png,rectified_patch_gpu\008424_0468_gt_blackbox_1_absdiff.png,112.97099247685185,126.32131819455843,299.8906590086762,294.17513293123096,0.06384274373725686,0.3180948578422398,0.034809209692199666,-3.0360032193944244,0.06318700080332502,0.25797128394446434,0.1556363961468152,1.7230049154595635,blackbox,,True,21,297.0328959699536,torch_cuda,cuda,OK,
8425,C:\Users\USER\Desktop\project\calibration\moire\datasets\test\0468_gt.jpg,C:\Users\USER\Desktop\project\calibration\moire\datasets\test\augmented_9x\0468_gt_blackbox_2.jpg,rectified_patch_gpu\008425_0468_gt_blackbox_2_to_orig.png,rectified_patch_gpu\008425_0468_gt_blackbox_2_absdiff.png,113.9594352816358,126.97815862252929,299.8906590086762,294.17513293123096,0.06384274373725686,0.3180948578422398,0.034809209692199666,-3.0360032193944244,0.06318700080332502,0.25797128394446434,0.1556363961468152,1.7230049154595635,blackbox,,True,21,297.0328959699536,torch_cuda,cuda,OK,
8426,C:\Users\USER\Desktop\project\calibration\moire\datasets\test\0468_gt.jpg,C:\Users\USER\Desktop\project\calibration\moire\datasets\test\augmented_9x\0468_gt_blackbox_3.jpg,rectified_patch_gpu\008426_0468_gt_blackbox_3_to_orig.png,rectified_patch_gpu\008426_0468_gt_blackbox_3_absdiff.png,115.97854986496914,128.26607213765573,299.8906590086762,294.17513293123096,0.06384274373725686,0.3180948578422398,0.034809209692199666,-3.0360032193944244,0.06318700080332502,0.25797128394446434,0.1556363961468152,1.7230049154595635,blackbox,,True,21,297.0328959699536,torch_cuda,cuda,OK,
8427,C:\Users\USER\Desktop\project\calibration\moire\datasets\test\0468_gt.jpg,C:\Users\USER\Desktop\project\calibration\moire\datasets\test\augmented_9x\0468_gt_rotation_1.jpg,rectified_patch_gpu\008427_0468_gt_rotation_1_to_orig.png,rectified_patch_gpu\008427_0468_gt_rotation_1_absdiff.png,94.85863823784722,110.81530736338145,295.62785162794916,304.8908814703179,0.011035121105657169,-0.028312013345640364,0.3068981919333987,-3.1087070472201614,-4.208156879755666,-2.765231489237681,-6.8872610571738155,172.9080447574423,rotation,,True,22,300.2593665491335,torch_cuda,cuda,OK,
8428,C:\Users\USER\Desktop\project\calibration\moire\datasets\test\0468_gt.jpg,C:\Users\USER\Desktop\project\calibration\moire\datasets\test\augmented_9x\0468_gt_rotation_2.jpg,rectified_patch_gpu\008428_0468_gt_rotation_2_to_orig.png,rectified_patch_gpu\008428_0468_gt_rotation_2_absdiff.png,94.48692069347995,110.48875430211362,295.62785162794916,305.5459947214987,0.011035121105657169,-0.028312013345640364,0.3068981919333987,-3.1087070472201614,-4.683632929922766,1.5200539517109526,-6.796139913156889,2.3568143812736415,rotation,,True,22,300.5869231747239,torch_cuda,cuda,OK,
8429,C:\Users\USER\Desktop\project\calibration\moire\datasets\test\0468_gt.jpg,C:\Users\USER\Desktop\project\calibration\moire\datasets\test\augmented_9x\0468_gt_rotation_3.jpg,rectified_patch_gpu\008429_0468_gt_rotation_3_to_orig.png,rectified_patch_gpu\008429_0468_gt_rotation_3_absdiff.png,78.3004525945216,99.72598994860257,313.1635127605836,270.5190015698937,0.13008480193771066,0.007908975501262775,0.2820284477732919,1.6485820649545375,0.20470265605056542,-0.2891063073062079,-0.027074169381365837,1.9519263718348132,rotation,,True,1,291.84125716523863,torch_cuda,cuda,OK,
8430,C:\Users\USER\Desktop\project\calibration\moire\datasets\test\0468_gt.jpg,C:\Users\USER\Desktop\project\calibration\moire\datasets\test\augmented_9x\0468_gt_translation_1.jpg,rectified_patch_gpu\008430_0468_gt_translation_1_to_orig.png,rectified_patch_gpu\008430_0468_gt_translation_1_absdiff.png,92.07012321566359,108.00014259165006,299.8906590086762,278.8191932295196,0.06384274373725686,0.3180948578422398,0.034809209692199666,-3.0360032193944244,-0.18454222785080407,-0.23596791684304305,0.07445266054161953,1.595821921788703,translation,,True,21,289.3549261190979,torch_cuda,cuda,OK,
8431,C:\Users\USER\Desktop\project\calibration\moire\datasets\test\0468_gt.jpg,C:\Users\USER\Desktop\project\calibration\moire\datasets\test\augmented_9x\0468_gt_translation_2.jpg,rectified_patch_gpu\008431_0468_gt_translation_2_to_orig.png,rectified_patch_gpu\008431_0468_gt_translation_2_absdiff.png,54.55709683641975,76.4488955047149,295.62785162794916,297.04117388745317,0.011035121105657169,-0.028312013345640364,0.3068981919333987,-3.1087070472201614,-0.0806431634969635,-0.0070406863349275275,0.298209221123345,-3.1239398375140057,translation,,True,22,296.3345127577012,torch_cuda,cuda,OK,
8432,C:\Users\USER\Desktop\project\calibration\moire\datasets\test\0468_gt.jpg,C:\Users\USER\Desktop\project\calibration\moire\datasets\test\augmented_9x\0468_gt_translation_3.jpg,rectified_patch_gpu\008432_0468_gt_translation_3_to_orig.png,rectified_patch_gpu\008432_0468_gt_translation_3_absdiff.png,91.8555680941358,109.1300403453485,299.8906590086762,280.33207518234053,0.06384274373725686,0.3180948578422398,0.034809209692199666,-3.0360032193944244,-0.07853275239516762,-0.3874590006007178,0.03478515419969119,1.3215216578035955,translation,,True,21,290.1113670955084,torch_cuda,cuda,OK,
8433,C:\Users\USER\Desktop\project\calibration\moire\datasets\test\0468_moire.jpg,C:\Users\USER\Desktop\project\calibration\moire\datasets\test\augmented_9x\0468_moire_blackbox_1.jpg,rectified_patch_gpu\008433_0468_moire_blackbox_1_to_orig.png,rectified_patch_gpu\008433_0468_moire_blackbox_1_absdiff.png,109.20201569733797,126.451933683272,294.85644828222206,303.9262699031426,0.26680406825842773,0.13157036709754305,0.07195837361556066,0.35612434827302647,-3.0335336165216704,3.0335336173492653,-5.065968551069602,3.141592653589793,blackbox,,True,0,299.39135909268236,torch_cuda,cuda,OK,
8434,C:\Users\USER\Desktop\project\calibration\moire\datasets\test\0468_moire.jpg,C:\Users\USER\Desktop\project\calibration\moire\datasets\test\augmented_9x\0468_moire_blackbox_2.jpg,rectified_patch_gpu\008434_0468_moire_blackbox_2_to_orig.png,rectified_patch_gpu\008434_0468_moire_blackbox_2_absdiff.png,98.94125446084105,120.42186928029179,294.85644828222206,288.10090343944364,0.26680406825842773,0.13157036709754305,0.07195837361556066,0.35612434827302647,-0.11608703875205353,0.2560278906913538,0.135277041478162,-2.9615204160303317,blackbox,,True,0,291.4786758608328,torch_cuda,cuda,OK,
8435,C:\Users\USER\Desktop\project\calibration\moire\datasets\test\0468_moire.jpg,C:\Users\USER\Desktop\project\calibration\moire\datasets\test\augmented_9x\0468_moire_blackbox_3.jpg,rectified_patch_gpu\008435_0468_moire_blackbox_3_to_orig.png,rectified_patch_gpu\008435_0468_moire_blackbox_3_absdiff.png,96.3212020158179,118.25275017784509,294.85644828222206,288.10090343944364,0.26680406825842773,0.13157036709754305,0.07195837361556066,0.35612434827302647,-0.11608703875205353,0.2560278906913538,0.135277041478162,-2.9615204160303317,blackbox,,True,0,291.4786758608328,torch_cuda,cuda,OK,
8436,C:\Users\USER\Desktop\project\calibration\moire\datasets\test\0468_moire.jpg,C:\Users\USER\Desktop\project\calibration\moire\datasets\test\augmented_9x\0468_moire_rotation_1.jpg,rectified_patch_gpu\008436_0468_moire_rotation_1_to_orig.png,rectified_patch_gpu\008436_0468_moire_rotation_1_absdiff.png,104.65003894193673,121.08192701890924,294.85644828222206,307.2085060050286,0.26680406825842773,0.13157036709754305,0.07195837361556066,0.35612434827302647,3.005212881710868,-3.958933744271568,-6.6590209235834745,-1.7138347410016868,rotation,,True,0,301.03247714362533,torch_cuda,cuda,OK,
8437,C:\Users\USER\Desktop\project\calibration\moire\datasets\test\0468_moire.jpg,C:\Users\USER\Desktop\project\calibration\moire\datasets\test\augmented_9x\0468_moire_rotation_2.jpg,rectified_patch_gpu\008437_0468_moire_rotation_2_to_orig.png,rectified_patch_gpu\008437_0468_moire_rotation_2_absdiff.png,124.01179072627315,140.39586497740476,305.72652027776,299.14832835369094,-0.24295668481325805,6.4187449893354085,-8.147938527136127,-3.106151528424626,-0.0558848283537635,-0.004094103513688754,0.308472899856493,2.5939580982180463,rotation,,True,23,302.4374243157255,torch_cuda,cuda,OK,
8438,C:\Users\USER\Desktop\project\calibration\moire\datasets\test\0468_moire.jpg,C:\Users\USER\Desktop\project\calibration\moire\datasets\test\augmented_9x\0468_moire_rotation_3.jpg,rectified_patch_gpu\008438_0468_moire_rotation_3_to_orig.png,rectified_patch_gpu\008438_0468_moire_rotation_3_absdiff.png,104.14120551215278,124.48139167729019,294.85644828222206,303.9262699031426,0.26680406825842773,0.13157036709754305,0.07195837361556066,0.35612434827302647,-3.0335336165216704,3.0335336173492653,-5.065968551069602,3.141592653589793,rotation,,True,0,299.39135909268236,torch_cuda,cuda,OK,
8439,C:\Users\USER\Desktop\project\calibration\moire\datasets\test\0468_moire.jpg,C:\Users\USER\Desktop\project\calibration\moire\datasets\test\augmented_9x\0468_moire_translation_1.jpg,rectified_patch_gpu\008439_0468_moire_translation_1_to_orig.png,rectified_patch_gpu\008439_0468_moire_translation_1_absdiff.png,108.01189211998457,125.9157616096953,295.7589150096189,287.888977050141,-0.06174935456506285,0.061900013371593995,0.3022368939076737,-3.072800748587879,0.277315659441367,-0.16722533582728139,-0.001440284574347292,3.039184994867017,translation,,True,14,291.82394602987995,torch_cuda,cuda,OK,
8440,C:\Users\USER\Desktop\project\calibration\moire\datasets\test\0468_moire.jpg,C:\Users\USER\Desktop\project\calibration\moire\datasets\test\augmented_9x\0468_moire_translation_2.jpg,rectified_patch_gpu\008440_0468_moire_translation_2_to_orig.png,rectified_patch_gpu\008440_0468_moire_translation_2_absdiff.png,99.5713761091821,118.13618108172807,294.85644828222206,306.3665139648395,0.26680406825842773,0.13157036709754305,0.07195837361556066,0.35612434827302647,-1.0982374670143895,3.3710212056076863,-4.082148918666695,2998.7768870327973,translation,,True,0,300.6114811235308,torch_cuda,cuda,OK,
8441,C:\Users\USER\Desktop\project\calibration\moire\datasets\test\0468_moire.jpg,C:\Users\USER\Desktop\project\calibration\moire\datasets\test\augmented_9x\0468_moire_translation_3.jpg,rectified_patch_gpu\008441_0468_moire_translation_3_to_orig.png,rectified_patch_gpu\008441_0468_moire_translation_3_absdiff.png,82.13715591242284,105.6006198281173,294.85644828222206,287.25615715548497,0.26680406825842773,0.13157036709754305,0.07195837361556066,0.35612434827302647,-0.2913893205808797,0.11613967429531566,-0.11156108873390098,1.8618117467333875,translation,,True,0,291.05630271885354,torch_cuda,cuda,OK,
8442,C:\Users\USER\Desktop\project\calibration\moire\datasets\test\0469_gt.jpg,C:\Users\USER\Desktop\project\calibration\moire\datasets\test\augmented_9x\0469_gt_blackbox_1.jpg,rectified_patch_gpu\008442_0469_gt_blackbox_1_to_orig.png,rectified_patch_gpu\008442_0469_gt_blackbox_1_absdiff.png,49.98324893904321,74.08887615705916,303.6878193795388,303.6438963431128,0.0015147956532110432,-3.287992359333117,-3.559820873562428,2.594489183132995,0.05597581255878184,-3.2892945579860546,-3.563720385243733,2.6096190085274698,blackbox,,True,13,303.6658578613258,torch_cuda,cuda,OK,
8443,C:\Users\USER\Desktop\project\calibration\moire\datasets\test\0469_gt.jpg,C:\Users\USER\Desktop\project\calibration\moire\datasets\test\augmented_9x\0469_gt_blackbox_2.jpg,rectified_patch_gpu\008443_0469_gt_blackbox_2_to_orig.png,rectified_patch_gpu\008443_0469_gt_blackbox_2_absdiff.png,104.28372697241512,120.59709316499567,304.6076746841005,303.25225464320556,-2.1359823655803267,-3.3927619828973565,-4.72976185965965,2.6122781634650867,-0.41147655998416305,-3.168604752377349,-3.2631047097022106,-2.602306991973388,blackbox,,True,20,303.92996466365304,torch_cuda,cuda,OK,
8444,C:\Users\USER\Desktop\project\calibration\moire\datasets\test\0469_gt.jpg,C:\Users\USER\Desktop\project\calibration\moire\datasets\test\augmented_9x\0469_gt_blackbox_3.jpg,rectified_patch_gpu\008444_0469_gt_blackbox_3_to_orig.png,rectified_patch_gpu\008444_0469_gt_blackbox_3_absdiff.png,48.11805314429012,71.14720171125911,303.6878193795388,303.6438963431128,0.0015147956532110432,-3.287992359333117,-3.559820873562428,2.594489183132995,0.05597581255878184,-3.2892945579860546,-3.563720385243733,2.6096190085274698,blackbox,,True,13,303.6658578613258,torch_cuda,cuda,OK,
8445,C:\Users\USER\Desktop\project\calibration\moire\datasets\test\0469_gt.jpg,C:\Users\USER\Desktop\project\calibration\moire\datasets\test\augmented_9x\0469_gt_rotation_1.jpg,rectified_patch_gpu\008445_0469_gt_rotation_1_to_orig.png,rectified_patch_gpu\008445_0469_gt_rotation_1_absdiff.png,94.51036783854167,112.21975412137012,303.6878193795388,300.4048630795218,0.0015147956532110432,-3.287992359333117,-3.559820873562428,2.594489183132995,-1.434344193225542,0.4888709902439904,-0.172902897123129,2.5428816579219786,rotation,,True,13,302.0463412295303,torch_cuda,cuda,OK,
8446,C:\Users\USER\Desktop\project\calibration\moire\datasets\test\0469_gt.jpg,C:\Users\USER\Desktop\project\calibration\moire\datasets\test\augmented_9x\0469_gt_rotation_2.jpg,rectified_patch_gpu\008446_0469_gt_rotation_2_to_orig.png,rectified_patch_gpu\008446_0469_gt_rotation_2_absdiff.png,119.84407250675154,133.6426904684258,307.60281826749855,288.8141771995392,0.8810174640356472,-5.737884400896121,-8.248927869706572,1.327196742280472,0.05951998859728228,0.24937461988779464,0.22047880314686222,2.3021759588243933,rotation,,True,23,298.20849773351887,torch_cuda,cuda,OK,
8447,C:\Users\USER\Desktop\project\calibration\moire\datasets\test\0469_gt.jpg,C:\Users\USER\Desktop\project\calibration\moire\datasets\test\augmented_9x\0469_gt_rotation_3.jpg,rectified_patch_gpu\008447_0469_gt_rotation_3_to_orig.png,rectified_patch_gpu\008447_0469_gt_rotation_3_absdiff.png,79.24182834201389,97.4110480497062,303.6878193795388,305.57648219251195,0.0015147956532110432,-3.287992359333117,-3.559820873562428,2.594489183132995,0.39873577421800777,4.632271461639142,-5.986946011536478,2.2014517210080817,rotation,,True,13,304.63215078602536,torch_cuda,cuda,OK,
8448,C:\Users\USER\Desktop\project\calibration\moire\datasets\test\0469_gt.jpg,C:\Users\USER\Desktop\project\calibration\moire\datasets\test\augmented_9x\0469_gt_translation_1.jpg,rectified_patch_gpu\008448_0469_gt_translation_1_to_orig.png,rectified_patch_gpu\008448_0469_gt_translation_1_absdiff.png,67.94048719618056,83.43545453476617,303.6878193795388,305.4351027476299,0.0015147956532110432,-3.287992359333117,-3.559820873562428,2.594489183132995,5.455030442719643,-2.64636079810745,-8.603195836873628,-3.0741188959214893,translation,,True,13,304.5614610635844,torch_cuda,cuda,OK,
8449,C:\Users\USER\Desktop\project\calibration\moire\datasets\test\0469_gt.jpg,C:\Users\USER\Desktop\project\calibration\moire\datasets\test\augmented_9x\0469_gt_translation_2.jpg,rectified_patch_gpu\008449_0469_gt_translation_2_to_orig.png,rectified_patch_gpu\008449_0469_gt_translation_2_absdiff.png,78.93790895061728,97.62707218185398,304.09253756088526,305.36554529143467,1.548851133323086,3.3554283946899344,-4.087399343045816,-2.3550449312538135,-5.68549213633643,-2.7004995720351417,-8.942112012592684,-2.898172688595075,translation,,True,19,304.72904142615994,torch_cuda,cuda,OK,
8450,C:\Users\USER\Desktop\project\calibration\moire\datasets\test\0469_gt.jpg,C:\Users\USER\Desktop\project\calibration\moire\datasets\test\augmented_9x\0469_gt_translation_3.jpg,rectified_patch_gpu\008450_0469_gt_translation_3_to_orig.png,rectified_patch_gpu\008450_0469_gt_translation_3_absdiff.png,76.41045512635031,94.50064056707642,303.8724242460304,305.2143077586265,3.10882113699495,1.3988439137156603,-3.893069541655436,-2.759271324489046,3.439782045541773,-4.035260186072847,-7.296479133322728,2.4903059793809117,translation,,True,11,304.5433660023284,torch_cuda,cuda,OK,
8451,C:\Users\USER\Desktop\project\calibration\moire\datasets\test\0469_moire.jpg,C:\Users\USER\Desktop\project\calibration\moire\datasets\test\augmented_9x\0469_moire_blackbox_1.jpg,rectified_patch_gpu\008451_0469_moire_blackbox_1_to_orig.png,rectified_patch_gpu\008451_0469_moire_blackbox_1_absdiff.png,141.21431435667438,154.25869998058468,305.95444724039663,295.75732200444816,6.126585420732537,0.00034081283742727684,-8.649869337011426,2.2784708750581624,-0.0002950490655800344,7.779336018576422e-05,0.33015744338690917,3.1044162273702463,blackbox,,True,15,300.8558846224224,torch_cuda,cuda,OK,
8452,C:\Users\USER\Desktop\project\calibration\moire\datasets\test\0469_moire.jpg,C:\Users\USER\Desktop\project\calibration\moire\datasets\test\augmented_9x\0469_moire_blackbox_2.jpg,rectified_patch_gpu\008452_0469_moire_blackbox_2_to_orig.png,rectified_patch_gpu\008452_0469_moire_blackbox_2_absdiff.png,124.70996214313271,141.57856246934895,309.01997091288115,290.4690592037473,4.265320262682164,2.0366124642323276,-6.453426477339814,0.778244637742177,-0.30156066843313456,0.2105987640761606,0.05605287048915808,-0.48554684464493086,blackbox,,True,16,299.7445150583142,torch_cuda,cuda,OK,
8453,C:\Users\USER\Desktop\project\calibration\moire\datasets\test\0469_moire.jpg,C:\Users\USER\Desktop\project\calibration\moire\datasets\test\augmented_9x\0469_moire_blackbox_3.jpg,rectified_patch_gpu\008453_0469_moire_blackbox_3_to_orig.png,rectified_patch_gpu\008453_0469_moire_blackbox_3_absdiff.png,141.20952088155863,154.25433643305087,305.95444724039663,295.75732200444816,6.126585420732537,0.00034081283742727684,-8.649869337011426,2.2784708750581624,-0.0002950490655800344,7.779336018576422e-05,0.33015744338690917,3.1044162273702463,blackbox,,True,15,300.8558846224224,torch_cuda,cuda,OK,
8454,C:\Users\USER\Desktop\project\calibration\moire\datasets\test\0469_moire.jpg,C:\Users\USER\Desktop\project\calibration\moire\datasets\test\augmented_9x\0469_moire_rotation_1.jpg,rectified_patch_gpu\008454_0469_moire_rotation_1_to_orig.png,rectified_patch_gpu\008454_0469_moire_rotation_1_absdiff.png,138.40213975694445,152.20051362401878,307.4946055429509,294.5665866645347,5.514724680778233,-2.21886949252697,-8.368259322856161,-1.5152338960591627,-0.15885449870074816,-0.14747773360835625,0.22255379559405972,2.313637484891755,rotation,,True,6,301.0305961037428,torch_cuda,cuda,OK,
8455,C:\Users\USER\Desktop\project\calibration\moire\datasets\test\0469_moire.jpg,C:\Users\USER\Desktop\project\calibration\moire\datasets\test\augmented_9x\0469_moire_rotation_2.jpg,rectified_patch_gpu\008455_0469_moire_rotation_2_to_orig.png,rectified_patch_gpu\008455_0469_moire_rotation_2_absdiff.png,97.25491427951388,115.33063259888397,317.57720478774417,290.88681506399445,-0.060234850809925876,-0.25440564772313456,0.14783194470490288,0.9316065005440344,-0.30566599447001,0.04758882361125822,0.009536878895138157,0.29392089186049103,rotation,,True,10,304.2320099258693,torch_cuda,cuda,OK,
8456,C:\Users\USER\Desktop\project\calibration\moire\datasets\test\0469_moire.jpg,C:\Users\USER\Desktop\project\calibration\moire\datasets\test\augmented_9x\0469_moire_rotation_3.jpg,rectified_patch_gpu\008456_0469_moire_rotation_3_to_orig.png,rectified_patch_gpu\008456_0469_moire_rotation_3_absdiff.png,141.1918822337963,154.24058393056075,306.76651184855444,298.9999647628146,1.2283959600770062,-6.591856625512833,-9.322954861158646,-1.880060278879349,-0.1203902398751692,-0.12954086864173298,0.2716195640121812,-411.2711755716626,rotation,,True,3,302.88323830568453,torch_cuda,cuda,OK,
8457,C:\Users\USER\Desktop\project\calibration\moire\datasets\test\0469_moire.jpg,C:\Users\USER\Desktop\project\calibration\moire\datasets\test\augmented_9x\0469_moire_translation_1.jpg,rectified_patch_gpu\008457_0469_moire_translation_1_to_orig.png,rectified_patch_gpu\008457_0469_moire_translation_1_absdiff.png,141.19068226755402,154.23967428948902,306.9220891755887,292.0674629836974,1.4123043400169921,-6.191738638170889,-9.016252343272601,-33.20174086568101,-0.0002681941670238348,-0.1462976355347476,0.26197266640148,2.905267473176871,translation,,True,1,299.4947760796431,torch_cuda,cuda,OK,
8458,C:\Users\USER\Desktop\project\calibration\moire\datasets\test\0469_moire.jpg,C:\Users\USER\Desktop\project\calibration\moire\datasets\test\augmented_9x\0469_moire_translation_2.jpg,rectified_patch_gpu\008458_0469_moire_translation_2_to_orig.png,rectified_patch_gpu\008458_0469_moire_translation_2_absdiff.png,84.99278730227624,103.50054057925361,304.6152679349484,305.3532017373594,-0.0014685314982573886,2.643652056415945,-2.428443678188741,2.074730293606475,5.070780194601289,3.87460406951587,-9.069061451731237,-2.9345532963251175,translation,,True,21,304.9842348361539,torch_cuda,cuda,OK,
8459,C:\Users\USER\Desktop\project\calibration\moire\datasets\test\0469_moire.jpg,C:\Users\USER\Desktop\project\calibration\moire\datasets\test\augmented_9x\0469_moire_translation_3.jpg,rectified_patch_gpu\008459_0469_moire_translation_3_to_orig.png,rectified_patch_gpu\008459_0469_moire_translation_3_absdiff.png,134.25594364872686,148.93983508190001,304.6152679349484,298.95749053906644,-0.0014685314982573886,2.643652056415945,-2.428443678188741,2.074730293606475,0.5349104628762388,0.1984626730489413,0.013575980029121415,-136.72121213934628,translation,,True,21,301.7863792370074,torch_cuda,cuda,OK,
8460,C:\Users\USER\Desktop\project\calibration\moire\datasets\test\0470_gt.jpg,C:\Users\USER\Desktop\project\calibration\moire\datasets\test\augmented_9x\0470_gt_blackbox_1.jpg,rectified_patch_gpu\008460_0470_gt_blackbox_1_to_orig.png,rectified_patch_gpu\008460_0470_gt_blackbox_1_absdiff.png,90.32547574266975,115.46456936145393,292.11262730820454,303.5720135029617,-0.04137936859698028,-0.22204817928745785,0.22086764068240397,2.2587258875089775,-2.6045207291137857,2.9783795523116794,-4.425448441718163,3.141592653589793,blackbox,,True,1,297.8423204055831,torch_cuda,cuda,OK,
8461,C:\Users\USER\Desktop\project\calibration\moire\datasets\test\0470_gt.jpg,C:\Users\USER\Desktop\project\calibration\moire\datasets\test\augmented_9x\0470_gt_blackbox_2.jpg,rectified_patch_gpu\008461_0470_gt_blackbox_2_to_orig.png,rectified_patch_gpu\008461_0470_gt_blackbox_2_absdiff.png,37.407017264660496,70.1646401194382,292.11262730820454,296.8984368239672,-0.04137936859698028,-0.22204817928745785,0.22086764068240397,2.2587258875089775,-0.03486696199851019,-0.16118504844888906,0.27036950300350576,2.3066945760619997,blackbox,,True,1,294.50553206608583,torch_cuda,cuda,OK,
8462,C:\Users\USER\Desktop\project\calibration\moire\datasets\test\0470_gt.jpg,C:\Users\USER\Desktop\project\calibration\moire\datasets\test\augmented_9x\0470_gt_blackbox_3.jpg,rectified_patch_gpu\008462_0470_gt_blackbox_3_to_orig.png,rectified_patch_gpu\008462_0470_gt_blackbox_3_absdiff.png,32.491013816550925,54.96058823413597,292.11262730820454,296.8984368239672,-0.04137936859698028,-0.22204817928745785,0.22086764068240397,2.2587258875089775,-0.03486696199851019,-0.16118504844888906,0.27036950300350576,2.3066945760619997,blackbox,,True,1,294.50553206608583,torch_cuda,cuda,OK,
8463,C:\Users\USER\Desktop\project\calibration\moire\datasets\test\0470_gt.jpg,C:\Users\USER\Desktop\project\calibration\moire\datasets\test\augmented_9x\0470_gt_rotation_1.jpg,rectified_patch_gpu\008463_0470_gt_rotation_1_to_orig.png,rectified_patch_gpu\008463_0470_gt_rotation_1_absdiff.png,90.28015564718365,119.74165763763601,317.0781801975054,270.5254999536524,0.020450655463694366,-0.28627712220384455,0.11728450123847935,1.6244760177000188,0.21196958580945266,-0.2479020218949544,-0.02895295276001017,2.042716165718295,rotation,,True,2,293.80184007557887,torch_cuda,cuda,OK,
8464,C:\Users\USER\Desktop\project\calibration\moire\datasets\test\0470_gt.jpg,C:\Users\USER\Desktop\project\calibration\moire\datasets\test\augmented_9x\0470_gt_rotation_2.jpg,rectified_patch_gpu\008464_0470_gt_rotation_2_to_orig.png,rectified_patch_gpu\008464_0470_gt_rotation_2_absdiff.png,97.42857192804784,126.13381929908087,304.6627064250498,291.148022853058,-0.0015958815647860037,-4.573408402571909,-6.171027388258259,3.106628309501726,0.3968018167807987,-0.19379130888441976,-0.014487621999170697,1.8925468643026888,rotation,,True,24,297.9053646390539,torch_cuda,cuda,OK,
8465,C:\Users\USER\Desktop\project\calibration\moire\datasets\test\0470_gt.jpg,C:\Users\USER\Desktop\project\calibration\moire\datasets\test\augmented_9x\0470_gt_rotation_3.jpg,rectified_patch_gpu\008465_0470_gt_rotation_3_to_orig.png,rectified_patch_gpu\008465_0470_gt_rotation_3_absdiff.png,82.34516239872686,111.22028293202351,292.11262730820454,268.566715504464,-0.04137936859698028,-0.22204817928745785,0.22086764068240397,2.2587258875089775,0.26065542707698747,-0.2824288526307747,-0.19244035546628996,2.7130506449038636,rotation,,True,1,280.3396714063343,torch_cuda,cuda,OK,
8466,C:\Users\USER\Desktop\project\calibration\moire\datasets\test\0470_gt.jpg,C:\Users\USER\Desktop\project\calibration\moire\datasets\test\augmented_9x\0470_gt_translation_1.jpg,rectified_patch_gpu\008466_0470_gt_translation_1_to_orig.png,rectified_patch_gpu\008466_0470_gt_translation_1_absdiff.png,122.98481674382717,139.6042286788871,299.76766041859634,305.34358473669755,-0.00027877861912003137,-0.10142482187075842,0.2949499051382198,2.3876142729310144,6.100505382740991,2.1453575053513267,-9.183454815352446,-153.81605065623012,translation,,True,5,302.55562257764694,torch_cuda,cuda,OK,
8467,C:\Users\USER\Desktop\project\calibration\moire\datasets\test\0470_gt.jpg,C:\Users\USER\Desktop\project\calibration\moire\datasets\test\augmented_9x\0470_gt_translation_2.jpg,rectified_patch_gpu\008467_0470_gt_translation_2_to_orig.png,rectified_patch_gpu\008467_0470_gt_translation_2_absdiff.png,72.24268735532408,105.84571676785912,299.11592997148597,295.3322692144199,-0.0002816715291218745,0.17259254249889597,0.26366341050566,2.2647784567027442,-0.12131352925313109,-0.15407287055823385,0.24820992352721521,3.1252850940131096,translation,,True,21,297.22409959295294,torch_cuda,cuda,OK,
8468,C:\Users\USER\Desktop\project\calibration\moire\datasets\test\0470_gt.jpg,C:\Users\USER\Desktop\project\calibration\moire\datasets\test\augmented_9x\0470_gt_translation_3.jpg,rectified_patch_gpu\008468_0470_gt_translation_3_to_orig.png,rectified_patch_gpu\008468_0470_gt_translation_3_absdiff.png,135.668376253858,156.36821845322575,299.11592997148597,305.18131750071797,-0.0002816715291218745,0.17259254249889597,0.26366341050566,2.2647784567027442,-5.1427848700497565,-0.27801401661260494,-7.0508900560662795,-4150.490198247959,translation,,True,21,302.14862373610197,torch_cuda,cuda,OK,
8469,C:\Users\USER\Desktop\project\calibration\moire\datasets\test\0470_moire.jpg,C:\Users\USER\Desktop\project\calibration\moire\datasets\test\augmented_9x\0470_moire_blackbox_1.jpg,rectified_patch_gpu\008469_0470_moire_blackbox_1_to_orig.png,rectified_patch_gpu\008469_0470_moire_blackbox_1_absdiff.png,69.57780152874228,91.03284078953892,282.2817825116103,306.5776503279538,-0.035967105570541405,-0.2657764903292895,0.18649861033887694,2.722100396398069,-3.966732034786131,2.7961209707132886,-6.524967920648754,1.7037317692831129,blackbox,,True,17,294.42971641978204,torch_cuda,cuda,OK,
8470,C:\Users\USER\Desktop\project\calibration\moire\datasets\test\0470_moire.jpg,C:\Users\USER\Desktop\project\calibration\moire\datasets\test\augmented_9x\0470_moire_blackbox_2.jpg,rectified_patch_gpu\008470_0470_moire_blackbox_2_to_orig.png,rectified_patch_gpu\008470_0470_moire_blackbox_2_absdiff.png,115.69951304494599,135.30549139721742,282.2817825116103,308.00901009713647,-0.035967105570541405,-0.2657764903292895,0.18649861033887694,2.722100396398069,0.0233424482516843,6.151516780569388,-8.31802831780421,1.0702523566120246,blackbox,,True,17,295.1453963043734,torch_cuda,cuda,OK,
8471,C:\Users\USER\Desktop\project\calibration\moire\datasets\test\0470_moire.jpg,C:\Users\USER\Desktop\project\calibration\moire\datasets\test\augmented_9x\0470_moire_blackbox_3.jpg,rectified_patch_gpu\008471_0470_moire_blackbox_3_to_orig.png,rectified_patch_gpu\008471_0470_moire_blackbox_3_absdiff.png,69.57780152874228,91.03284078953892,282.2817825116103,306.5776503279538,-0.035967105570541405,-0.2657764903292895,0.18649861033887694,2.722100396398069,-3.966732034786131,2.7961209707132886,-6.524967920648754,1.7037317692831129,blackbox,,True,17,294.42971641978204,torch_cuda,cuda,OK,
8472,C:\Users\USER\Desktop\project\calibration\moire\datasets\test\0470_moire.jpg,C:\Users\USER\Desktop\project\calibration\moire\datasets\test\augmented_9x\0470_moire_rotation_1.jpg,rectified_patch_gpu\008472_0470_moire_rotation_1_to_orig.png,rectified_patch_gpu\008472_0470_moire_rotation_1_absdiff.png,74.05568926022377,95.83612190299274,282.2817825116103,310.223873299757,-0.035967105570541405,-0.2657764903292895,0.18649861033887694,2.722100396398069,3.7774064286662847,-1.172223909793926,-4.845729000766003,-0.09219926113380437,rotation,,True,17,296.2528279056836,torch_cuda,cuda,OK,
8473,C:\Users\USER\Desktop\project\calibration\moire\datasets\test\0470_moire.jpg,C:\Users\USER\Desktop\project\calibration\moire\datasets\test\augmented_9x\0470_moire_rotation_2.jpg,rectified_patch_gpu\008473_0470_moire_rotation_2_to_orig.png,rectified_patch_gpu\008473_0470_moire_rotation_2_absdiff.png,60.92951750578704,85.86553155970599,282.2817825116103,308.35407207314404,-0.035967105570541405,-0.2657764903292895,0.18649861033887694,2.722100396398069,0.23308695529153675,-0.007214056245894746,0.23396780743074005,2.5457996932473255,rotation,,True,17,295.31792729237714,torch_cuda,cuda,OK,
8474,C:\Users\USER\Desktop\project\calibration\moire\datasets\test\0470_moire.jpg,C:\Users\USER\Desktop\project\calibration\moire\datasets\test\augmented_9x\0470_moire_rotation_3.jpg,rectified_patch_gpu\008474_0470_moire_rotation_3_to_orig.png,rectified_patch_gpu\008474_0470_moire_rotation_3_absdiff.png,114.53297031732254,133.75735708544778,307.36791873271846,270.4109979300954,1.5018035677935728,0.48532347747796933,-2.13472164097484,-1.3945506639165062,0.0025876389279776185,0.4434270288985241,-0.34960678013277546,-3.106312423477038,rotation,,True,6,288.8894583314069,torch_cuda,cuda,OK,
8475,C:\Users\USER\Desktop\project\calibration\moire\datasets\test\0470_moire.jpg,C:\Users\USER\Desktop\project\calibration\moire\datasets\test\augmented_9x\0470_moire_translation_1.jpg,rectified_patch_gpu\008475_0470_moire_translation_1_to_orig.png,rectified_patch_gpu\008475_0470_moire_translation_1_absdiff.png,98.92146219135803,111.98512343329524,282.2817825116103,320.82055302027754,-0.035967105570541405,-0.2657764903292895,0.18649861033887694,2.722100396398069,-0.09565827502102496,0.11783425482441873,0.2942671821367299,-0.992639247408952,translation,,True,17,301.5511677659439,torch_cuda,cuda,OK,
8476,C:\Users\USER\Desktop\project\calibration\moire\datasets\test\0470_moire.jpg,C:\Users\USER\Desktop\project\calibration\moire\datasets\test\augmented_9x\0470_moire_translation_2.jpg,rectified_patch_gpu\008476_0470_moire_translation_2_to_orig.png,rectified_patch_gpu\008476_0470_moire_translation_2_absdiff.png,68.73266577449846,90.72213781999311,282.2817825116103,301.5984360273134,-0.035967105570541405,-0.2657764903292895,0.18649861033887694,2.722100396398069,-0.0002799772907205762,-0.013599978073228778,0.31295150860780246,2.3597527287150477,translation,,True,17,291.94010926946186,torch_cuda,cuda,OK,
8477,C:\Users\USER\Desktop\project\calibration\moire\datasets\test\0470_moire.jpg,C:\Users\USER\Desktop\project\calibration\moire\datasets\test\augmented_9x\0470_moire_translation_3.jpg,rectified_patch_gpu\008477_0470_moire_translation_3_to_orig.png,rectified_patch_gpu\008477_0470_moire_translation_3_absdiff.png,99.7034782503858,120.63711842632345,282.2817825116103,308.8542042034438,-0.035967105570541405,-0.2657764903292895,0.18649861033887694,2.722100396398069,0.4018741889978189,4.654925638380311,-6.205350691857522,0.9374904730463564,translation,,True,17,295.56799335752703,torch_cuda,cuda,OK,
8478,C:\Users\USER\Desktop\project\calibration\moire\datasets\test\0471_gt.jpg,C:\Users\USER\Desktop\project\calibration\moire\datasets\test\augmented_9x\0471_gt_blackbox_1.jpg,rectified_patch_gpu\008478_0471_gt_blackbox_1_to_orig.png,rectified_patch_gpu\008478_0471_gt_blackbox_1_absdiff.png,15.609878110532408,38.441995356859174,301.3425799886282,301.3425799886282,-0.0002807012682707958,-0.08199009223841333,0.3031625780770412,2.317277482598438,-0.0002807012682707958,-0.08199009223841333,0.3031625780770412,2.317277482598438,blackbox,,True,15,301.3425799886282,torch_cuda,cuda,OK,
8479,C:\Users\USER\Desktop\project\calibration\moire\datasets\test\0471_gt.jpg,C:\Users\USER\Desktop\project\calibration\moire\datasets\test\augmented_9x\0471_gt_blackbox_2.jpg,rectified_patch_gpu\008479_0471_gt_blackbox_2_to_orig.png,rectified_patch_gpu\008479_0471_gt_blackbox_2_absdiff.png,85.54407901716822,95.7394627071265,308.6015866505749,292.2468313528514,4.703340867348679,-3.9894743466898905,-8.760437048412165,-0.8398451294751389,0.4990521862924422,-0.0033295430297615117,-0.012934919575561699,-2.772973534662473,blackbox,,True,0,300.42420900171317,torch_cuda,cuda,OK,
8480,C:\Users\USER\Desktop\project\calibration\moire\datasets\test\0471_gt.jpg,C:\Users\USER\Desktop\project\calibration\moire\datasets\test\augmented_9x\0471_gt_blackbox_3.jpg,rectified_patch_gpu\008480_0471_gt_blackbox_3_to_orig.png,rectified_patch_gpu\008480_0471_gt_blackbox_3_absdiff.png,82.77638635706019,93.34376776409025,308.6015866505749,292.2468313528514,4.703340867348679,-3.9894743466898905,-8.760437048412165,-0.8398451294751389,0.4990521862924422,-0.0033295430297615117,-0.012934919575561699,-2.772973534662473,blackbox,,True,0,300.42420900171317,torch_cuda,cuda,OK,
8481,C:\Users\USER\Desktop\project\calibration\moire\datasets\test\0471_gt.jpg,C:\Users\USER\Desktop\project\calibration\moire\datasets\test\augmented_9x\0471_gt_rotation_1.jpg,rectified_patch_gpu\008481_0471_gt_rotation_1_to_orig.png,rectified_patch_gpu\008481_0471_gt_rotation_1_absdiff.png,59.03884307484568,66.56680736693491,301.3425799886282,306.9281606141493,-0.0002807012682707958,-0.08199009223841333,0.3031625780770412,2.317277482598438,5.418192496235347,0.2753686057884992,-7.415112837223719,1.7108319509925043,rotation,,True,15,304.1353703013888,torch_cuda,cuda,OK,
8482,C:\Users\USER\Desktop\project\calibration\moire\datasets\test\0471_gt.jpg,C:\Users\USER\Desktop\project\calibration\moire\datasets\test\augmented_9x\0471_gt_rotation_2.jpg,rectified_patch_gpu\008482_0471_gt_rotation_2_to_orig.png,rectified_patch_gpu\008482_0471_gt_rotation_2_absdiff.png,72.3946403597608,84.21925458445581,306.9329669492616,259.9891047197746,-0.0015553149348140366,-5.077735753894882,-6.935219640675275,-1.6880205162933752,-0.000251016021055803,0.32114012590891955,-0.08686465192779944,-2.9079717018980564,rotation,,True,16,283.4610358345181,torch_cuda,cuda,OK,
8483,C:\Users\USER\Desktop\project\calibration\moire\datasets\test\0471_gt.jpg,C:\Users\USER\Desktop\project\calibration\moire\datasets\test\augmented_9x\0471_gt_rotation_3.jpg,rectified_patch_gpu\008483_0471_gt_rotation_3_to_orig.png,rectified_patch_gpu\008483_0471_gt_rotation_3_absdiff.png,59.032177613811726,66.3378101569807,301.3425799886282,307.19819911255354,-0.0002807012682707958,-0.08199009223841333,0.3031625780770412,2.317277482598438,5.211064283966886,-0.47191359832772994,-7.186495737595812,1.5564095257397226,rotation,,True,15,304.27038955059083,torch_cuda,cuda,OK,
8484,C:\Users\USER\Desktop\project\calibration\moire\datasets\test\0471_gt.jpg,C:\Users\USER\Desktop\project\calibration\moire\datasets\test\augmented_9x\0471_gt_translation_1.jpg,rectified_patch_gpu\008484_0471_gt_translation_1_to_orig.png,rectified_patch_gpu\008484_0471_gt_translation_1_absdiff.png,55.14515323591821,59.76910553288221,303.12094422478424,305.1411573495658,0.1994714211136773,0.06532311708288885,0.26695354122920456,-3.0656793377729907,4.7066699956023506,-0.4352445471016719,-6.105358547096872,-2.47593489313507,translation,,True,6,304.131050787175,torch_cuda,cuda,OK,
8485,C:\Users\USER\Desktop\project\calibration\moire\datasets\test\0471_gt.jpg,C:\Users\USER\Desktop\project\calibration\moire\datasets\test\augmented_9x\0471_gt_translation_2.jpg,rectified_patch_gpu\008485_0471_gt_translation_2_to_orig.png,rectified_patch_gpu\008485_0471_gt_translation_2_absdiff.png,101.07001892843364,108.2366371043821,306.0714209777559,297.03322317269425,1.0379682662313674,-6.1787104946484455,-8.892844215553279,-2.2328148701383164,-0.00029493168849870815,-0.025202345544388837,0.32901440809596627,-78.16939990081897,translation,,True,5,301.5523220752251,torch_cuda,cuda,OK,
8486,C:\Users\USER\Desktop\project\calibration\moire\datasets\test\0471_gt.jpg,C:\Users\USER\Desktop\project\calibration\moire\datasets\test\augmented_9x\0471_gt_translation_3.jpg,rectified_patch_gpu\008486_0471_gt_translation_3_to_orig.png,rectified_patch_gpu\008486_0471_gt_translation_3_absdiff.png,87.53055193865741,97.69906488235678,305.2740059476324,297.9531490648038,3.113866885171441,-5.324870550263805,-8.75751124498156,-147.8660603560438,-0.0010126710850320406,-1.3984090108082716,-0.163131900458922,2.6921715167151374,translation,,True,20,301.6135775062181,torch_cuda,cuda,OK,
8487,C:\Users\USER\Desktop\project\calibration\moire\datasets\test\0471_moire.jpg,C:\Users\USER\Desktop\project\calibration\moire\datasets\test\augmented_9x\0471_moire_blackbox_1.jpg,rectified_patch_gpu\008487_0471_moire_blackbox_1_to_orig.png,rectified_patch_gpu\008487_0471_moire_blackbox_1_absdiff.png,103.88762743537809,117.67001995940315,304.62498803190596,303.4767254490694,3.6799567906115938,1.7564980224315176,-5.0795738747412145,-2.5348055079173086,-2.9989825413716527,0.0016227686604981762,-3.105143258796973,2.7545042492854144,blackbox,,True,15,304.0508567404877,torch_cuda,cuda,OK,
8488,C:\Users\USER\Desktop\project\calibration\moire\datasets\test\0471_moire.jpg,C:\Users\USER\Desktop\project\calibration\moire\datasets\test\augmented_9x\0471_moire_blackbox_2.jpg,rectified_patch_gpu\008488_0471_moire_blackbox_2_to_orig.png,rectified_patch_gpu\008488_0471_moire_blackbox_2_absdiff.png,114.1128554205247,125.43708759532095,309.4340244251148,285.0764979478627,-0.0014982135504167347,-2.7339813897637737,-2.5593056300944905,1.1421123123382115,-0.0002840064355036572,0.32557515657776137,-0.025912142410976405,2.1571752026979425,blackbox,,True,10,297.2552611864887,torch_cuda,cuda,OK,
8489,C:\Users\USER\Desktop\project\calibration\moire\datasets\test\0471_moire.jpg,C:\Users\USER\Desktop\project\calibration\moire\datasets\test\augmented_9x\0471_moire_blackbox_3.jpg,rectified_patch_gpu\008489_0471_moire_blackbox_3_to_orig.png,rectified_patch_gpu\008489_0471_moire_blackbox_3_absdiff.png,101.24769205729167,112.3726966128095,309.4340244251148,285.0764979478627,-0.0014982135504167347,-2.7339813897637737,-2.5593056300944905,1.1421123123382115,-0.0002840064355036572,0.32557515657776137,-0.025912142410976405,2.1571752026979425,blackbox,,True,10,297.2552611864887,torch_cuda,cuda,OK,
8490,C:\Users\USER\Desktop\project\calibration\moire\datasets\test\0471_moire.jpg,C:\Users\USER\Desktop\project\calibration\moire\datasets\test\augmented_9x\0471_moire_rotation_1.jpg,rectified_patch_gpu\008490_0471_moire_rotation_1_to_orig.png,rectified_patch_gpu\008490_0471_moire_rotation_1_absdiff.png,86.17770013503086,93.47438485765899,296.2154760529917,307.0730121413944,-0.05333853269683075,0.0003010376901439166,0.33255849101933105,3.1373592003420296,4.764786587543913,-3.176625435868189,-8.066673007071287,-1.7589479306343454,rotation,,True,20,301.644244097193,torch_cuda,cuda,OK,
8491,C:\Users\USER\Desktop\project\calibration\moire\datasets\test\0471_moire.jpg,C:\Users\USER\Desktop\project\calibration\moire\datasets\test\augmented_9x\0471_moire_rotation_2.jpg,rectified_patch_gpu\008491_0471_moire_rotation_2_to_orig.png,rectified_patch_gpu\008491_0471_moire_rotation_2_absdiff.png,101.44206573109568,113.85130178573422,308.289101925022,279.80930910570294,-6.635613200114271,-0.14061939480776586,-8.618917652082274,0.7345524124496355,-0.009987039143552853,-0.3197462683482096,0.10030712037293077,2.437635916879624,rotation,,True,12,294.0492055153625,torch_cuda,cuda,OK,
8492,C:\Users\USER\Desktop\project\calibration\moire\datasets\test\0471_moire.jpg,C:\Users\USER\Desktop\project\calibration\moire\datasets\test\augmented_9x\0471_moire_rotation_3.jpg,rectified_patch_gpu\008492_0471_moire_rotation_3_to_orig.png,rectified_patch_gpu\008492_0471_moire_rotation_3_absdiff.png,118.24122022087191,129.88913013654482,305.37679958070487,295.14221335428306,2.5716437749438463,-4.4101751082171115,-6.932709566145969,2.2925035715375954,-0.11848072959112842,0.20256292733046966,0.25070050956112905,-1.9784489540887358,rotation,,True,14,300.25950646749396,torch_cuda,cuda,OK,
8493,C:\Users\USER\Desktop\project\calibration\moire\datasets\test\0471_moire.jpg,C:\Users\USER\Desktop\project\calibration\moire\datasets\test\augmented_9x\0471_moire_translation_1.jpg,rectified_patch_gpu\008493_0471_moire_translation_1_to_orig.png,rectified_patch_gpu\008493_0471_moire_translation_1_absdiff.png,56.19995707947531,77.63488735557344,296.2154760529917,307.0811700040247,-0.05333853269683075,0.0003010376901439166,0.33255849101933105,3.1373592003420296,-0.23680627588968325,0.00029776415792936073,0.23429402329747015,-311.15813514153706,translation,,True,20,301.64832302850823,torch_cuda,cuda,OK,
8494,C:\Users\USER\Desktop\project\calibration\moire\datasets\test\0471_moire.jpg,C:\Users\USER\Desktop\project\calibration\moire\datasets\test\augmented_9x\0471_moire_translation_2.jpg,rectified_patch_gpu\008494_0471_moire_translation_2_to_orig.png,rectified_patch_gpu\008494_0471_moire_translation_2_absdiff.png,78.68041280864198,84.4914673364242,296.2154760529917,305.22343832639433,-0.05333853269683075,0.0003010376901439166,0.33255849101933105,3.1373592003420296,-4.380826604207593,-3.7649352924892012,-8.072800121867019,2.940080577377444,translation,,True,20,300.719457189693,torch_cuda,cuda,OK,
8495,C:\Users\USER\Desktop\project\calibration\moire\datasets\test\0471_moire.jpg,C:\Users\USER\Desktop\project\calibration\moire\datasets\test\augmented_9x\0471_moire_translation_3.jpg,rectified_patch_gpu\008495_0471_moire_translation_3_to_orig.png,rectified_patch_gpu\008495_0471_moire_translation_3_absdiff.png,119.032618513696,130.37805114351013,305.2082583605368,302.5727110933505,3.9796863745521875,4.225078244209384,-8.19176779461337,-2.9954296247135623,-0.2256639155184431,-0.11986576758069913,0.15724712924829054,0.9219378876533982,translation,,True,24,303.89048472694367,torch_cuda,cuda,OK,
8496,C:\Users\USER\Desktop\project\calibration\moire\datasets\test\0472_gt.jpg,C:\Users\USER\Desktop\project\calibration\moire\datasets\test\augmented_9x\0472_gt_blackbox_1.jpg,rectified_patch_gpu\008496_0472_gt_blackbox_1_to_orig.png,rectified_patch_gpu\008496_0472_gt_blackbox_1_absdiff.png,52.63383379147376,61.855556158805044,305.3149126181628,275.63339086689325,-4.152548065736147,-4.53788830994548,-8.740485859778163,-2.983989978577686,-0.12887442764265525,-0.35354147227966776,0.001102288930768719,1.1969854683496544,blackbox,,True,19,290.474151742528,torch_cuda,cuda,OK,
8497,C:\Users\USER\Desktop\project\calibration\moire\datasets\test\0472_gt.jpg,C:\Users\USER\Desktop\project\calibration\moire\datasets\test\augmented_9x\0472_gt_blackbox_2.jpg,rectified_patch_gpu\008497_0472_gt_blackbox_2_to_orig.png,rectified_patch_gpu\008497_0472_gt_blackbox_2_absdiff.png,54.49777500482253,63.29264567889498,305.3149126181628,275.63339086689325,-4.152548065736147,-4.53788830994548,-8.740485859778163,-2.983989978577686,-0.12887442764265525,-0.35354147227966776,0.001102288930768719,1.1969854683496544,blackbox,,True,19,290.474151742528,torch_cuda,cuda,OK,
8498,C:\Users\USER\Desktop\project\calibration\moire\datasets\test\0472_gt.jpg,C:\Users\USER\Desktop\project\calibration\moire\datasets\test\augmented_9x\0472_gt_blackbox_3.jpg,rectified_patch_gpu\008498_0472_gt_blackbox_3_to_orig.png,rectified_patch_gpu\008498_0472_gt_blackbox_3_absdiff.png,58.815493947723766,66.48673971763306,305.43089568137486,292.8049076916485,5.80448621137219,1.2498512626877911,-8.432350695492286,3.0443258977006664,0.00999692698893143,0.15146741148698534,0.31830992732736796,-147.86105569479895,blackbox,,True,17,299.1179016865117,torch_cuda,cuda,OK,
8499,C:\Users\USER\Desktop\project\calibration\moire\datasets\test\0472_gt.jpg,C:\Users\USER\Desktop\project\calibration\moire\datasets\test\augmented_9x\0472_gt_rotation_1.jpg,rectified_patch_gpu\008499_0472_gt_rotation_1_to_orig.png,rectified_patch_gpu\008499_0472_gt_rotation_1_absdiff.png,74.21423984857253,87.45312099928965,293.5155069389947,304.0698127489201,-0.12479206718102882,-0.25649516614297163,0.11793266285829952,3.086032132103066,-1.7238014728093445,-0.5228914023521771,-0.4128760384898855,2.4372265592289053,rotation,,True,8,298.7926598439574,torch_cuda,cuda,OK,
8500,C:\Users\USER\Desktop\project\calibration\moire\datasets\test\0472_gt.jpg,C:\Users\USER\Desktop\project\calibration\moire\datasets\test\augmented_9x\0472_gt_rotation_2.jpg,rectified_patch_gpu\008500_0472_gt_rotation_2_to_orig.png,rectified_patch_gpu\008500_0472_gt_rotation_2_absdiff.png,71.47783492476852,80.10057079356224,293.5155069389947,309.0823610577925,-0.12479206718102882,-0.25649516614297163,0.11793266285829952,3.086032132103066,-5.673371145731091,1.8028276397838434,-8.442599293548035,-0.1980132006354011,rotation,,True,8,301.29893399839364,torch_cuda,cuda,OK,
8501,C:\Users\USER\Desktop\project\calibration\moire\datasets\test\0472_gt.jpg,C:\Users\USER\Desktop\project\calibration\moire\datasets\test\augmented_9x\0472_gt_rotation_3.jpg,rectified_patch_gpu\008501_0472_gt_rotation_3_to_orig.png,rectified_patch_gpu\008501_0472_gt_rotation_3_absdiff.png,70.05023630401234,77.8177118370838,293.5155069389947,305.49056038990204,-0.12479206718102882,-0.25649516614297163,0.11793266285829952,3.086032132103066,2.8971374643211933,4.7187675441850345,-7.6793858671139645,2.577166386049199,rotation,,True,8,299.50303366444837,torch_cuda,cuda,OK,
8502,C:\Users\USER\Desktop\project\calibration\moire\datasets\test\0472_gt.jpg,C:\Users\USER\Desktop\project\calibration\moire\datasets\test\augmented_9x\0472_gt_translation_1.jpg,rectified_patch_gpu\008502_0472_gt_translation_1_to_orig.png,rectified_patch_gpu\008502_0472_gt_translation_1_absdiff.png,58.81711214795525,66.47973724412599,305.660350919563,290.35312289627495,3.782505263096203,-5.365951644621671,-9.277314108683036,-2.7268432333730006,0.0008290508411576947,-0.18988485111748463,0.2953031721905237,-3.0905818023886207,translation,,True,1,298.00673690791893,torch_cuda,cuda,OK,
8503,C:\Users\USER\Desktop\project\calibration\moire\datasets\test\0472_gt.jpg,C:\Users\USER\Desktop\project\calibration\moire\datasets\test\augmented_9x\0472_gt_translation_2.jpg,rectified_patch_gpu\008503_0472_gt_translation_2_to_orig.png,rectified_patch_gpu\008503_0472_gt_translation_2_absdiff.png,75.19458695023148,82.40254843990222,293.5155069389947,306.9108120844625,-0.12479206718102882,-0.25649516614297163,0.11793266285829952,3.086032132103066,4.8949192641219215,0.001608290257481338,-6.616066891469684,-1.7003486334271734,translation,,True,8,300.2131595117286,torch_cuda,cuda,OK,
8504,C:\Users\USER\Desktop\project\calibration\moire\datasets\test\0472_gt.jpg,C:\Users\USER\Desktop\project\calibration\moire\datasets\test\augmented_9x\0472_gt_translation_3.jpg,rectified_patch_gpu\008504_0472_gt_translation_3_to_orig.png,rectified_patch_gpu\008504_0472_gt_translation_3_absdiff.png,49.86711624710648,60.413460863422934,293.5155069389947,307.68986391310864,-0.12479206718102882,-0.25649516614297163,0.11793266285829952,3.086032132103066,5.942500491887408,-0.9624769691177417,-8.52660919204372,-1.3559312556644505,translation,,True,8,300.60268542605166,torch_cuda,cuda,OK,
8505,C:\Users\USER\Desktop\project\calibration\moire\datasets\test\0472_moire.jpg,C:\Users\USER\Desktop\project\calibration\moire\datasets\test\augmented_9x\0472_moire_blackbox_1.jpg,rectified_patch_gpu\008505_0472_moire_blackbox_1_to_orig.png,rectified_patch_gpu\008505_0472_moire_blackbox_1_absdiff.png,60.41925636574074,73.79031357572731,307.4729172607062,284.3726391747341,-0.0003465759741078907,6.685109033030926,-8.653255100823081,1.3997682327162033,-0.0002962972051173925,-0.25998585151106474,0.20563102797597377,-2.847351721129891,blackbox,,True,12,295.9227782177202,torch_cuda,cuda,OK,
8506,C:\Users\USER\Desktop\project\calibration\moire\datasets\test\0472_moire.jpg,C:\Users\USER\Desktop\project\calibration\moire\datasets\test\augmented_9x\0472_moire_blackbox_2.jpg,rectified_patch_gpu\008506_0472_moire_blackbox_2_to_orig.png,rectified_patch_gpu\008506_0472_moire_blackbox_2_absdiff.png,60.95790870949074,73.71415915274919,304.7692075245002,287.99912193047174,4.36250444352412,-0.7406911999344927,-5.723398491021726,-2.7611578682377274,0.16703991865987475,0.3300497826234503,-0.8815639565855194,2.613657681488228,blackbox,,True,6,296.384164727486,torch_cuda,cuda,OK,
8507,C:\Users\USER\Desktop\project\calibration\moire\datasets\test\0472_moire.jpg,C:\Users\USER\Desktop\project\calibration\moire\datasets\test\augmented_9x\0472_moire_blackbox_3.jpg,rectified_patch_gpu\008507_0472_moire_blackbox_3_to_orig.png,rectified_patch_gpu\008507_0472_moire_blackbox_3_absdiff.png,61.433518156828704,74.36901941196783,307.4729172607062,284.3726391747341,-0.0003465759741078907,6.685109033030926,-8.653255100823081,1.3997682327162033,-0.0002962972051173925,-0.25998585151106474,0.20563102797597377,-2.847351721129891,blackbox,,True,12,295.9227782177202,torch_cuda,cuda,OK,
8508,C:\Users\USER\Desktop\project\calibration\moire\datasets\test\0472_moire.jpg,C:\Users\USER\Desktop\project\calibration\moire\datasets\test\augmented_9x\0472_moire_rotation_1.jpg,rectified_patch_gpu\008508_0472_moire_rotation_1_to_orig.png,rectified_patch_gpu\008508_0472_moire_rotation_1_absdiff.png,56.99101128472222,69.94616635347663,309.2948556893389,276.98635124727883,-1.5298621633390028,5.519855117266278,-8.054992917499456,-0.08667957650018329,0.11945646872932653,0.35409932711625314,0.05340381373627526,1.4818837143782115,rotation,,True,16,293.1406034683089,torch_cuda,cuda,OK,
8509,C:\Users\USER\Desktop\project\calibration\moire\datasets\test\0472_moire.jpg,C:\Users\USER\Desktop\project\calibration\moire\datasets\test\augmented_9x\0472_moire_rotation_2.jpg,rectified_patch_gpu\008509_0472_moire_rotation_2_to_orig.png,rectified_patch_gpu\008509_0472_moire_rotation_2_absdiff.png,53.648432436342596,66.26970665077276,288.56073306155156,268.681534677825,-0.0002888236423042983,0.2058657001484672,0.24905762735299516,-2.9301073812944516,-0.27082900679503913,0.1669803474646401,-0.1301918410768222,2.7411725726105587,rotation,,True,11,278.62113386968826,torch_cuda,cuda,OK,
8510,C:\Users\USER\Desktop\project\calibration\moire\datasets\test\0472_moire.jpg,C:\Users\USER\Desktop\project\calibration\moire\datasets\test\augmented_9x\0472_moire_rotation_3.jpg,rectified_patch_gpu\008510_0472_moire_rotation_3_to_orig.png,rectified_patch_gpu\008510_0472_moire_rotation_3_absdiff.png,115.1924821566358,121.7823580123248,288.56073306155156,305.64068802053004,-0.0002888236423042983,0.2058657001484672,0.24905762735299516,-2.9301073812944516,4.638681333683325,-1.036430851870849,-6.377411599327464,-2.327248235192968,rotation,,True,11,297.1007105410408,torch_cuda,cuda,OK,
8511,C:\Users\USER\Desktop\project\calibration\moire\datasets\test\0472_moire.jpg,C:\Users\USER\Desktop\project\calibration\moire\datasets\test\augmented_9x\0472_moire_translation_1.jpg,rectified_patch_gpu\008511_0472_moire_translation_1_to_orig.png,rectified_patch_gpu\008511_0472_moire_translation_1_absdiff.png,130.65722969714506,140.90101575345346,288.56073306155156,305.5165040871215,-0.0002888236423042983,0.2058657001484672,0.24905762735299516,-2.9301073812944516,6.071083739540953,1.0339100790203242,-8.751866005605288,-2.722802103618824,translation,,True,11,297.0386185743365,torch_cuda,cuda,OK,
8512,C:\Users\USER\Desktop\project\calibration\moire\datasets\test\0472_moire.jpg,C:\Users\USER\Desktop\project\calibration\moire\datasets\test\augmented_9x\0472_moire_translation_2.jpg,rectified_patch_gpu\008512_0472_moire_translation_2_to_orig.png,rectified_patch_gpu\008512_0472_moire_translation_2_absdiff.png,125.47402416087964,132.23764416528542,288.56073306155156,305.7166970966968,-0.0002888236423042983,0.2058657001484672,0.24905762735299516,-2.9301073812944516,-0.33676842251522693,-4.89151915374113,-6.760131636776782,2.2882608411136114,translation,,True,11,297.13871507912415,torch_cuda,cuda,OK,
8513,C:\Users\USER\Desktop\project\calibration\moire\datasets\test\0472_moire.jpg,C:\Users\USER\Desktop\project\calibration\moire\datasets\test\augmented_9x\0472_moire_translation_3.jpg,rectified_patch_gpu\008513_0472_moire_translation_3_to_orig.png,rectified_patch_gpu\008513_0472_moire_translation_3_absdiff.png,81.47654067804784,91.53589297412468,288.56073306155156,307.6352015721558,-0.0002888236423042983,0.2058657001484672,0.24905762735299516,-2.9301073812944516,-4.524804549235915,0.0016703930366326813,-5.983185074152118,1.4063359003239242,translation,,True,11,298.09796731685367,torch_cuda,cuda,OK,
8514,C:\Users\USER\Desktop\project\calibration\moire\datasets\test\0473_gt.jpg,C:\Users\USER\Desktop\project\calibration\moire\datasets\test\augmented_9x\0473_gt_blackbox_1.jpg,rectified_patch_gpu\008514_0473_gt_blackbox_1_to_orig.png,rectified_patch_gpu\008514_0473_gt_blackbox_1_absdiff.png,19.614582730516975,51.5955428719063,303.3676189892098,303.3676189892098,0.7486211574622659,-3.2199228945548044,-3.438900594402262,78.93540686207348,0.7486211574622659,-3.2199228945548044,-3.438900594402262,78.93540686207348,blackbox,,True,13,303.3676189892098,torch_cuda,cuda,OK,
8515,C:\Users\USER\Desktop\project\calibration\moire\datasets\test\0473_gt.jpg,C:\Users\USER\Desktop\project\calibration\moire\datasets\test\augmented_9x\0473_gt_blackbox_2.jpg,rectified_patch_gpu\008515_0473_gt_blackbox_2_to_orig.png,rectified_patch_gpu\008515_0473_gt_blackbox_2_absdiff.png,117.16865234375,136.67063812191986,301.46763667289565,303.9262699031426,-0.001177302966275085,-1.6117099055398099,-0.35570570541023216,2.2755919794423756,-3.0335336165216704,3.0335336173492653,-5.065968551069602,3.141592653589793,blackbox,,True,12,302.69695328801913,torch_cuda,cuda,OK,
8516,C:\Users\USER\Desktop\project\calibration\moire\datasets\test\0473_gt.jpg,C:\Users\USER\Desktop\project\calibration\moire\datasets\test\augmented_9x\0473_gt_blackbox_3.jpg,rectified_patch_gpu\008516_0473_gt_blackbox_3_to_orig.png,rectified_patch_gpu\008516_0473_gt_blackbox_3_absdiff.png,25.00265854070216,64.43444733113962,303.3676189892098,303.3676189892098,0.7486211574622659,-3.2199228945548044,-3.438900594402262,78.93540686207348,0.7486211574622659,-3.2199228945548044,-3.438900594402262,78.93540686207348,blackbox,,True,13,303.3676189892098,torch_cuda,cuda,OK,
8517,C:\Users\USER\Desktop\project\calibration\moire\datasets\test\0473_gt.jpg,C:\Users\USER\Desktop\project\calibration\moire\datasets\test\augmented_9x\0473_gt_rotation_1.jpg,rectified_patch_gpu\008517_0473_gt_rotation_1_to_orig.png,rectified_patch_gpu\008517_0473_gt_rotation_1_absdiff.png,84.26052806712963,104.83161555485012,301.46763667289565,282.02851928446313,-0.001177302966275085,-1.6117099055398099,-0.35570570541023216,2.2755919794423756,-0.0002769585850424851,0.28357396955494385,0.12483222919575766,2.5752410996960062,rotation,,True,12,291.74807797867936,torch_cuda,cuda,OK,
8518,C:\Users\USER\Desktop\project\calibration\moire\datasets\test\0473_gt.jpg,C:\Users\USER\Desktop\project\calibration\moire\datasets\test\augmented_9x\0473_gt_rotation_2.jpg,rectified_patch_gpu\008518_0473_gt_rotation_2_to_orig.png,rectified_patch_gpu\008518_0473_gt_rotation_2_absdiff.png,127.60648678626544,143.3200530881408,306.9731411962653,286.4258743528978,5.70576983088792,-0.2964079603346324,-7.990369525043864,1.677087893528923,-0.00027709828447119013,0.26936202230039946,0.15342880399247813,2.47834231211288,rotation,,True,6,296.69950777458155,torch_cuda,cuda,OK,
8519,C:\Users\USER\Desktop\project\calibration\moire\datasets\test\0473_gt.jpg,C:\Users\USER\Desktop\project\calibration\moire\datasets\test\augmented_9x\0473_gt_rotation_3.jpg,rectified_patch_gpu\008519_0473_gt_rotation_3_to_orig.png,rectified_patch_gpu\008519_0473_gt_rotation_3_absdiff.png,147.22735230999228,157.9737820460175,306.87652701196146,298.41862426567934,-1.1832115194507025,-4.389212683748163,-6.100573892785471,1.7799054119117024,-0.0002785425424913261,-0.12454980818721224,0.2856635571103106,-2.4276225441301236,rotation,,True,16,302.6475756388204,torch_cuda,cuda,OK,
8520,C:\Users\USER\Desktop\project\calibration\moire\datasets\test\0473_gt.jpg,C:\Users\USER\Desktop\project\calibration\moire\datasets\test\augmented_9x\0473_gt_translation_1.jpg,rectified_patch_gpu\008520_0473_gt_translation_1_to_orig.png,rectified_patch_gpu\008520_0473_gt_translation_1_absdiff.png,131.83467194733797,146.98226636173226,306.87652701196146,288.76233484805533,-1.1832115194507025,-4.389212683748163,-6.100573892785471,1.7799054119117024,0.3777680902026467,0.0003217712038495715,-0.06093073893366502,2.5062674311793147,translation,,True,16,297.81943093000837,torch_cuda,cuda,OK,
8521,C:\Users\USER\Desktop\project\calibration\moire\datasets\test\0473_gt.jpg,C:\Users\USER\Desktop\project\calibration\moire\datasets\test\augmented_9x\0473_gt_translation_2.jpg,rectified_patch_gpu\008521_0473_gt_translation_2_to_orig.png,rectified_patch_gpu\008521_0473_gt_translation_2_absdiff.png,115.33868308738425,133.93237555988614,306.2939374572187,299.3490834955456,1.2937348643985735,1.6818708329822545,-1.6992807237162255,2.018538783360483,-0.16266214063049653,-0.19100206497239205,0.17647082195156807,1.2370083430448482,translation,,True,7,302.8215104763822,torch_cuda,cuda,OK,
8522,C:\Users\USER\Desktop\project\calibration\moire\datasets\test\0473_gt.jpg,C:\Users\USER\Desktop\project\calibration\moire\datasets\test\augmented_9x\0473_gt_translation_3.jpg,rectified_patch_gpu\008522_0473_gt_translation_3_to_orig.png,rectified_patch_gpu\008522_0473_gt_translation_3_absdiff.png,113.34988811728395,132.12897235796368,306.2939374572187,295.49189506750463,1.2937348643985735,1.6818708329822545,-1.6992807237162255,2.018538783360483,-0.3305461689547392,0.3338968626361422,-0.09582123270317755,-2.8529583346007588,translation,,True,7,300.89291626236167,torch_cuda,cuda,OK,
8523,C:\Users\USER\Desktop\project\calibration\moire\datasets\test\0473_moire.jpg,C:\Users\USER\Desktop\project\calibration\moire\datasets\test\augmented_9x\0473_moire_blackbox_1.jpg,rectified_patch_gpu\008523_0473_moire_blackbox_1_to_orig.png,rectified_patch_gpu\008523_0473_moire_blackbox_1_absdiff.png,80.78864836516203,96.2290317424112,297.0884450284796,308.19298142310436,-0.09603137132627297,0.07077036061634157,0.24569067596982683,-3.116015289634882,-0.6677297115556611,-7.228614402877966,-9.538153072995982,0.9267206049803326,blackbox,,True,5,302.64071322579196,torch_cuda,cuda,OK,
8524,C:\Users\USER\Desktop\project\calibration\moire\datasets\test\0473_moire.jpg,C:\Users\USER\Desktop\project\calibration\moire\datasets\test\augmented_9x\0473_moire_blackbox_2.jpg,rectified_patch_gpu\008524_0473_moire_blackbox_2_to_orig.png,rectified_patch_gpu\008524_0473_moire_blackbox_2_absdiff.png,56.73280249324846,84.71307301819566,294.8804027722874,294.5897598820712,-0.034716708436152606,0.07036619624784012,0.25998139653228686,-3.124690271823822,-0.009301736897729793,0.07044291722773312,0.26241086434151756,-3.1331371767733076,blackbox,,True,10,294.7350813271793,torch_cuda,cuda,OK,
8525,C:\Users\USER\Desktop\project\calibration\moire\datasets\test\0473_moire.jpg,C:\Users\USER\Desktop\project\calibration\moire\datasets\test\augmented_9x\0473_moire_blackbox_3.jpg,rectified_patch_gpu\008525_0473_moire_blackbox_3_to_orig.png,rectified_patch_gpu\008525_0473_moire_blackbox_3_absdiff.png,51.287821301118825,71.66065647490909,294.8804027722874,294.5897598820712,-0.034716708436152606,0.07036619624784012,0.25998139653228686,-3.124690271823822,-0.009301736897729793,0.07044291722773312,0.26241086434151756,-3.1331371767733076,blackbox,,True,10,294.7350813271793,torch_cuda,cuda,OK,
8526,C:\Users\USER\Desktop\project\calibration\moire\datasets\test\0473_moire.jpg,C:\Users\USER\Desktop\project\calibration\moire\datasets\test\augmented_9x\0473_moire_rotation_1.jpg,rectified_patch_gpu\008526_0473_moire_rotation_1_to_orig.png,rectified_patch_gpu\008526_0473_moire_rotation_1_absdiff.png,76.72359893422068,92.04228153074874,294.8804027722874,305.93656083972246,-0.034716708436152606,0.07036619624784012,0.25998139653228686,-3.124690271823822,-1.8124139657546827,-3.0749891424417157,-4.489649331820026,2.8021059837545526,rotation,,True,10,300.40848180600494,torch_cuda,cuda,OK,
8527,C:\Users\USER\Desktop\project\calibration\moire\datasets\test\0473_moire.jpg,C:\Users\USER\Desktop\project\calibration\moire\datasets\test\augmented_9x\0473_moire_rotation_2.jpg,rectified_patch_gpu\008527_0473_moire_rotation_2_to_orig.png,rectified_patch_gpu\008527_0473_moire_rotation_2_absdiff.png,75.19025438850309,90.62085913538867,294.8804027722874,305.9885641431952,-0.034716708436152606,0.07036619624784012,0.25998139653228686,-3.124690271823822,0.15704024445207843,0.7453488542492508,-0.989019838286481,2.5750453072024113,rotation,,True,10,300.4344834577413,torch_cuda,cuda,OK,
8528,C:\Users\USER\Desktop\project\calibration\moire\datasets\test\0473_moire.jpg,C:\Users\USER\Desktop\project\calibration\moire\datasets\test\augmented_9x\0473_moire_rotation_3.jpg,rectified_patch_gpu\008528_0473_moire_rotation_3_to_orig.png,rectified_patch_gpu\008528_0473_moire_rotation_3_absdiff.png,77.94532093942901,93.74935403712642,294.8804027722874,307.1720696671511,-0.034716708436152606,0.07036619624784012,0.25998139653228686,-3.124690271823822,1.4913605120020197,4.410892438897925,-6.017587553500919,1.6856342386861507,rotation,,True,10,301.0262362197193,torch_cuda,cuda,OK,
8529,C:\Users\USER\Desktop\project\calibration\moire\datasets\test\0473_moire.jpg,C:\Users\USER\Desktop\project\calibration\moire\datasets\test\augmented_9x\0473_moire_translation_1.jpg,rectified_patch_gpu\008529_0473_moire_translation_1_to_orig.png,rectified_patch_gpu\008529_0473_moire_translation_1_absdiff.png,84.92768844039352,100.14795595497151,294.8804027722874,306.6022099984832,-0.034716708436152606,0.07036619624784012,0.25998139653228686,-3.124690271823822,-0.09569363141093834,-0.08841646103914477,0.23861930639784662,1.7259654109924658,translation,,True,10,300.7413063853853,torch_cuda,cuda,OK,
8530,C:\Users\USER\Desktop\project\calibration\moire\datasets\test\0473_moire.jpg,C:\Users\USER\Desktop\project\calibration\moire\datasets\test\augmented_9x\0473_moire_translation_2.jpg,rectified_patch_gpu\008530_0473_moire_translation_2_to_orig.png,rectified_patch_gpu\008530_0473_moire_translation_2_absdiff.png,82.78485857928241,97.14189295446936,294.8804027722874,306.4450552065061,-0.034716708436152606,0.07036619624784012,0.25998139653228686,-3.124690271823822,0.08841646103914506,0.0956936314109384,0.23861930639784648,1.7259654109924663,translation,,True,10,300.6627289893968,torch_cuda,cuda,OK,
8531,C:\Users\USER\Desktop\project\calibration\moire\datasets\test\0473_moire.jpg,C:\Users\USER\Desktop\project\calibration\moire\datasets\test\augmented_9x\0473_moire_translation_3.jpg,rectified_patch_gpu\008531_0473_moire_translation_3_to_orig.png,rectified_patch_gpu\008531_0473_moire_translation_3_absdiff.png,41.862641420717594,55.34944807775899,294.8804027722874,291.5299913853374,-0.034716708436152606,0.07036619624784012,0.25998139653228686,-3.124690271823822,-0.008913400058037793,0.13175227716684737,0.23942671723580666,-3.124636785950602,translation,,True,10,293.2051970788124,torch_cuda,cuda,OK,
8532,C:\Users\USER\Desktop\project\calibration\moire\datasets\test\0474_gt.jpg,C:\Users\USER\Desktop\project\calibration\moire\datasets\test\augmented_9x\0474_gt_blackbox_1.jpg,rectified_patch_gpu\008532_0474_gt_blackbox_1_to_orig.png,rectified_patch_gpu\008532_0474_gt_blackbox_1_absdiff.png,33.53784782503858,46.94507561033006,295.476433506564,305.05786496026445,-0.0002780760916799578,-0.17060569557625818,0.2601563239259538,2.4749704061891737,-0.001659234671354697,-4.638182014402112,-6.170000444026991,-2.513375774551174,blackbox,,True,18,300.2671492334142,torch_cuda,cuda,OK,
8533,C:\Users\USER\Desktop\project\calibration\moire\datasets\test\0474_gt.jpg,C:\Users\USER\Desktop\project\calibration\moire\datasets\test\augmented_9x\0474_gt_blackbox_2.jpg,rectified_patch_gpu\008533_0474_gt_blackbox_2_to_orig.png,rectified_patch_gpu\008533_0474_gt_blackbox_2_absdiff.png,152.85154308931328,158.6916791076714,295.476433506564,305.2048827139844,-0.0002780760916799578,-0.17060569557625818,0.2601563239259538,2.4749704061891737,1.4882526408248538,-5.631126161623044,-8.161429246641136,22.26720754829978,blackbox,,True,18,300.34065811027415,torch_cuda,cuda,OK,
8534,C:\Users\USER\Desktop\project\calibration\moire\datasets\test\0474_gt.jpg,C:\Users\USER\Desktop\project\calibration\moire\datasets\test\augmented_9x\0474_gt_blackbox_3.jpg,rectified_patch_gpu\008534_0474_gt_blackbox_3_to_orig.png,rectified_patch_gpu\008534_0474_gt_blackbox_3_absdiff.png,33.41695240162037,46.30696163840331,295.476433506564,307.62815952585413,-0.0002780760916799578,-0.17060569557625818,0.2601563239259538,2.4749704061891737,6.286419064567006,4.518138667022065,-10.941274190605846,-1003.8551342975265,blackbox,,True,18,301.552296516209,torch_cuda,cuda,OK,
8535,C:\Users\USER\Desktop\project\calibration\moire\datasets\test\0474_gt.jpg,C:\Users\USER\Desktop\project\calibration\moire\datasets\test\augmented_9x\0474_gt_rotation_1.jpg,rectified_patch_gpu\008535_0474_gt_rotation_1_to_orig.png,rectified_patch_gpu\008535_0474_gt_rotation_1_absdiff.png,35.48466194058642,48.4475574360373,295.476433506564,311.79347711796686,-0.0002780760916799578,-0.17060569557625818,0.2601563239259538,2.4749704061891737,-1.2111098076459492,2.575471244629046,-2.6809298525714813,-0.6779450356831468,rotation,,True,18,303.63495531226545,torch_cuda,cuda,OK,
8536,C:\Users\USER\Desktop\project\calibration\moire\datasets\test\0474_gt.jpg,C:\Users\USER\Desktop\project\calibration\moire\datasets\test\augmented_9x\0474_gt_rotation_2.jpg,rectified_patch_gpu\008536_0474_gt_rotation_2_to_orig.png,rectified_patch_gpu\008536_0474_gt_rotation_2_absdiff.png,34.26224211516204,46.914837399221675,295.476433506564,308.53510592579073,-0.0002780760916799578,-0.17060569557625818,0.2601563239259538,2.4749704061891737,2.896511304263454,-5.629080916573974,-8.995401189157013,-0.9195558568959674,rotation,,True,18,302.0057697161774,torch_cuda,cuda,OK,
8537,C:\Users\USER\Desktop\project\calibration\moire\datasets\test\0474_gt.jpg,C:\Users\USER\Desktop\project\calibration\moire\datasets\test\augmented_9x\0474_gt_rotation_3.jpg,rectified_patch_gpu\008537_0474_gt_rotation_3_to_orig.png,rectified_patch_gpu\008537_0474_gt_rotation_3_absdiff.png,33.119760681905866,45.82884454949842,295.476433506564,305.5836192835347,-0.0002780760916799578,-0.17060569557625818,0.2601563239259538,2.4749704061891737,6.38040272711333,-0.4440047275147232,-9.085668326440048,2.6310786626491764,rotation,,True,18,300.53002639504933,torch_cuda,cuda,OK,
8538,C:\Users\USER\Desktop\project\calibration\moire\datasets\test\0474_gt.jpg,C:\Users\USER\Desktop\project\calibration\moire\datasets\test\augmented_9x\0474_gt_translation_1.jpg,rectified_patch_gpu\008538_0474_gt_translation_1_to_orig.png,rectified_patch_gpu\008538_0474_gt_translation_1_absdiff.png,33.74495888792438,46.56762726425897,295.476433506564,303.8231526202791,-0.0002780760916799578,-0.17060569557625818,0.2601563239259538,2.4749704061891737,-0.5490688151525076,3.5102082419617346,-4.173434730776969,2.8284969488370195,translation,,True,18,299.6497930634215,torch_cuda,cuda,OK,
8539,C:\Users\USER\Desktop\project\calibration\moire\datasets\test\0474_gt.jpg,C:\Users\USER\Desktop\project\calibration\moire\datasets\test\augmented_9x\0474_gt_translation_2.jpg,rectified_patch_gpu\008539_0474_gt_translation_2_to_orig.png,rectified_patch_gpu\008539_0474_gt_translation_2_absdiff.png,39.0864754533179,53.55245079372802,295.476433506564,306.03953556271506,-0.0002780760916799578,-0.17060569557625818,0.2601563239259538,2.4749704061891737,4.279174121898643,1.596686318133702,-6.132056673246865,2.1585853098945615,translation,,True,18,300.7579845346395,torch_cuda,cuda,OK,
8540,C:\Users\USER\Desktop\project\calibration\moire\datasets\test\0474_gt.jpg,C:\Users\USER\Desktop\project\calibration\moire\datasets\test\augmented_9x\0474_gt_translation_3.jpg,rectified_patch_gpu\008540_0474_gt_translation_3_to_orig.png,rectified_patch_gpu\008540_0474_gt_translation_3_absdiff.png,33.41753484278549,46.65083341815254,295.476433506564,305.7039121691134,-0.0002780760916799578,-0.17060569557625818,0.2601563239259538,2.4749704061891737,-2.5769051684239823,-5.159884923683276,-8.12220320044037,-2.2845873881958085,translation,,True,18,300.5901728378387,torch_cuda,cuda,OK,
8541,C:\Users\USER\Desktop\project\calibration\moire\datasets\test\0474_moire.jpg,C:\Users\USER\Desktop\project\calibration\moire\datasets\test\augmented_9x\0474_moire_blackbox_1.jpg,rectified_patch_gpu\008541_0474_moire_blackbox_1_to_orig.png,rectified_patch_gpu\008541_0474_moire_blackbox_1_absdiff.png,71.29093810281636,88.33495340290764,283.20006040489676,305.9908439329702,-0.22317976993911415,0.3075232075732843,0.10099735726050876,-2.018799867669553,7.175478535570591,0.09118417429305048,-9.07509836440542,2.660790884906296,blackbox,,True,3,294.5954521689335,torch_cuda,cuda,OK,
8542,C:\Users\USER\Desktop\project\calibration\moire\datasets\test\0474_moire.jpg,C:\Users\USER\Desktop\project\calibration\moire\datasets\test\augmented_9x\0474_moire_blackbox_2.jpg,rectified_patch_gpu\008542_0474_moire_blackbox_2_to_orig.png,rectified_patch_gpu\008542_0474_moire_blackbox_2_absdiff.png,156.23759319540895,170.51529554353417,283.20006040489676,305.9908439329702,-0.22317976993911415,0.3075232075732843,0.10099735726050876,-2.018799867669553,7.175478535570591,0.09118417429305048,-9.07509836440542,2.660790884906296,blackbox,,True,3,294.5954521689335,torch_cuda,cuda,OK,
8543,C:\Users\USER\Desktop\project\calibration\moire\datasets\test\0474_moire.jpg,C:\Users\USER\Desktop\project\calibration\moire\datasets\test\augmented_9x\0474_moire_blackbox_3.jpg,rectified_patch_gpu\008543_0474_moire_blackbox_3_to_orig.png,rectified_patch_gpu\008543_0474_moire_blackbox_3_absdiff.png,71.29093810281636,88.33495340290764,283.20006040489676,305.9908439329702,-0.22317976993911415,0.3075232075732843,0.10099735726050876,-2.018799867669553,7.175478535570591,0.09118417429305048,-9.07509836440542,2.660790884906296,blackbox,,True,3,294.5954521689335,torch_cuda,cuda,OK,
8544,C:\Users\USER\Desktop\project\calibration\moire\datasets\test\0474_moire.jpg,C:\Users\USER\Desktop\project\calibration\moire\datasets\test\augmented_9x\0474_moire_rotation_1.jpg,rectified_patch_gpu\008544_0474_moire_rotation_1_to_orig.png,rectified_patch_gpu\008544_0474_moire_rotation_1_absdiff.png,71.56246744791666,87.71186809154618,283.20006040489676,308.8675855785314,-0.22317976993911415,0.3075232075732843,0.10099735726050876,-2.018799867669553,6.115897614679582,-6.325254248968562,-12.0797753419086,-0.15711946836839638,rotation,,True,3,296.0338229917141,torch_cuda,cuda,OK,
8545,C:\Users\USER\Desktop\project\calibration\moire\datasets\test\0474_moire.jpg,C:\Users\USER\Desktop\project\calibration\moire\datasets\test\augmented_9x\0474_moire_rotation_2.jpg,rectified_patch_gpu\008545_0474_moire_rotation_2_to_orig.png,rectified_patch_gpu\008545_0474_moire_rotation_2_absdiff.png,71.80307544849536,88.14747493057737,283.20006040489676,308.1398834424645,-0.22317976993911415,0.3075232075732843,0.10099735726050876,-2.018799867669553,7.0458644567874416,-5.29020205807241,-11.170237924104981,539.3532207320877,rotation,,True,3,295.66997192368063,torch_cuda,cuda,OK,
8546,C:\Users\USER\Desktop\project\calibration\moire\datasets\test\0474_moire.jpg,C:\Users\USER\Desktop\project\calibration\moire\datasets\test\augmented_9x\0474_moire_rotation_3.jpg,rectified_patch_gpu\008546_0474_moire_rotation_3_to_orig.png,rectified_patch_gpu\008546_0474_moire_rotation_3_absdiff.png,69.77240342881944,86.38020710509272,283.20006040489676,305.3389362825042,-0.22317976993911415,0.3075232075732843,0.10099735726050876,-2.018799867669553,5.443512500905474,-2.71092981893959,-8.62918489161312,-3.0840762683555405,rotation,,True,3,294.2694983437005,torch_cuda,cuda,OK,
8547,C:\Users\USER\Desktop\project\calibration\moire\datasets\test\0474_moire.jpg,C:\Users\USER\Desktop\project\calibration\moire\datasets\test\augmented_9x\0474_moire_translation_1.jpg,rectified_patch_gpu\008547_0474_moire_translation_1_to_orig.png,rectified_patch_gpu\008547_0474_moire_translation_1_absdiff.png,73.08934606481482,90.33223122971691,283.20006040489676,308.60065168668064,-0.22317976993911415,0.3075232075732843,0.10099735726050876,-2.018799867669553,3.3650871578686576,-4.6070539694894705,-7.1465226925386816,0.008901753107700208,translation,,True,3,295.9003560457887,torch_cuda,cuda,OK,
8548,C:\Users\USER\Desktop\project\calibration\moire\datasets\test\0474_moire.jpg,C:\Users\USER\Desktop\project\calibration\moire\datasets\test\augmented_9x\0474_moire_translation_2.jpg,rectified_patch_gpu\008548_0474_moire_translation_2_to_orig.png,rectified_patch_gpu\008548_0474_moire_translation_2_absdiff.png,71.5759854841821,88.59586268764723,283.20006040489676,307.82724663847284,-0.22317976993911415,0.3075232075732843,0.10099735726050876,-2.018799867669553,-5.753555871430343,-6.983517669518363,-11.401728181648238,-0.9683883380444899,translation,,True,3,295.5136535216848,torch_cuda,cuda,OK,
8549,C:\Users\USER\Desktop\project\calibration\moire\datasets\test\0474_moire.jpg,C:\Users\USER\Desktop\project\calibration\moire\datasets\test\augmented_9x\0474_moire_translation_3.jpg,rectified_patch_gpu\008549_0474_moire_translation_3_to_orig.png,rectified_patch_gpu\008549_0474_moire_translation_3_absdiff.png,114.00918125482254,136.4271675389602,283.20006040489676,316.83777982156096,-0.22317976993911415,0.3075232075732843,0.10099735726050876,-2.018799867669553,-0.1692274074992179,-0.16574561393730836,0.2677018330027623,-2.017185392453863,translation,,True,3,300.0189201132289,torch_cuda,cuda,OK,
8550,C:\Users\USER\Desktop\project\calibration\moire\datasets\test\0475_gt.jpg,C:\Users\USER\Desktop\project\calibration\moire\datasets\test\augmented_9x\0475_gt_blackbox_1.jpg,rectified_patch_gpu\008550_0475_gt_blackbox_1_to_orig.png,rectified_patch_gpu\008550_0475_gt_blackbox_1_absdiff.png,122.92284746334876,140.83288675656513,300.91756105444114,300.21853070604817,-0.8445124768362063,0.09193880855657313,0.010025602047915139,0.5379688915952832,1.7927009803140221,0.15490413839762268,-1.0842021477114645,2.8665217722575096,blackbox,,True,15,300.56804588024465,torch_cuda,cuda,OK,
8551,C:\Users\USER\Desktop\project\calibration\moire\datasets\test\0475_gt.jpg,C:\Users\USER\Desktop\project\calibration\moire\datasets\test\augmented_9x\0475_gt_blackbox_2.jpg,rectified_patch_gpu\008551_0475_gt_blackbox_2_to_orig.png,rectified_patch_gpu\008551_0475_gt_blackbox_2_absdiff.png,153.87702811535493,174.15365599939395,300.91756105444114,300.21853070604817,-0.8445124768362063,0.09193880855657313,0.010025602047915139,0.5379688915952832,1.7927009803140221,0.15490413839762268,-1.0842021477114645,2.8665217722575096,blackbox,,True,15,300.56804588024465,torch_cuda,cuda,OK,
8552,C:\Users\USER\Desktop\project\calibration\moire\datasets\test\0475_gt.jpg,C:\Users\USER\Desktop\project\calibration\moire\datasets\test\augmented_9x\0475_gt_blackbox_3.jpg,rectified_patch_gpu\008552_0475_gt_blackbox_3_to_orig.png,rectified_patch_gpu\008552_0475_gt_blackbox_3_absdiff.png,123.25444721739969,141.13257683365168,300.91756105444114,300.21853070604817,-0.8445124768362063,0.09193880855657313,0.010025602047915139,0.5379688915952832,1.7927009803140221,0.15490413839762268,-1.0842021477114645,2.8665217722575096,blackbox,,True,15,300.56804588024465,torch_cuda,cuda,OK,
8553,C:\Users\USER\Desktop\project\calibration\moire\datasets\test\0475_gt.jpg,C:\Users\USER\Desktop\project\calibration\moire\datasets\test\augmented_9x\0475_gt_rotation_1.jpg,rectified_patch_gpu\008553_0475_gt_rotation_1_to_orig.png,rectified_patch_gpu\008553_0475_gt_rotation_1_absdiff.png,125.29803204571759,141.57780956983206,300.91756105444114,305.6130187894792,-0.8445124768362063,0.09193880855657313,0.010025602047915139,0.5379688915952832,-1.31357869982407,-5.892320443178093,-8.575260351959262,2.628383658898437,rotation,,True,15,303.2652899219602,torch_cuda,cuda,OK,
8554,C:\Users\USER\Desktop\project\calibration\moire\datasets\test\0475_gt.jpg,C:\Users\USER\Desktop\project\calibration\moire\datasets\test\augmented_9x\0475_gt_rotation_2.jpg,rectified_patch_gpu\008554_0475_gt_rotation_2_to_orig.png,rectified_patch_gpu\008554_0475_gt_rotation_2_absdiff.png,128.80577353395063,155.7252656980752,307.5265880242084,298.491203861048,4.727315091975772,-4.544446326282285,-9.314003923609423,-1.533697509465609,0.14461857496005592,1.6403918777111994,-0.8464885870471512,2.8810163700846645,rotation,,True,22,303.0088959426282,torch_cuda,cuda,OK,
8555,C:\Users\USER\Desktop\project\calibration\moire\datasets\test\0475_gt.jpg,C:\Users\USER\Desktop\project\calibration\moire\datasets\test\augmented_9x\0475_gt_rotation_3.jpg,rectified_patch_gpu\008555_0475_gt_rotation_3_to_orig.png,rectified_patch_gpu\008555_0475_gt_rotation_3_absdiff.png,103.60479624807098,114.58495593548095,300.91756105444114,306.1485570671806,-0.8445124768362063,0.09193880855657313,0.010025602047915139,0.5379688915952832,-0.0010036988539480376,-6.040133633840046,-8.577379080798346,-2.143025530431749,rotation,,True,15,303.53305906081084,torch_cuda,cuda,OK,
8556,C:\Users\USER\Desktop\project\calibration\moire\datasets\test\0475_gt.jpg,C:\Users\USER\Desktop\project\calibration\moire\datasets\test\augmented_9x\0475_gt_translation_1.jpg,rectified_patch_gpu\008556_0475_gt_translation_1_to_orig.png,rectified_patch_gpu\008556_0475_gt_translation_1_absdiff.png,116.5058309220679,134.29299369521505,300.1143142840036,304.5680711215916,-0.027561106829604793,-0.0958686079448444,0.2949241163713295,2.3191002604061723,4.424373469158718,0.5442468688925353,-5.788697787741663,3.07051131542737,translation,,True,17,302.34119270279757,torch_cuda,cuda,OK,
8557,C:\Users\USER\Desktop\project\calibration\moire\datasets\test\0475_gt.jpg,C:\Users\USER\Desktop\project\calibration\moire\datasets\test\augmented_9x\0475_gt_translation_2.jpg,rectified_patch_gpu\008557_0475_gt_translation_2_to_orig.png,rectified_patch_gpu\008557_0475_gt_translation_2_absdiff.png,141.95341616030092,164.81859022311656,305.1164610592606,302.5453046979655,0.41816323706778524,-4.246918046451341,-5.409730547520157,2.3164441141955625,1.640659119798086,-0.07089451666272847,-0.2593277773149496,2.3596226531509448,translation,,True,12,303.830882878613,torch_cuda,cuda,OK,
8558,C:\Users\USER\Desktop\project\calibration\moire\datasets\test\0475_gt.jpg,C:\Users\USER\Desktop\project\calibration\moire\datasets\test\augmented_9x\0475_gt_translation_3.jpg,rectified_patch_gpu\008558_0475_gt_translation_3_to_orig.png,rectified_patch_gpu\008558_0475_gt_translation_3_absdiff.png,154.5782417052469,174.66121932465742,307.5265880242084,299.5139754894086,4.727315091975772,-4.544446326282285,-9.314003923609423,-1.533697509465609,-0.027700949499065375,-0.0838679596713279,0.30019359711706484,2.3932860073843205,translation,,True,22,303.5202817568085,torch_cuda,cuda,OK,
8559,C:\Users\USER\Desktop\project\calibration\moire\datasets\test\0475_moire.jpg,C:\Users\USER\Desktop\project\calibration\moire\datasets\test\augmented_9x\0475_moire_blackbox_1.jpg,rectified_patch_gpu\008559_0475_moire_blackbox_1_to_orig.png,rectified_patch_gpu\008559_0475_moire_blackbox_1_absdiff.png,126.28769904996142,150.58145214343236,307.0961977370345,298.95653027904257,7.923787188685125,-5.86362111590816,-12.328871048765365,-2279.288956782624,-0.6883195997827264,1.858160798210596,-1.2285841706406853,3.141592653589793,blackbox,,True,1,303.0263640080385,torch_cuda,cuda,OK,
8560,C:\Users\USER\Desktop\project\calibration\moire\datasets\test\0475_moire.jpg,C:\Users\USER\Desktop\project\calibration\moire\datasets\test\augmented_9x\0475_moire_blackbox_2.jpg,rectified_patch_gpu\008560_0475_moire_blackbox_2_to_orig.png,rectified_patch_gpu\008560_0475_moire_blackbox_2_absdiff.png,135.47956404320988,158.17303588234395,305.9970853753709,305.8980754015657,0.18209392211626074,7.5002321160641685,-10.105042360933602,-2.391319916732128,0.2236081709643738,-5.1959660661413345,-7.178837388268633,2.421159366677127,blackbox,,True,9,305.9475803884683,torch_cuda,cuda,OK,
8561,C:\Users\USER\Desktop\project\calibration\moire\datasets\test\0475_moire.jpg,C:\Users\USER\Desktop\project\calibration\moire\datasets\test\augmented_9x\0475_moire_blackbox_3.jpg,rectified_patch_gpu\008561_0475_moire_blackbox_3_to_orig.png,rectified_patch_gpu\008561_0475_moire_blackbox_3_absdiff.png,55.54951485339506,81.60190774667818,305.81751437864415,305.8170223072119,7.760072101069468,-0.030933075263693044,-9.87275724467333,3.0922231240312197,7.760463854566851,-0.030931000766197925,-9.873183629819273,3.100517615358144,blackbox,,True,8,305.81726834292806,torch_cuda,cuda,OK,
8562,C:\Users\USER\Desktop\project\calibration\moire\datasets\test\0475_moire.jpg,C:\Users\USER\Desktop\project\calibration\moire\datasets\test\augmented_9x\0475_moire_rotation_1.jpg,rectified_patch_gpu\008562_0475_moire_rotation_1_to_orig.png,rectified_patch_gpu\008562_0475_moire_rotation_1_absdiff.png,139.2395529513889,163.63048799377287,308.11114478229587,300.4751471806228,6.170218732962809,-6.119028202887392,-10.925790007083378,-1.029166365324498,-0.05385795444674783,0.1378699242624558,0.5220615686617678,2.4437906112259524,rotation,,True,10,304.29314598145936,torch_cuda,cuda,OK,
8563,C:\Users\USER\Desktop\project\calibration\moire\datasets\test\0475_moire.jpg,C:\Users\USER\Desktop\project\calibration\moire\datasets\test\augmented_9x\0475_moire_rotation_2.jpg,rectified_patch_gpu\008563_0475_moire_rotation_2_to_orig.png,rectified_patch_gpu\008563_0475_moire_rotation_2_absdiff.png,139.23993055555556,163.63510638702684,305.7038301591742,299.6309016049043,11.112765834095612,-0.023332821059740744,-14.78485697469452,2390.8535241749382,-0.11536042735898502,0.03908778190115939,0.4551667791935455,-2.5346063894754,rotation,,True,22,302.66736588203923,torch_cuda,cuda,OK,
8564,C:\Users\USER\Desktop\project\calibration\moire\datasets\test\0475_moire.jpg,C:\Users\USER\Desktop\project\calibration\moire\datasets\test\augmented_9x\0475_moire_rotation_3.jpg,rectified_patch_gpu\008564_0475_moire_rotation_3_to_orig.png,rectified_patch_gpu\008564_0475_moire_rotation_3_absdiff.png,135.18061426986884,158.53373362177524,305.7140598965144,287.3221541738148,6.314221524455483,-3.533459348341367,-9.49341040795845,3.0927965528477235,-0.07074680355151311,-0.3385188677378532,0.07128298642696715,-3.1265299153567256,rotation,,True,3,296.5181070351646,torch_cuda,cuda,OK,
8565,C:\Users\USER\Desktop\project\calibration\moire\datasets\test\0475_moire.jpg,C:\Users\USER\Desktop\project\calibration\moire\datasets\test\augmented_9x\0475_moire_translation_1.jpg,rectified_patch_gpu\008565_0475_moire_translation_1_to_orig.png,rectified_patch_gpu\008565_0475_moire_translation_1_absdiff.png,139.22204415027005,163.6187516295545,308.1308784383316,290.3202325320829,6.199639783955774,-6.1443320591090895,-10.950724356232072,-1.0116423826405008,0.07741277952151081,0.28459433418764873,0.3805555050084132,-3.0892084400380426,translation,,True,11,299.2255554852072,torch_cuda,cuda,OK,
8566,C:\Users\USER\Desktop\project\calibration\moire\datasets\test\0475_moire.jpg,C:\Users\USER\Desktop\project\calibration\moire\datasets\test\augmented_9x\0475_moire_translation_2.jpg,rectified_patch_gpu\008566_0475_moire_translation_2_to_orig.png,rectified_patch_gpu\008566_0475_moire_translation_2_absdiff.png,105.23304880401234,129.43528162983282,305.7181010560142,305.55864915977105,6.346235960293605,-3.4538765557278595,-9.468482853466242,3.0929069441350454,-0.33035234460493523,-9.524557400682838,-13.15944498184431,-587.769835847607,translation,,True,4,305.6383751078926,torch_cuda,cuda,OK,
8567,C:\Users\USER\Desktop\project\calibration\moire\datasets\test\0475_moire.jpg,C:\Users\USER\Desktop\project\calibration\moire\datasets\test\augmented_9x\0475_moire_translation_3.jpg,rectified_patch_gpu\008567_0475_moire_translation_3_to_orig.png,rectified_patch_gpu\008567_0475_moire_translation_3_absdiff.png,139.22700183256174,163.6265676760661,305.7038301591742,295.9086865347926,11.112765834095612,-0.023332821059740744,-14.78485697469452,2390.8535241749382,-0.04554657759728838,-0.01569163920973999,0.475455724286088,3.096926522285459,translation,,True,22,300.8062583469834,torch_cuda,cuda,OK,
8568,C:\Users\USER\Desktop\project\calibration\moire\datasets\test\0476_gt.jpg,C:\Users\USER\Desktop\project\calibration\moire\datasets\test\augmented_9x\0476_gt_blackbox_1.jpg,rectified_patch_gpu\008568_0476_gt_blackbox_1_to_orig.png,rectified_patch_gpu\008568_0476_gt_blackbox_1_absdiff.png,91.2995100308642,115.52093716076722,305.161986207454,290.4906917449264,0.12158834405735364,-5.957838001084607,-8.414277845552272,-3.107472673021656,0.029327505831236497,0.21635415613599543,0.22376649466424642,2.4436056692780577,blackbox,,True,11,297.8263389761902,torch_cuda,cuda,OK,
8569,C:\Users\USER\Desktop\project\calibration\moire\datasets\test\0476_gt.jpg,C:\Users\USER\Desktop\project\calibration\moire\datasets\test\augmented_9x\0476_gt_blackbox_2.jpg,rectified_patch_gpu\008569_0476_gt_blackbox_2_to_orig.png,rectified_patch_gpu\008569_0476_gt_blackbox_2_absdiff.png,91.08576280381945,115.2350143275841,291.7980690567852,309.1930811325031,-0.2979672658634728,-0.269214073335644,0.05299661655612059,1.9480357980496716,5.007442455255355,-1.4700889276910338,-7.215404643091992,-0.49263264902450954,blackbox,,True,18,300.49557509464415,torch_cuda,cuda,OK,
8570,C:\Users\USER\Desktop\project\calibration\moire\datasets\test\0476_gt.jpg,C:\Users\USER\Desktop\project\calibration\moire\datasets\test\augmented_9x\0476_gt_blackbox_3.jpg,rectified_patch_gpu\008570_0476_gt_blackbox_3_to_orig.png,rectified_patch_gpu\008570_0476_gt_blackbox_3_absdiff.png,80.20364462770061,103.72055430073713,291.7980690567852,309.06164761310777,-0.2979672658634728,-0.269214073335644,0.05299661655612059,1.9480357980496716,3.7073747569255104,6.093038125152226,-10.131751052348214,-62.871579443883775,blackbox,,True,18,300.4298583349465,torch_cuda,cuda,OK,
8571,C:\Users\USER\Desktop\project\calibration\moire\datasets\test\0476_gt.jpg,C:\Users\USER\Desktop\project\calibration\moire\datasets\test\augmented_9x\0476_gt_rotation_1.jpg,rectified_patch_gpu\008571_0476_gt_rotation_1_to_orig.png,rectified_patch_gpu\008571_0476_gt_rotation_1_absdiff.png,75.58885513117283,94.05363985459448,296.12074553660466,305.14923759023003,-0.173398419034049,-0.12740744556963732,0.1907041477905716,2.1586971886014528,0.8675730263282524,5.676215233548705,-8.094488521910042,3.1104438673520427,rotation,,True,8,300.6349915634173,torch_cuda,cuda,OK,
8572,C:\Users\USER\Desktop\project\calibration\moire\datasets\test\0476_gt.jpg,C:\Users\USER\Desktop\project\calibration\moire\datasets\test\augmented_9x\0476_gt_rotation_2.jpg,rectified_patch_gpu\008572_0476_gt_rotation_2_to_orig.png,rectified_patch_gpu\008572_0476_gt_rotation_2_absdiff.png,81.61083839699074,103.6557850366139,291.7980690567852,308.4388806874329,-0.2979672658634728,-0.269214073335644,0.05299661655612059,1.9480357980496716,-4.256484846884135,-5.208071742517582,-9.52438823167796,-0.6999549639746356,rotation,,True,18,300.11847487210906,torch_cuda,cuda,OK,
8573,C:\Users\USER\Desktop\project\calibration\moire\datasets\test\0476_gt.jpg,C:\Users\USER\Desktop\project\calibration\moire\datasets\test\augmented_9x\0476_gt_rotation_3.jpg,rectified_patch_gpu\008573_0476_gt_rotation_3_to_orig.png,rectified_patch_gpu\008573_0476_gt_rotation_3_absdiff.png,74.94342749324845,94.28880440469965,296.2103487797271,305.968075808392,-0.04566083179005244,0.009257679191625385,0.3090695222840626,-3.0411405429465663,5.725328475749103,1.2241123949537887,-8.275055321276305,662.0566603015478,rotation,,True,22,301.0892122940595,torch_cuda,cuda,OK,
8574,C:\Users\USER\Desktop\project\calibration\moire\datasets\test\0476_gt.jpg,C:\Users\USER\Desktop\project\calibration\moire\datasets\test\augmented_9x\0476_gt_translation_1.jpg,rectified_patch_gpu\008574_0476_gt_translation_1_to_orig.png,rectified_patch_gpu\008574_0476_gt_translation_1_absdiff.png,75.94989209587192,97.79872736440994,291.7980690567852,308.02503494922115,-0.2979672658634728,-0.269214073335644,0.05299661655612059,1.9480357980496716,-5.526150720628451,2.064847266015949,-8.304015505610481,1.0677036493284533,translation,,True,18,299.9115520030032,torch_cuda,cuda,OK,
8575,C:\Users\USER\Desktop\project\calibration\moire\datasets\test\0476_gt.jpg,C:\Users\USER\Desktop\project\calibration\moire\datasets\test\augmented_9x\0476_gt_translation_2.jpg,rectified_patch_gpu\008575_0476_gt_translation_2_to_orig.png,rectified_patch_gpu\008575_0476_gt_translation_2_absdiff.png,76.76691864390432,96.32294818338966,291.7980690567852,305.0519137760878,-0.2979672658634728,-0.269214073335644,0.05299661655612059,1.9480357980496716,4.126087836266889,3.859311640057009,-7.860571945484038,-2.995492051787599,translation,,True,18,298.4249914164365,torch_cuda,cuda,OK,
8576,C:\Users\USER\Desktop\project\calibration\moire\datasets\test\0476_gt.jpg,C:\Users\USER\Desktop\project\calibration\moire\datasets\test\augmented_9x\0476_gt_translation_3.jpg,rectified_patch_gpu\008576_0476_gt_translation_3_to_orig.png,rectified_patch_gpu\008576_0476_gt_translation_3_absdiff.png,79.89555314429012,102.43169898137695,291.7980690567852,306.3726567549001,-0.2979672658634728,-0.269214073335644,0.05299661655612059,1.9480357980496716,-6.214612268180016,1.0674506657993383,-8.866643819565976,-2.0500615491862035,translation,,True,18,299.08536290584266,torch_cuda,cuda,OK,
8577,C:\Users\USER\Desktop\project\calibration\moire\datasets\test\0476_moire.jpg,C:\Users\USER\Desktop\project\calibration\moire\datasets\test\augmented_9x\0476_moire_blackbox_1.jpg,rectified_patch_gpu\008577_0476_moire_blackbox_1_to_orig.png,rectified_patch_gpu\008577_0476_moire_blackbox_1_absdiff.png,54.499944299768515,73.4473173615879,302.7082377088794,304.4702842983081,2.4978502030528658,-0.20596444010604437,-2.306165153078963,2.699633077649809,-3.8993296671415933,-0.2944455382751341,-4.734194838320359,2.7079445781728015,blackbox,,True,23,303.5892610035937,torch_cuda,cuda,OK,
8578,C:\Users\USER\Desktop\project\calibration\moire\datasets\test\0476_moire.jpg,C:\Users\USER\Desktop\project\calibration\moire\datasets\test\augmented_9x\0476_moire_blackbox_2.jpg,rectified_patch_gpu\008578_0476_moire_blackbox_2_to_orig.png,rectified_patch_gpu\008578_0476_moire_blackbox_2_absdiff.png,62.000552541473766,83.28800776976921,302.7082377088794,304.4702842983081,2.4978502030528658,-0.20596444010604437,-2.306165153078963,2.699633077649809,-3.8993296671415933,-0.2944455382751341,-4.734194838320359,2.7079445781728015,blackbox,,True,23,303.5892610035937,torch_cuda,cuda,OK,
8579,C:\Users\USER\Desktop\project\calibration\moire\datasets\test\0476_moire.jpg,C:\Users\USER\Desktop\project\calibration\moire\datasets\test\augmented_9x\0476_moire_blackbox_3.jpg,rectified_patch_gpu\008579_0476_moire_blackbox_3_to_orig.png,rectified_patch_gpu\008579_0476_moire_blackbox_3_absdiff.png,58.738810763888885,79.02489225656221,302.7082377088794,305.6101209541037,2.4978502030528658,-0.20596444010604437,-2.306165153078963,2.699633077649809,9.559608386709336,0.896750895404109,-13.14471208159771,3.141592653589793,blackbox,,True,23,304.15917933149154,torch_cuda,cuda,OK,
8580,C:\Users\USER\Desktop\project\calibration\moire\datasets\test\0476_moire.jpg,C:\Users\USER\Desktop\project\calibration\moire\datasets\test\augmented_9x\0476_moire_rotation_1.jpg,rectified_patch_gpu\008580_0476_moire_rotation_1_to_orig.png,rectified_patch_gpu\008580_0476_moire_rotation_1_absdiff.png,66.27569842303241,85.42818354706057,302.7082377088794,307.3253759251969,2.4978502030528658,-0.20596444010604437,-2.306165153078963,2.699633077649809,0.6485537457842269,-1.6806464745535445,-1.1219900706800463,-1.8891409377586437,rotation,,True,23,305.0168068170382,torch_cuda,cuda,OK,
8581,C:\Users\USER\Desktop\project\calibration\moire\datasets\test\0476_moire.jpg,C:\Users\USER\Desktop\project\calibration\moire\datasets\test\augmented_9x\0476_moire_rotation_2.jpg,rectified_patch_gpu\008581_0476_moire_rotation_2_to_orig.png,rectified_patch_gpu\008581_0476_moire_rotation_2_absdiff.png,62.58742874710648,83.37457378189755,306.3421076283668,295.0678695695758,0.8728966270145799,-4.11307090747724,-5.2780402050055235,1.7942684006145044,0.2632162360896688,-0.14523496709501918,0.14322252098486207,136.5775285716038,rotation,,True,21,300.70498859897134,torch_cuda,cuda,OK,
8582,C:\Users\USER\Desktop\project\calibration\moire\datasets\test\0476_moire.jpg,C:\Users\USER\Desktop\project\calibration\moire\datasets\test\augmented_9x\0476_moire_rotation_3.jpg,rectified_patch_gpu\008582_0476_moire_rotation_3_to_orig.png,rectified_patch_gpu\008582_0476_moire_rotation_3_absdiff.png,50.366290268132715,68.8544129558687,304.3730951353192,304.3996162280421,3.814008150450403,0.49446718492660147,-4.573549113382336,2.739786219741427,3.898991050699297,0.0017320369883226656,-4.836298866022979,2.862840263292973,rotation,,True,8,304.38635568168064,torch_cuda,cuda,OK,
8583,C:\Users\USER\Desktop\project\calibration\moire\datasets\test\0476_moire.jpg,C:\Users\USER\Desktop\project\calibration\moire\datasets\test\augmented_9x\0476_moire_translation_1.jpg,rectified_patch_gpu\008583_0476_moire_translation_1_to_orig.png,rectified_patch_gpu\008583_0476_moire_translation_1_absdiff.png,63.486637249228394,84.14551767917146,306.3421076283668,291.1050944041574,0.8728966270145799,-4.11307090747724,-5.2780402050055235,1.7942684006145044,0.31918247407076444,-0.021041796637942953,0.007575606260039885,0.4601981680295169,translation,,True,21,298.72360101626214,torch_cuda,cuda,OK,
8584,C:\Users\USER\Desktop\project\calibration\moire\datasets\test\0476_moire.jpg,C:\Users\USER\Desktop\project\calibration\moire\datasets\test\augmented_9x\0476_moire_translation_2.jpg,rectified_patch_gpu\008584_0476_moire_translation_2_to_orig.png,rectified_patch_gpu\008584_0476_moire_translation_2_absdiff.png,51.19262345679012,70.1252670679841,304.24142417116116,300.62618065520195,0.06114668822623618,-0.08193199011049117,0.29671108664917506,2.2761890069929662,0.026219860372513778,0.20163639463941083,0.24453721293878614,165.36602574206304,translation,,True,20,302.4338024131815,torch_cuda,cuda,OK,
8585,C:\Users\USER\Desktop\project\calibration\moire\datasets\test\0476_moire.jpg,C:\Users\USER\Desktop\project\calibration\moire\datasets\test\augmented_9x\0476_moire_translation_3.jpg,rectified_patch_gpu\008585_0476_moire_translation_3_to_orig.png,rectified_patch_gpu\008585_0476_moire_translation_3_absdiff.png,48.40293872974537,67.10020763891978,304.7035784840912,305.92091969344244,-1.6764817241281638,-4.048134778857243,-5.686572537771536,-2.559916079996799,4.153925963945196,-3.1535442687921824,-7.225906915168953,-2.328054817390679,translation,,True,19,305.31224908876686,torch_cuda,cuda,OK,
8586,C:\Users\USER\Desktop\project\calibration\moire\datasets\test\0477_gt.jpg,C:\Users\USER\Desktop\project\calibration\moire\datasets\test\augmented_9x\0477_gt_blackbox_1.jpg,rectified_patch_gpu\008586_0477_gt_blackbox_1_to_orig.png,rectified_patch_gpu\008586_0477_gt_blackbox_1_absdiff.png,86.82029477719908,102.12535896743488,297.2364093602905,305.9009701855668,-0.42838920309050615,-1.6024477334643594,-0.20944885755211673,-2.2344743968806062,-1.7335060435369618,-6.567133908408309,-9.642796903454602,278.86745894749333,blackbox,,True,18,301.5686897729287,torch_cuda,cuda,OK,
8587,C:\Users\USER\Desktop\project\calibration\moire\datasets\test\0477_gt.jpg,C:\Users\USER\Desktop\project\calibration\moire\datasets\test\augmented_9x\0477_gt_blackbox_2.jpg,rectified_patch_gpu\008587_0477_gt_blackbox_2_to_orig.png,rectified_patch_gpu\008587_0477_gt_blackbox_2_absdiff.png,103.05346655574846,117.55794959896588,303.13905898258906,289.153818756614,1.5656435784409575,-2.751495158540348,-3.35616131627546,2.764442862083659,0.32335458766761044,0.01756721238584775,0.012027948394766244,-0.24966137022022422,blackbox,,True,8,296.1464388696015,torch_cuda,cuda,OK,
8588,C:\Users\USER\Desktop\project\calibration\moire\datasets\test\0477_gt.jpg,C:\Users\USER\Desktop\project\calibration\moire\datasets\test\augmented_9x\0477_gt_blackbox_3.jpg,rectified_patch_gpu\008588_0477_gt_blackbox_3_to_orig.png,rectified_patch_gpu\008588_0477_gt_blackbox_3_absdiff.png,76.0782315779321,94.88282390015256,297.2364093602905,307.6912396590924,-0.42838920309050615,-1.6024477334643594,-0.20944885755211673,-2.2344743968806062,5.070190472274938,5.467166610823128,-10.56240860174957,-67.68166845509431,blackbox,,True,18,302.46382450969145,torch_cuda,cuda,OK,
8589,C:\Users\USER\Desktop\project\calibration\moire\datasets\test\0477_gt.jpg,C:\Users\USER\Desktop\project\calibration\moire\datasets\test\augmented_9x\0477_gt_rotation_1.jpg,rectified_patch_gpu\008589_0477_gt_rotation_1_to_orig.png,rectified_patch_gpu\008589_0477_gt_rotation_1_absdiff.png,73.82713240258488,92.91274082843186,297.9351500706523,306.28439341854937,-0.02113163955495203,-0.08451921308065094,0.29818788799547485,2.52592074463068,-3.6719547921768,-0.5101773669506114,-4.437552921401753,1.9179587924517107,rotation,,True,5,302.10977174460083,torch_cuda,cuda,OK,
8590,C:\Users\USER\Desktop\project\calibration\moire\datasets\test\0477_gt.jpg,C:\Users\USER\Desktop\project\calibration\moire\datasets\test\augmented_9x\0477_gt_rotation_2.jpg,rectified_patch_gpu\008590_0477_gt_rotation_2_to_orig.png,rectified_patch_gpu\008590_0477_gt_rotation_2_absdiff.png,122.53076617959105,134.44480596623012,305.40000824268105,283.72993131727543,5.68045544891352,-0.7287557418330044,-8.045543474535343,2.6815277757047378,0.17248090589780957,0.24413093831264945,0.07196409099118038,1.037904243454366,rotation,,True,6,294.56496977997824,torch_cuda,cuda,OK,
8591,C:\Users\USER\Desktop\project\calibration\moire\datasets\test\0477_gt.jpg,C:\Users\USER\Desktop\project\calibration\moire\datasets\test\augmented_9x\0477_gt_rotation_3.jpg,rectified_patch_gpu\008591_0477_gt_rotation_3_to_orig.png,rectified_patch_gpu\008591_0477_gt_rotation_3_absdiff.png,67.31392710744599,81.74676633545236,297.2364093602905,305.5632532552195,-0.42838920309050615,-1.6024477334643594,-0.20944885755211673,-2.2344743968806062,5.847516086352531,-0.807364267761999,-8.377685204516094,-2.7812498593462776,rotation,,True,18,301.399831307755,torch_cuda,cuda,OK,
8592,C:\Users\USER\Desktop\project\calibration\moire\datasets\test\0477_gt.jpg,C:\Users\USER\Desktop\project\calibration\moire\datasets\test\augmented_9x\0477_gt_translation_1.jpg,rectified_patch_gpu\008592_0477_gt_translation_1_to_orig.png,rectified_patch_gpu\008592_0477_gt_translation_1_absdiff.png,71.91712239583333,89.32706706964822,297.9351500706523,304.0806799460263,-0.02113163955495203,-0.08451921308065094,0.29818788799547485,2.52592074463068,3.7904283345750134,0.5190311955102751,-4.422750799867853,2.8503279191949247,translation,,True,5,301.0079150083393,torch_cuda,cuda,OK,
8593,C:\Users\USER\Desktop\project\calibration\moire\datasets\test\0477_gt.jpg,C:\Users\USER\Desktop\project\calibration\moire\datasets\test\augmented_9x\0477_gt_translation_2.jpg,rectified_patch_gpu\008593_0477_gt_translation_2_to_orig.png,rectified_patch_gpu\008593_0477_gt_translation_2_absdiff.png,118.93145158179013,131.77312066525977,306.199549884189,293.53714757557486,5.835572566104741,-0.5411160761323103,-8.22044498585376,2.078087998347701,0.12667671897163504,-0.2190907953140155,0.23511192758721758,3.108940611200872,translation,,True,23,299.868348729882,torch_cuda,cuda,OK,
8594,C:\Users\USER\Desktop\project\calibration\moire\datasets\test\0477_gt.jpg,C:\Users\USER\Desktop\project\calibration\moire\datasets\test\augmented_9x\0477_gt_translation_3.jpg,rectified_patch_gpu\008594_0477_gt_translation_3_to_orig.png,rectified_patch_gpu\008594_0477_gt_translation_3_absdiff.png,119.29793173707561,132.1676220191969,305.31931278762005,296.1172439914995,5.209149215631422,3.423800780794256,-8.851410436966258,9.496854858679534,0.04182679796958249,0.161292488196366,0.2829579219935791,2.366782265080884,translation,,True,17,300.71827838955977,torch_cuda,cuda,OK,
8595,C:\Users\USER\Desktop\project\calibration\moire\datasets\test\0477_moire.jpg,C:\Users\USER\Desktop\project\calibration\moire\datasets\test\augmented_9x\0477_moire_blackbox_1.jpg,rectified_patch_gpu\008595_0477_moire_blackbox_1_to_orig.png,rectified_patch_gpu\008595_0477_moire_blackbox_1_absdiff.png,117.49445746527778,134.66142369168423,295.77900459221536,298.05051464509,-0.0002781476443768537,-0.16350909256141777,0.2647694421764993,-2.4838927759897156,-0.00028201016372617825,0.20360693140827632,0.24101141315821123,2.234443169346772,blackbox,,True,21,296.9147596186527,torch_cuda,cuda,OK,
8596,C:\Users\USER\Desktop\project\calibration\moire\datasets\test\0477_moire.jpg,C:\Users\USER\Desktop\project\calibration\moire\datasets\test\augmented_9x\0477_moire_blackbox_2.jpg,rectified_patch_gpu\008596_0477_moire_blackbox_2_to_orig.png,rectified_patch_gpu\008596_0477_moire_blackbox_2_absdiff.png,116.97026933834877,135.25354741431318,295.77900459221536,298.05051464509,-0.0002781476443768537,-0.16350909256141777,0.2647694421764993,-2.4838927759897156,-0.00028201016372617825,0.20360693140827632,0.24101141315821123,2.234443169346772,blackbox,,True,21,296.9147596186527,torch_cuda,cuda,OK,
8597,C:\Users\USER\Desktop\project\calibration\moire\datasets\test\0477_moire.jpg,C:\Users\USER\Desktop\project\calibration\moire\datasets\test\augmented_9x\0477_moire_blackbox_3.jpg,rectified_patch_gpu\008597_0477_moire_blackbox_3_to_orig.png,rectified_patch_gpu\008597_0477_moire_blackbox_3_absdiff.png,113.78912266107253,131.8452159008668,295.77900459221536,298.05051464509,-0.0002781476443768537,-0.16350909256141777,0.2647694421764993,-2.4838927759897156,-0.00028201016372617825,0.20360693140827632,0.24101141315821123,2.234443169346772,blackbox,,True,21,296.9147596186527,torch_cuda,cuda,OK,
8598,C:\Users\USER\Desktop\project\calibration\moire\datasets\test\0477_moire.jpg,C:\Users\USER\Desktop\project\calibration\moire\datasets\test\augmented_9x\0477_moire_rotation_1.jpg,rectified_patch_gpu\008598_0477_moire_rotation_1_to_orig.png,rectified_patch_gpu\008598_0477_moire_rotation_1_absdiff.png,119.66800576292438,136.6111302703738,295.77900459221536,295.7478241807193,-0.0002781476443768537,-0.16350909256141777,0.2647694421764993,-2.4838927759897156,-0.0002781476443768537,-0.16350909256141777,0.2647694421764993,2.4838927759897156,rotation,,True,21,295.76341438646733,torch_cuda,cuda,OK,
8599,C:\Users\USER\Desktop\project\calibration\moire\datasets\test\0477_moire.jpg,C:\Users\USER\Desktop\project\calibration\moire\datasets\test\augmented_9x\0477_moire_rotation_2.jpg,rectified_patch_gpu\008599_0477_moire_rotation_2_to_orig.png,rectified_patch_gpu\008599_0477_moire_rotation_2_absdiff.png,85.28892722800926,98.72711817107279,296.1960878481341,307.26374574183177,-0.70651109707331,-0.5515870541090742,0.011133914587830529,1.117531642233918,6.376057005473008,-0.9273275256838485,-9.139040202144766,1.5079788813514485,rotation,,True,0,301.72991679498296,torch_cuda,cuda,OK,
8600,C:\Users\USER\Desktop\project\calibration\moire\datasets\test\0477_moire.jpg,C:\Users\USER\Desktop\project\calibration\moire\datasets\test\augmented_9x\0477_moire_rotation_3.jpg,rectified_patch_gpu\008600_0477_moire_rotation_3_to_orig.png,rectified_patch_gpu\008600_0477_moire_rotation_3_absdiff.png,82.35424310378086,105.71813270398344,292.32455945772915,305.14678203410625,0.11659161466069495,0.168420005509848,0.2568119865350785,-845.4575125713243,1.7673712966999708,-4.4136990460484515,-6.256686246610098,2.325994629587351,rotation,,True,9,298.7356707459177,torch_cuda,cuda,OK,
8601,C:\Users\USER\Desktop\project\calibration\moire\datasets\test\0477_moire.jpg,C:\Users\USER\Desktop\project\calibration\moire\datasets\test\augmented_9x\0477_moire_translation_1.jpg,rectified_patch_gpu\008601_0477_moire_translation_1_to_orig.png,rectified_patch_gpu\008601_0477_moire_translation_1_absdiff.png,130.12133680555556,147.57741717760246,296.1960878481341,290.3539600600281,-0.70651109707331,-0.5515870541090742,0.011133914587830529,1.117531642233918,-0.29814769043116285,-0.5314653049492052,0.011436042986080919,1.8477428243149328,translation,,True,0,293.2750239540811,torch_cuda,cuda,OK,
8602,C:\Users\USER\Desktop\project\calibration\moire\datasets\test\0477_moire.jpg,C:\Users\USER\Desktop\project\calibration\moire\datasets\test\augmented_9x\0477_moire_translation_2.jpg,rectified_patch_gpu\008602_0477_moire_translation_2_to_orig.png,rectified_patch_gpu\008602_0477_moire_translation_2_absdiff.png,114.08644157503858,133.2664298749739,308.98386347443324,281.53065718242635,-0.8590178822221624,-5.47091864608379,-7.764878758652197,0.6282000162415325,-0.00034911326930260524,0.42190758289480595,0.03556686252022573,2.632083074591255,translation,,True,20,295.25726032842977,torch_cuda,cuda,OK,
8603,C:\Users\USER\Desktop\project\calibration\moire\datasets\test\0477_moire.jpg,C:\Users\USER\Desktop\project\calibration\moire\datasets\test\augmented_9x\0477_moire_translation_3.jpg,rectified_patch_gpu\008603_0477_moire_translation_3_to_orig.png,rectified_patch_gpu\008603_0477_moire_translation_3_absdiff.png,108.76828088831019,127.51400297134445,300.7842278668975,280.76393230327767,0.3849554768975665,0.07010658535670829,-0.43535983385495214,1.9017375367136669,-0.015318978442769748,0.2605149535100454,0.1662575132038162,3.1010151540489455,translation,,True,1,290.7740800850876,torch_cuda,cuda,OK,
8604,C:\Users\USER\Desktop\project\calibration\moire\datasets\test\0478_gt.jpg,C:\Users\USER\Desktop\project\calibration\moire\datasets\test\augmented_9x\0478_gt_blackbox_1.jpg,rectified_patch_gpu\008604_0478_gt_blackbox_1_to_orig.png,rectified_patch_gpu\008604_0478_gt_blackbox_1_absdiff.png,52.93338879243827,67.09226769711627,292.6222256161295,305.2981312232001,0.0031136831809217996,-0.15293221533821927,0.31662208381216467,562.1964699588217,5.515988979003568,1.453844304909286,-8.062325251157734,-2.9389522492557174,blackbox,,True,8,298.96017841966477,torch_cuda,cuda,OK,
8605,C:\Users\USER\Desktop\project\calibration\moire\datasets\test\0478_gt.jpg,C:\Users\USER\Desktop\project\calibration\moire\datasets\test\augmented_9x\0478_gt_blackbox_2.jpg,rectified_patch_gpu\008605_0478_gt_blackbox_2_to_orig.png,rectified_patch_gpu\008605_0478_gt_blackbox_2_absdiff.png,48.231718508873456,74.17617500432065,292.6222256161295,305.31630944758643,0.0031136831809217996,-0.15293221533821927,0.31662208381216467,562.1964699588217,2.0925727176023816,5.656319041566656,-8.568437457577263,-2.8364647709955753,blackbox,,True,8,298.969267531858,torch_cuda,cuda,OK,
8606,C:\Users\USER\Desktop\project\calibration\moire\datasets\test\0478_gt.jpg,C:\Users\USER\Desktop\project\calibration\moire\datasets\test\augmented_9x\0478_gt_blackbox_3.jpg,rectified_patch_gpu\008606_0478_gt_blackbox_3_to_orig.png,rectified_patch_gpu\008606_0478_gt_blackbox_3_absdiff.png,52.93338879243827,67.09226769711627,292.6222256161295,305.2981312232001,0.0031136831809217996,-0.15293221533821927,0.31662208381216467,562.1964699588217,5.515988979003568,1.453844304909286,-8.062325251157734,-2.9389522492557174,blackbox,,True,8,298.96017841966477,torch_cuda,cuda,OK,
8607,C:\Users\USER\Desktop\project\calibration\moire\datasets\test\0478_gt.jpg,C:\Users\USER\Desktop\project\calibration\moire\datasets\test\augmented_9x\0478_gt_rotation_1.jpg,rectified_patch_gpu\008607_0478_gt_rotation_1_to_orig.png,rectified_patch_gpu\008607_0478_gt_rotation_1_absdiff.png,48.18213710455247,74.03647592445824,309.10109411354404,279.9395876840505,3.999010975895608,-3.9745386384504187,-7.8845766132215775,-0.5819925127502383,-0.0002941521058601212,-0.2801650160026232,0.17261471770712564,-3.0991618166276536,rotation,,True,15,294.52034089879726,torch_cuda,cuda,OK,
8608,C:\Users\USER\Desktop\project\calibration\moire\datasets\test\0478_gt.jpg,C:\Users\USER\Desktop\project\calibration\moire\datasets\test\augmented_9x\0478_gt_rotation_2.jpg,rectified_patch_gpu\008608_0478_gt_rotation_2_to_orig.png,rectified_patch_gpu\008608_0478_gt_rotation_2_absdiff.png,61.866126904899694,78.27759582705349,292.6222256161295,307.3438139489147,0.0031136831809217996,-0.15293221533821927,0.31662208381216467,562.1964699588217,-0.0011392859271775941,-5.764999240938952,-8.149235397875009,1.5072492622822808,rotation,,True,8,299.9830197825221,torch_cuda,cuda,OK,
8609,C:\Users\USER\Desktop\project\calibration\moire\datasets\test\0478_gt.jpg,C:\Users\USER\Desktop\project\calibration\moire\datasets\test\augmented_9x\0478_gt_rotation_3.jpg,rectified_patch_gpu\008609_0478_gt_rotation_3_to_orig.png,rectified_patch_gpu\008609_0478_gt_rotation_3_absdiff.png,56.052472511574074,71.75334022052809,292.6222256161295,307.00156335214433,0.0031136831809217996,-0.15293221533821927,0.31662208381216467,562.1964699588217,4.515788510074529,-2.4460205779863675,-7.048451068083735,1.5562651112328405,rotation,,True,8,299.81189448413693,torch_cuda,cuda,OK,
8610,C:\Users\USER\Desktop\project\calibration\moire\datasets\test\0478_gt.jpg,C:\Users\USER\Desktop\project\calibration\moire\datasets\test\augmented_9x\0478_gt_translation_1.jpg,rectified_patch_gpu\008610_0478_gt_translation_1_to_orig.png,rectified_patch_gpu\008610_0478_gt_translation_1_absdiff.png,44.87327775366512,65.30681749989581,292.6222256161295,306.31209971120967,0.0031136831809217996,-0.15293221533821927,0.31662208381216467,562.1964699588217,-1.610591354353883,-6.0101712238467275,-8.822861194900117,-1.972688369027735,translation,,True,8,299.46716266366957,torch_cuda,cuda,OK,
8611,C:\Users\USER\Desktop\project\calibration\moire\datasets\test\0478_gt.jpg,C:\Users\USER\Desktop\project\calibration\moire\datasets\test\augmented_9x\0478_gt_translation_2.jpg,rectified_patch_gpu\008611_0478_gt_translation_2_to_orig.png,rectified_patch_gpu\008611_0478_gt_translation_2_absdiff.png,48.6236774209105,61.58751986173747,292.6222256161295,305.9453412709899,0.0031136831809217996,-0.15293221533821927,0.31662208381216467,562.1964699588217,5.2926838180744324,1.2079253972065882,-7.543041766862059,662.0012906089565,translation,,True,8,299.28378344355974,torch_cuda,cuda,OK,
8612,C:\Users\USER\Desktop\project\calibration\moire\datasets\test\0478_gt.jpg,C:\Users\USER\Desktop\project\calibration\moire\datasets\test\augmented_9x\0478_gt_translation_3.jpg,rectified_patch_gpu\008612_0478_gt_translation_3_to_orig.png,rectified_patch_gpu\008612_0478_gt_translation_3_absdiff.png,49.853896002121914,72.27099012783536,316.7062111340527,267.31142178234137,0.1270981640927729,-0.1606270671102147,0.2580620554753659,1.9162105951254902,0.20683945263115056,0.23030682662824897,-0.29524975615957455,3.1038737488237436,translation,,True,2,292.00881645819703,torch_cuda,cuda,OK,
8613,C:\Users\USER\Desktop\project\calibration\moire\datasets\test\0478_moire.jpg,C:\Users\USER\Desktop\project\calibration\moire\datasets\test\augmented_9x\0478_moire_blackbox_1.jpg,rectified_patch_gpu\008613_0478_moire_blackbox_1_to_orig.png,rectified_patch_gpu\008613_0478_moire_blackbox_1_absdiff.png,76.61677119502315,101.62060608527722,309.2109702439725,298.3953656264275,4.737147769007293,0.3761794747697949,-6.355343609269462,13559.757578645576,-0.006395873818033401,0.06780941076843776,0.32385086407799607,2.5745320696091554,blackbox,,True,2,303.8031679352,torch_cuda,cuda,OK,
8614,C:\Users\USER\Desktop\project\calibration\moire\datasets\test\0478_moire.jpg,C:\Users\USER\Desktop\project\calibration\moire\datasets\test\augmented_9x\0478_moire_blackbox_2.jpg,rectified_patch_gpu\008614_0478_moire_blackbox_2_to_orig.png,rectified_patch_gpu\008614_0478_moire_blackbox_2_absdiff.png,14.971554904513889,45.70458427025605,305.02798352638195,305.02798352638195,3.7606494666156207,4.057946734709008,-7.67411667971699,3.1377434585396986,3.7606494666156207,4.057946734709008,-7.67411667971699,3.1377434585396986,blackbox,,True,9,305.02798352638195,torch_cuda,cuda,OK,
8615,C:\Users\USER\Desktop\project\calibration\moire\datasets\test\0478_moire.jpg,C:\Users\USER\Desktop\project\calibration\moire\datasets\test\augmented_9x\0478_moire_blackbox_3.jpg,rectified_patch_gpu\008615_0478_moire_blackbox_3_to_orig.png,rectified_patch_gpu\008615_0478_moire_blackbox_3_absdiff.png,73.35538134162809,99.13640756091924,305.2258658616096,304.1430955081793,-3.858225841528694,3.7882005171998,-7.466863580419101,173.13998974175104,-0.0017333597872709245,-3.8791164706930408,-4.7956485633005865,2.895960427500683,blackbox,,True,8,304.6844806848944,torch_cuda,cuda,OK,
8616,C:\Users\USER\Desktop\project\calibration\moire\datasets\test\0478_moire.jpg,C:\Users\USER\Desktop\project\calibration\moire\datasets\test\augmented_9x\0478_moire_rotation_1.jpg,rectified_patch_gpu\008616_0478_moire_rotation_1_to_orig.png,rectified_patch_gpu\008616_0478_moire_rotation_1_absdiff.png,70.5517195939429,95.42762388123798,305.2258658616096,302.3336281205173,-3.858225841528694,3.7882005171998,-7.466863580419101,173.13998974175104,1.90935843699114,1.216034816025313,-1.8083262033832352,2.7321423549383277,rotation,,True,8,303.77974699106346,torch_cuda,cuda,OK,
8617,C:\Users\USER\Desktop\project\calibration\moire\datasets\test\0478_moire.jpg,C:\Users\USER\Desktop\project\calibration\moire\datasets\test\augmented_9x\0478_moire_rotation_2.jpg,rectified_patch_gpu\008617_0478_moire_rotation_2_to_orig.png,rectified_patch_gpu\008617_0478_moire_rotation_2_absdiff.png,76.63917377989969,101.65201015414631,305.1493225923068,302.61822609589336,3.301179171136604,2.5614653617831813,-5.210068953451629,2.4915166887452207,-0.1864737159606395,-0.03514930806876763,0.2669854712471949,2.610048300411569,rotation,,True,10,303.88377434410006,torch_cuda,cuda,OK,
8618,C:\Users\USER\Desktop\project\calibration\moire\datasets\test\0478_moire.jpg,C:\Users\USER\Desktop\project\calibration\moire\datasets\test\augmented_9x\0478_moire_rotation_3.jpg,rectified_patch_gpu\008618_0478_moire_rotation_3_to_orig.png,rectified_patch_gpu\008618_0478_moire_rotation_3_absdiff.png,71.25446602527006,96.97174695815436,305.60079786686737,303.9262699031426,2.9777940716411218,4.915248844563461,-8.078848396572111,2.5827531577374723,-3.0335336165216704,3.0335336173492653,-5.065968551069602,3.141592653589793,rotation,,True,0,304.763533885005,torch_cuda,cuda,OK,
8619,C:\Users\USER\Desktop\project\calibration\moire\datasets\test\0478_moire.jpg,C:\Users\USER\Desktop\project\calibration\moire\datasets\test\augmented_9x\0478_moire_translation_1.jpg,rectified_patch_gpu\008619_0478_moire_translation_1_to_orig.png,rectified_patch_gpu\008619_0478_moire_translation_1_absdiff.png,76.45874481577933,101.51406791019525,308.35308086195613,298.35379108973103,6.7464073034498995,0.42435621736881,-9.599921394743236,-70.00773491143124,0.2583107208581871,0.19434182025234628,0.07030882767665386,-12.369953152418352,translation,,True,14,303.3534359758436,torch_cuda,cuda,OK,
8620,C:\Users\USER\Desktop\project\calibration\moire\datasets\test\0478_moire.jpg,C:\Users\USER\Desktop\project\calibration\moire\datasets\test\augmented_9x\0478_moire_translation_2.jpg,rectified_patch_gpu\008620_0478_moire_translation_2_to_orig.png,rectified_patch_gpu\008620_0478_moire_translation_2_absdiff.png,67.03761345003858,91.63370410674624,305.7903182948033,303.5826387446828,4.0864345747789095,4.094053920780338,-8.086869622544334,2.4443567362812217,1.787990423358034,-2.6174062752600813,-3.2560712014889313,84.02756480568274,translation,,True,1,304.68647851974305,torch_cuda,cuda,OK,
8621,C:\Users\USER\Desktop\project\calibration\moire\datasets\test\0478_moire.jpg,C:\Users\USER\Desktop\project\calibration\moire\datasets\test\augmented_9x\0478_moire_translation_3.jpg,rectified_patch_gpu\008621_0478_moire_translation_3_to_orig.png,rectified_patch_gpu\008621_0478_moire_translation_3_absdiff.png,77.39494237075617,101.6075057582747,305.2618145325572,304.64706118745556,-4.213174131564262,-3.4606430199181757,-7.6228649838123985,2.895483148928791,-0.0004526562500572111,0.2719574165456149,0.14611342132876026,1.8124197534309097,translation,,True,16,304.95443786000635,torch_cuda,cuda,OK,
8622,C:\Users\USER\Desktop\project\calibration\moire\datasets\test\0479_gt.jpg,C:\Users\USER\Desktop\project\calibration\moire\datasets\test\augmented_9x\0479_gt_blackbox_1.jpg,rectified_patch_gpu\008622_0479_gt_blackbox_1_to_orig.png,rectified_patch_gpu\008622_0479_gt_blackbox_1_absdiff.png,86.51010308159722,108.28632035175593,302.8606127287156,302.1579960995036,1.8136377296592736,3.1870270006819372,-3.779997193133192,-932.9673420695074,1.3626541743178846,2.9726903673180822,-3.121024066295831,1297.6387396696703,blackbox,,True,4,302.5093044141096,torch_cuda,cuda,OK,
8623,C:\Users\USER\Desktop\project\calibration\moire\datasets\test\0479_gt.jpg,C:\Users\USER\Desktop\project\calibration\moire\datasets\test\augmented_9x\0479_gt_blackbox_2.jpg,rectified_patch_gpu\008623_0479_gt_blackbox_2_to_orig.png,rectified_patch_gpu\008623_0479_gt_blackbox_2_absdiff.png,92.48562837577161,114.1450865137078,302.8606127287156,302.1579960995036,1.8136377296592736,3.1870270006819372,-3.779997193133192,-932.9673420695074,1.3626541743178846,2.9726903673180822,-3.121024066295831,1297.6387396696703,blackbox,,True,4,302.5093044141096,torch_cuda,cuda,OK,
8624,C:\Users\USER\Desktop\project\calibration\moire\datasets\test\0479_gt.jpg,C:\Users\USER\Desktop\project\calibration\moire\datasets\test\augmented_9x\0479_gt_blackbox_3.jpg,rectified_patch_gpu\008624_0479_gt_blackbox_3_to_orig.png,rectified_patch_gpu\008624_0479_gt_blackbox_3_absdiff.png,83.9919442033179,106.10303214227174,302.8606127287156,302.1579960995036,1.8136377296592736,3.1870270006819372,-3.779997193133192,-932.9673420695074,1.3626541743178846,2.9726903673180822,-3.121024066295831,1297.6387396696703,blackbox,,True,4,302.5093044141096,torch_cuda,cuda,OK,
8625,C:\Users\USER\Desktop\project\calibration\moire\datasets\test\0479_gt.jpg,C:\Users\USER\Desktop\project\calibration\moire\datasets\test\augmented_9x\0479_gt_rotation_1.jpg,rectified_patch_gpu\008625_0479_gt_rotation_1_to_orig.png,rectified_patch_gpu\008625_0479_gt_rotation_1_absdiff.png,77.7326294849537,96.00657774442728,302.3426795074338,304.3871219613223,1.91854102854772,2.184614658985352,-2.623469230297494,2.95885194281553,-4.097828548900812,-1.577851622275593,-5.376846530726652,-367.09604407335746,rotation,,True,5,303.364900734378,torch_cuda,cuda,OK,
8626,C:\Users\USER\Desktop\project\calibration\moire\datasets\test\0479_gt.jpg,C:\Users\USER\Desktop\project\calibration\moire\datasets\test\augmented_9x\0479_gt_rotation_2.jpg,rectified_patch_gpu\008626_0479_gt_rotation_2_to_orig.png,rectified_patch_gpu\008626_0479_gt_rotation_2_absdiff.png,119.5488247492284,138.2542547776392,305.1361928812301,299.65092143108154,6.638966090670667,-0.03827776828082977,-9.254158523150469,3.084951698290117,-0.10990849801062748,-0.12900114140577773,0.35484269223922066,-2.677425054336426,rotation,,True,6,302.3935571561558,torch_cuda,cuda,OK,
8627,C:\Users\USER\Desktop\project\calibration\moire\datasets\test\0479_gt.jpg,C:\Users\USER\Desktop\project\calibration\moire\datasets\test\augmented_9x\0479_gt_rotation_3.jpg,rectified_patch_gpu\008627_0479_gt_rotation_3_to_orig.png,rectified_patch_gpu\008627_0479_gt_rotation_3_absdiff.png,108.38276560088734,127.99835504440324,307.3208257278972,290.08066076229306,1.7226051694504072,-7.393404951850975,-10.3961987064556,1.4417788715703654,0.2173359930233091,0.21251375806488715,0.15171220534174176,1.427807458284524,rotation,,True,1,298.70074324509517,torch_cuda,cuda,OK,
8628,C:\Users\USER\Desktop\project\calibration\moire\datasets\test\0479_gt.jpg,C:\Users\USER\Desktop\project\calibration\moire\datasets\test\augmented_9x\0479_gt_translation_1.jpg,rectified_patch_gpu\008628_0479_gt_translation_1_to_orig.png,rectified_patch_gpu\008628_0479_gt_translation_1_absdiff.png,105.95699833622685,125.06997841507567,305.6149462272593,302.83111486354665,5.160187416439297,1.5880566028283543,-7.509223470682974,2.4992857016595442,3.076493075744252,0.2817867325537682,-2.8934897759496776,-2.697352567105989,translation,,True,22,304.22303054540293,torch_cuda,cuda,OK,
8629,C:\Users\USER\Desktop\project\calibration\moire\datasets\test\0479_gt.jpg,C:\Users\USER\Desktop\project\calibration\moire\datasets\test\augmented_9x\0479_gt_translation_2.jpg,rectified_patch_gpu\008629_0479_gt_translation_2_to_orig.png,rectified_patch_gpu\008629_0479_gt_translation_2_absdiff.png,113.36808666087963,132.4244590524125,305.4393073135097,300.54109558925353,5.830695207720343,-2.5881689365336538,-9.056290924655539,2.857461035398713,0.08381177297844046,-0.24386931871160097,0.22513539763157064,-1.6371708170070935,translation,,True,2,302.9902014513816,torch_cuda,cuda,OK,
8630,C:\Users\USER\Desktop\project\calibration\moire\datasets\test\0479_gt.jpg,C:\Users\USER\Desktop\project\calibration\moire\datasets\test\augmented_9x\0479_gt_translation_3.jpg,rectified_patch_gpu\008630_0479_gt_translation_3_to_orig.png,rectified_patch_gpu\008630_0479_gt_translation_3_absdiff.png,117.08664882330247,136.07482966877663,305.4393073135097,295.2203339215011,5.830695207720343,-2.5881689365336538,-9.056290924655539,2.857461035398713,0.03502075769400299,-0.22851374585685985,0.178412761806594,2.4542981373365804,translation,,True,2,300.3298206175054,torch_cuda,cuda,OK,
8631,C:\Users\USER\Desktop\project\calibration\moire\datasets\test\0479_moire.jpg,C:\Users\USER\Desktop\project\calibration\moire\datasets\test\augmented_9x\0479_moire_blackbox_1.jpg,rectified_patch_gpu\008631_0479_moire_blackbox_1_to_orig.png,rectified_patch_gpu\008631_0479_moire_blackbox_1_absdiff.png,86.89189007040895,106.6276583771057,270.8917514675877,304.6402011799551,0.006206973146272767,0.3732758068373942,0.07293526655303215,-3.0943809864547087,0.03707340932331505,5.644813814905135,-7.595661112438167,-3.0938871016007625,blackbox,,True,14,287.7659763237714,torch_cuda,cuda,OK,
8632,C:\Users\USER\Desktop\project\calibration\moire\datasets\test\0479_moire.jpg,C:\Users\USER\Desktop\project\calibration\moire\datasets\test\augmented_9x\0479_moire_blackbox_2.jpg,rectified_patch_gpu\008632_0479_moire_blackbox_2_to_orig.png,rectified_patch_gpu\008632_0479_moire_blackbox_2_absdiff.png,117.45395833333333,139.06453959351842,270.8917514675877,304.6402011799551,0.006206973146272767,0.3732758068373942,0.07293526655303215,-3.0943809864547087,0.03707340932331505,5.644813814905135,-7.595661112438167,-3.0938871016007625,blackbox,,True,14,287.7659763237714,torch_cuda,cuda,OK,
8633,C:\Users\USER\Desktop\project\calibration\moire\datasets\test\0479_moire.jpg,C:\Users\USER\Desktop\project\calibration\moire\datasets\test\augmented_9x\0479_moire_blackbox_3.jpg,rectified_patch_gpu\008633_0479_moire_blackbox_3_to_orig.png,rectified_patch_gpu\008633_0479_moire_blackbox_3_absdiff.png,86.79325472608025,106.51617127780403,270.8917514675877,304.6402011799551,0.006206973146272767,0.3732758068373942,0.07293526655303215,-3.0943809864547087,0.03707340932331505,5.644813814905135,-7.595661112438167,-3.0938871016007625,blackbox,,True,14,287.7659763237714,torch_cuda,cuda,OK,
8634,C:\Users\USER\Desktop\project\calibration\moire\datasets\test\0479_moire.jpg,C:\Users\USER\Desktop\project\calibration\moire\datasets\test\augmented_9x\0479_moire_rotation_1.jpg,rectified_patch_gpu\008634_0479_moire_rotation_1_to_orig.png,rectified_patch_gpu\008634_0479_moire_rotation_1_absdiff.png,85.10687801408179,104.03032812445008,270.8917514675877,308.3237509690986,0.006206973146272767,0.3732758068373942,0.07293526655303215,-3.0943809864547087,6.517906478393389,1.1045383721652202,-9.385197677542976,0.9396587283223868,rotation,,True,14,289.6077512183432,torch_cuda,cuda,OK,
8635,C:\Users\USER\Desktop\project\calibration\moire\datasets\test\0479_moire.jpg,C:\Users\USER\Desktop\project\calibration\moire\datasets\test\augmented_9x\0479_moire_rotation_2.jpg,rectified_patch_gpu\008635_0479_moire_rotation_2_to_orig.png,rectified_patch_gpu\008635_0479_moire_rotation_2_absdiff.png,91.84972981770834,111.4800009047869,270.8917514675877,308.53456361887737,0.006206973146272767,0.3732758068373942,0.07293526655303215,-3.0943809864547087,-4.923576389775887,-0.5240503724838446,-6.655157585306809,-0.9687998686261302,rotation,,True,14,289.71315754323257,torch_cuda,cuda,OK,
8636,C:\Users\USER\Desktop\project\calibration\moire\datasets\test\0479_moire.jpg,C:\Users\USER\Desktop\project\calibration\moire\datasets\test\augmented_9x\0479_moire_rotation_3.jpg,rectified_patch_gpu\008636_0479_moire_rotation_3_to_orig.png,rectified_patch_gpu\008636_0479_moire_rotation_3_absdiff.png,84.92961504147377,103.84172492422414,270.8917514675877,305.78935727195005,0.006206973146272767,0.3732758068373942,0.07293526655303215,-3.0943809864547087,4.482127293576011,-1.8962577417523647,-6.636844993124514,2.137254077508619,rotation,,True,14,288.3405543697689,torch_cuda,cuda,OK,
8637,C:\Users\USER\Desktop\project\calibration\moire\datasets\test\0479_moire.jpg,C:\Users\USER\Desktop\project\calibration\moire\datasets\test\augmented_9x\0479_moire_translation_1.jpg,rectified_patch_gpu\008637_0479_moire_translation_1_to_orig.png,rectified_patch_gpu\008637_0479_moire_translation_1_absdiff.png,78.64112847222222,95.07210036313262,270.8917514675877,305.6299532420026,0.006206973146272767,0.3732758068373942,0.07293526655303215,-3.0943809864547087,5.9231942138148845,-3.430084649957399,-9.578139444967857,-2.862584804423472,translation,,True,14,288.26085235479513,torch_cuda,cuda,OK,
8638,C:\Users\USER\Desktop\project\calibration\moire\datasets\test\0479_moire.jpg,C:\Users\USER\Desktop\project\calibration\moire\datasets\test\augmented_9x\0479_moire_translation_2.jpg,rectified_patch_gpu\008638_0479_moire_translation_2_to_orig.png,rectified_patch_gpu\008638_0479_moire_translation_2_absdiff.png,75.87864824459876,91.29949089408599,270.8917514675877,305.22318082283084,0.006206973146272767,0.3732758068373942,0.07293526655303215,-3.0943809864547087,-5.725060176557806,-4.102782145394649,-9.90581904859386,907.8632843508676,translation,,True,14,288.0574661452093,torch_cuda,cuda,OK,
8639,C:\Users\USER\Desktop\project\calibration\moire\datasets\test\0479_moire.jpg,C:\Users\USER\Desktop\project\calibration\moire\datasets\test\augmented_9x\0479_moire_translation_3.jpg,rectified_patch_gpu\008639_0479_moire_translation_3_to_orig.png,rectified_patch_gpu\008639_0479_moire_translation_3_absdiff.png,91.61030719521605,111.5831249004014,270.8917514675877,307.69890165394213,0.006206973146272767,0.3732758068373942,0.07293526655303215,-3.0943809864547087,0.01687807264861738,-6.081592676426039,-8.568330365650763,-1.3358288907013385,translation,,True,14,289.2953265607649,torch_cuda,cuda,OK,
8640,C:\Users\USER\Desktop\project\calibration\moire\datasets\test\0480_gt.jpg,C:\Users\USER\Desktop\project\calibration\moire\datasets\test\augmented_9x\0480_gt_blackbox_1.jpg,rectified_patch_gpu\008640_0480_gt_blackbox_1_to_orig.png,rectified_patch_gpu\008640_0480_gt_blackbox_1_absdiff.png,72.60510091145834,87.60637701237273,282.86295919183203,303.9262699031426,-0.2426217002725057,-0.23023840106929477,0.05132107517651677,0.9800175955458662,-3.0335336165216704,3.0335336173492653,-5.065968551069602,3.141592653589793,blackbox,,True,0,293.3946145474873,torch_cuda,cuda,OK,
8641,C:\Users\USER\Desktop\project\calibration\moire\datasets\test\0480_gt.jpg,C:\Users\USER\Desktop\project\calibration\moire\datasets\test\augmented_9x\0480_gt_blackbox_2.jpg,rectified_patch_gpu\008641_0480_gt_blackbox_2_to_orig.png,rectified_patch_gpu\008641_0480_gt_blackbox_2_absdiff.png,103.65654224537037,119.57415050358313,282.86295919183203,300.3587276256794,-0.2426217002725057,-0.23023840106929477,0.05132107517651677,0.9800175955458662,-0.23239422874733387,-0.13055766289420978,0.15305279961796678,0.9861287558882452,blackbox,,True,0,291.6108434087557,torch_cuda,cuda,OK,
8642,C:\Users\USER\Desktop\project\calibration\moire\datasets\test\0480_gt.jpg,C:\Users\USER\Desktop\project\calibration\moire\datasets\test\augmented_9x\0480_gt_blackbox_3.jpg,rectified_patch_gpu\008642_0480_gt_blackbox_3_to_orig.png,rectified_patch_gpu\008642_0480_gt_blackbox_3_absdiff.png,104.74071819540895,120.68259246334496,282.86295919183203,300.3587276256794,-0.2426217002725057,-0.23023840106929477,0.05132107517651677,0.9800175955458662,-0.23239422874733387,-0.13055766289420978,0.15305279961796678,0.9861287558882452,blackbox,,True,0,291.6108434087557,torch_cuda,cuda,OK,
8643,C:\Users\USER\Desktop\project\calibration\moire\datasets\test\0480_gt.jpg,C:\Users\USER\Desktop\project\calibration\moire\datasets\test\augmented_9x\0480_gt_rotation_1.jpg,rectified_patch_gpu\008643_0480_gt_rotation_1_to_orig.png,rectified_patch_gpu\008643_0480_gt_rotation_1_absdiff.png,84.83385115258487,100.08841361517773,282.86295919183203,307.0734323659248,-0.2426217002725057,-0.23023840106929477,0.05132107517651677,0.9800175955458662,3.196280104059017,-3.0790944599753303,-5.5942033789399765,-1.7766236026943552,rotation,,True,0,294.96819577887845,torch_cuda,cuda,OK,
8644,C:\Users\USER\Desktop\project\calibration\moire\datasets\test\0480_gt.jpg,C:\Users\USER\Desktop\project\calibration\moire\datasets\test\augmented_9x\0480_gt_rotation_2.jpg,rectified_patch_gpu\008644_0480_gt_rotation_2_to_orig.png,rectified_patch_gpu\008644_0480_gt_rotation_2_absdiff.png,104.20623167438272,119.80247618097617,282.86295919183203,310.6602456556978,-0.2426217002725057,-0.23023840106929477,0.05132107517651677,0.9800175955458662,-0.24893406417113276,0.07073824612862702,0.1545271490430493,-0.13971626987850744,rotation,,True,0,296.7616024237649,torch_cuda,cuda,OK,
8645,C:\Users\USER\Desktop\project\calibration\moire\datasets\test\0480_gt.jpg,C:\Users\USER\Desktop\project\calibration\moire\datasets\test\augmented_9x\0480_gt_rotation_3.jpg,rectified_patch_gpu\008645_0480_gt_rotation_3_to_orig.png,rectified_patch_gpu\008645_0480_gt_rotation_3_absdiff.png,70.68457863136574,86.00251716235401,282.86295919183203,303.9262699031426,-0.2426217002725057,-0.23023840106929477,0.05132107517651677,0.9800175955458662,-3.0335336165216704,3.0335336173492653,-5.065968551069602,3.141592653589793,rotation,,True,0,293.3946145474873,torch_cuda,cuda,OK,
8646,C:\Users\USER\Desktop\project\calibration\moire\datasets\test\0480_gt.jpg,C:\Users\USER\Desktop\project\calibration\moire\datasets\test\augmented_9x\0480_gt_translation_1.jpg,rectified_patch_gpu\008646_0480_gt_translation_1_to_orig.png,rectified_patch_gpu\008646_0480_gt_translation_1_absdiff.png,76.37529091917439,92.3187954266559,282.86295919183203,305.3341901166272,-0.2426217002725057,-0.23023840106929477,0.05132107517651677,0.9800175955458662,4.977347060236477,-3.7525248506474043,-8.834155272213813,-3.0224118848130472,translation,,True,0,294.09857465422965,torch_cuda,cuda,OK,
8647,C:\Users\USER\Desktop\project\calibration\moire\datasets\test\0480_gt.jpg,C:\Users\USER\Desktop\project\calibration\moire\datasets\test\augmented_9x\0480_gt_translation_2.jpg,rectified_patch_gpu\008647_0480_gt_translation_2_to_orig.png,rectified_patch_gpu\008647_0480_gt_translation_2_absdiff.png,105.36932255497685,121.0087047322348,298.7989372450587,288.33333458107313,0.2914393724852571,0.0806659289896559,0.048030884840770595,1.506288178928894,0.01998381548111091,-0.30996009906186917,-0.019924606270441524,1.3331180864181014,translation,,True,9,293.5661359130659,torch_cuda,cuda,OK,
8648,C:\Users\USER\Desktop\project\calibration\moire\datasets\test\0480_gt.jpg,C:\Users\USER\Desktop\project\calibration\moire\datasets\test\augmented_9x\0480_gt_translation_3.jpg,rectified_patch_gpu\008648_0480_gt_translation_3_to_orig.png,rectified_patch_gpu\008648_0480_gt_translation_3_absdiff.png,73.99757824556328,90.19650782726134,282.86295919183203,305.64436005990234,-0.2426217002725057,-0.23023840106929477,0.05132107517651677,0.9800175955458662,-0.16026895629048055,5.722817449871043,-8.086860040361696,2.436402239973701,translation,,True,0,294.25365962586716,torch_cuda,cuda,OK,
8649,C:\Users\USER\Desktop\project\calibration\moire\datasets\test\0480_moire.jpg,C:\Users\USER\Desktop\project\calibration\moire\datasets\test\augmented_9x\0480_moire_blackbox_1.jpg,rectified_patch_gpu\008649_0480_moire_blackbox_1_to_orig.png,rectified_patch_gpu\008649_0480_moire_blackbox_1_absdiff.png,89.8160610773534,106.53146217020998,287.208883054362,303.9262699031426,-0.01040220815271412,-0.2076133950556359,0.23106060705101866,-3.098459654436558,-3.0335336165216704,3.0335336173492653,-5.065968551069602,3.141592653589793,blackbox,,True,0,295.5675764787523,torch_cuda,cuda,OK,
8650,C:\Users\USER\Desktop\project\calibration\moire\datasets\test\0480_moire.jpg,C:\Users\USER\Desktop\project\calibration\moire\datasets\test\augmented_9x\0480_moire_blackbox_2.jpg,rectified_patch_gpu\008650_0480_moire_blackbox_2_to_orig.png,rectified_patch_gpu\008650_0480_moire_blackbox_2_absdiff.png,95.44814983603395,119.02788694103155,287.208883054362,296.5657958365288,-0.01040220815271412,-0.2076133950556359,0.23106060705101866,-3.098459654436558,0.1011080473459544,-0.08332364193756986,0.28197201846394865,-3.0971489034429216,blackbox,,True,0,291.8873394454454,torch_cuda,cuda,OK,
8651,C:\Users\USER\Desktop\project\calibration\moire\datasets\test\0480_moire.jpg,C:\Users\USER\Desktop\project\calibration\moire\datasets\test\augmented_9x\0480_moire_blackbox_3.jpg,rectified_patch_gpu\008651_0480_moire_blackbox_3_to_orig.png,rectified_patch_gpu\008651_0480_moire_blackbox_3_absdiff.png,85.16216760706018,107.00237667963127,287.208883054362,296.5657958365288,-0.01040220815271412,-0.2076133950556359,0.23106060705101866,-3.098459654436558,0.1011080473459544,-0.08332364193756986,0.28197201846394865,-3.0971489034429216,blackbox,,True,0,291.8873394454454,torch_cuda,cuda,OK,
8652,C:\Users\USER\Desktop\project\calibration\moire\datasets\test\0480_moire.jpg,C:\Users\USER\Desktop\project\calibration\moire\datasets\test\augmented_9x\0480_moire_rotation_1.jpg,rectified_patch_gpu\008652_0480_moire_rotation_1_to_orig.png,rectified_patch_gpu\008652_0480_moire_rotation_1_absdiff.png,100.68315092110339,118.57248425479004,287.208883054362,309.09995887636,-0.01040220815271412,-0.2076133950556359,0.23106060705101866,-3.098459654436558,1.8973112595940949,-5.935448803566684,-8.855315633852982,132.04968813750085,rotation,,True,0,298.154420965361,torch_cuda,cuda,OK,
8653,C:\Users\USER\Desktop\project\calibration\moire\datasets\test\0480_moire.jpg,C:\Users\USER\Desktop\project\calibration\moire\datasets\test\augmented_9x\0480_moire_rotation_2.jpg,rectified_patch_gpu\008653_0480_moire_rotation_2_to_orig.png,rectified_patch_gpu\008653_0480_moire_rotation_2_absdiff.png,98.6330527826003,116.58115207618548,287.208883054362,307.88554314812654,-0.01040220815271412,-0.2076133950556359,0.23106060705101866,-3.098459654436558,6.274700528524804,0.43963659914995445,-8.938309496471767,11.392642518602095,rotation,,True,0,297.54721310124427,torch_cuda,cuda,OK,
8654,C:\Users\USER\Desktop\project\calibration\moire\datasets\test\0480_moire.jpg,C:\Users\USER\Desktop\project\calibration\moire\datasets\test\augmented_9x\0480_moire_rotation_3.jpg,rectified_patch_gpu\008654_0480_moire_rotation_3_to_orig.png,rectified_patch_gpu\008654_0480_moire_rotation_3_absdiff.png,83.79601285204475,101.60240494240308,287.208883054362,303.9262699031426,-0.01040220815271412,-0.2076133950556359,0.23106060705101866,-3.098459654436558,-3.0335336165216704,3.0335336173492653,-5.065968551069602,3.141592653589793,rotation,,True,0,295.5675764787523,torch_cuda,cuda,OK,
8655,C:\Users\USER\Desktop\project\calibration\moire\datasets\test\0480_moire.jpg,C:\Users\USER\Desktop\project\calibration\moire\datasets\test\augmented_9x\0480_moire_translation_1.jpg,rectified_patch_gpu\008655_0480_moire_translation_1_to_orig.png,rectified_patch_gpu\008655_0480_moire_translation_1_absdiff.png,100.43102273823303,118.31178041047971,308.1896971819317,275.438085203156,-0.21683754591620816,0.00027761862908213733,0.22236459666616673,2.4450232704088517,-0.10791208554605049,0.2925860705115571,-0.020012035087914506,1.3044915227825113,translation,,True,23,291.81389119254385,torch_cuda,cuda,OK,
8656,C:\Users\USER\Desktop\project\calibration\moire\datasets\test\0480_moire.jpg,C:\Users\USER\Desktop\project\calibration\moire\datasets\test\augmented_9x\0480_moire_translation_2.jpg,rectified_patch_gpu\008656_0480_moire_translation_2_to_orig.png,rectified_patch_gpu\008656_0480_moire_translation_2_absdiff.png,85.69644929108796,104.53679084336424,287.208883054362,305.0625988105347,-0.01040220815271412,-0.2076133950556359,0.23106060705101866,-3.098459654436558,-1.947429708577734,-0.23392849977568042,-1.4728445316893748,1.9882231164802342,translation,,True,0,296.13574093244836,torch_cuda,cuda,OK,
8657,C:\Users\USER\Desktop\project\calibration\moire\datasets\test\0480_moire.jpg,C:\Users\USER\Desktop\project\calibration\moire\datasets\test\augmented_9x\0480_moire_translation_3.jpg,rectified_patch_gpu\008657_0480_moire_translation_3_to_orig.png,rectified_patch_gpu\008657_0480_moire_translation_3_absdiff.png,142.60243827160494,157.05406915153878,310.0892493149071,279.38463431688723,-0.08602670420538192,-3.625284955734026,-4.276032300601403,0.604907069634747,-0.014227867512294653,0.26740764314521015,0.156450002516921,-3.0966828857434834,translation,,True,6,294.7369418158971,torch_cuda,cuda,OK,
8658,C:\Users\USER\Desktop\project\calibration\moire\datasets\test\0481_gt.jpg,C:\Users\USER\Desktop\project\calibration\moire\datasets\test\augmented_9x\0481_gt_blackbox_1.jpg,rectified_patch_gpu\008658_0481_gt_blackbox_1_to_orig.png,rectified_patch_gpu\008658_0481_gt_blackbox_1_absdiff.png,87.55353672357253,114.2167307928331,303.3356363739244,305.6470177461263,-1.754824240517899,-2.39674960920762,-3.064768890505195,2.8957747887614325,4.738985049491316,0.7160626439082073,-6.444133180269601,-2.235551310823709,blackbox,,True,17,304.49132706002536,torch_cuda,cuda,OK,
8659,C:\Users\USER\Desktop\project\calibration\moire\datasets\test\0481_gt.jpg,C:\Users\USER\Desktop\project\calibration\moire\datasets\test\augmented_9x\0481_gt_blackbox_2.jpg,rectified_patch_gpu\008659_0481_gt_blackbox_2_to_orig.png,rectified_patch_gpu\008659_0481_gt_blackbox_2_absdiff.png,161.91585780767747,170.51082016539337,303.3565252704253,305.3285946562117,1.0390441203373622,-0.2508187445699199,0.06482395512981132,0.45280701928778005,3.804526138794115,-5.387688400897046,-9.373095548287132,-91.10951398608921,blackbox,,True,13,304.34255996331854,torch_cuda,cuda,OK,
8660,C:\Users\USER\Desktop\project\calibration\moire\datasets\test\0481_gt.jpg,C:\Users\USER\Desktop\project\calibration\moire\datasets\test\augmented_9x\0481_gt_blackbox_3.jpg,rectified_patch_gpu\008660_0481_gt_blackbox_3_to_orig.png,rectified_patch_gpu\008660_0481_gt_blackbox_3_absdiff.png,72.55127242476851,99.58078043275832,303.3356363739244,305.6470177461263,-1.754824240517899,-2.39674960920762,-3.064768890505195,2.8957747887614325,4.738985049491316,0.7160626439082073,-6.444133180269601,-2.235551310823709,blackbox,,True,17,304.49132706002536,torch_cuda,cuda,OK,
8661,C:\Users\USER\Desktop\project\calibration\moire\datasets\test\0481_gt.jpg,C:\Users\USER\Desktop\project\calibration\moire\datasets\test\augmented_9x\0481_gt_rotation_1.jpg,rectified_patch_gpu\008661_0481_gt_rotation_1_to_orig.png,rectified_patch_gpu\008661_0481_gt_rotation_1_absdiff.png,63.20605866608796,76.29646037380734,303.3565252704253,306.67288268355486,1.0390441203373622,-0.2508187445699199,0.06482395512981132,0.45280701928778005,-0.3602700251551375,-5.437039485980864,-7.573777678713562,-1.7969753366509769,rotation,,True,13,305.01470397699006,torch_cuda,cuda,OK,
8662,C:\Users\USER\Desktop\project\calibration\moire\datasets\test\0481_gt.jpg,C:\Users\USER\Desktop\project\calibration\moire\datasets\test\augmented_9x\0481_gt_rotation_2.jpg,rectified_patch_gpu\008662_0481_gt_rotation_2_to_orig.png,rectified_patch_gpu\008662_0481_gt_rotation_2_absdiff.png,131.0823115596065,148.46032099711414,308.8285064917287,281.1037962835064,5.189311057343782,1.0025365040942926,-7.288914229036776,-0.6969043090998505,0.07500194080827062,-0.3853670395186571,-0.06805697574497996,1.6432727196407768,rotation,,True,22,294.9661513876176,torch_cuda,cuda,OK,
8663,C:\Users\USER\Desktop\project\calibration\moire\datasets\test\0481_gt.jpg,C:\Users\USER\Desktop\project\calibration\moire\datasets\test\augmented_9x\0481_gt_rotation_3.jpg,rectified_patch_gpu\008663_0481_gt_rotation_3_to_orig.png,rectified_patch_gpu\008663_0481_gt_rotation_3_absdiff.png,146.2078168402778,160.23168700343038,305.25141312331704,301.35805022774116,3.445399436332112,-5.103217702054749,-8.685606667972856,2.759301137321028,0.268965460986925,0.5302483523735751,0.033178949619041775,2.6686191744505314,rotation,,True,5,303.30473167552907,torch_cuda,cuda,OK,
8664,C:\Users\USER\Desktop\project\calibration\moire\datasets\test\0481_gt.jpg,C:\Users\USER\Desktop\project\calibration\moire\datasets\test\augmented_9x\0481_gt_translation_1.jpg,rectified_patch_gpu\008664_0481_gt_translation_1_to_orig.png,rectified_patch_gpu\008664_0481_gt_translation_1_absdiff.png,104.37855143229167,130.57344026758688,305.3117618848032,303.4735398038756,4.880305743111789,-0.8512048975638667,-6.739840963829693,-2.570576406790199,2.761238292590074,-0.38259802458960895,-2.6389590508680705,-2.53828066720922,translation,,True,19,304.3926508443394,torch_cuda,cuda,OK,
8665,C:\Users\USER\Desktop\project\calibration\moire\datasets\test\0481_gt.jpg,C:\Users\USER\Desktop\project\calibration\moire\datasets\test\augmented_9x\0481_gt_translation_2.jpg,rectified_patch_gpu\008665_0481_gt_translation_2_to_orig.png,rectified_patch_gpu\008665_0481_gt_translation_2_absdiff.png,133.83709526909723,151.30550166462677,305.8458652700649,298.0336742233399,1.100914683613044,5.448608808221904,-7.72914397298152,-2.176068119833939,0.7790403860154085,-1.4439736227514137,-0.7743520732438769,2.6409643499214037,translation,,True,3,301.9397697467024,torch_cuda,cuda,OK,
8666,C:\Users\USER\Desktop\project\calibration\moire\datasets\test\0481_gt.jpg,C:\Users\USER\Desktop\project\calibration\moire\datasets\test\augmented_9x\0481_gt_translation_3.jpg,rectified_patch_gpu\008666_0481_gt_translation_3_to_orig.png,rectified_patch_gpu\008666_0481_gt_translation_3_absdiff.png,57.3308975935571,79.62196341699152,303.3356363739244,306.2039761356455,-1.754824240517899,-2.39674960920762,-3.064768890505195,2.8957747887614325,2.5520168144733475,-6.03061619799735,-9.263054679363542,-2.2510738348952026,translation,,True,17,304.76980625478495,torch_cuda,cuda,OK,
8667,C:\Users\USER\Desktop\project\calibration\moire\datasets\test\0481_moire.jpg,C:\Users\USER\Desktop\project\calibration\moire\datasets\test\augmented_9x\0481_moire_blackbox_1.jpg,rectified_patch_gpu\008667_0481_moire_blackbox_1_to_orig.png,rectified_patch_gpu\008667_0481_moire_blackbox_1_absdiff.png,61.27228708526235,89.77775502623216,285.3683135252891,277.4363661747903,-0.0003291691769323678,-0.24432449463155043,0.2272916245702583,-2.984230121502027,-0.0003931978164527727,-0.3017741758480407,0.14379828254043475,-2.9760524338119256,blackbox,,True,10,281.4023398500397,torch_cuda,cuda,OK,
8668,C:\Users\USER\Desktop\project\calibration\moire\datasets\test\0481_moire.jpg,C:\Users\USER\Desktop\project\calibration\moire\datasets\test\augmented_9x\0481_moire_blackbox_2.jpg,rectified_patch_gpu\008668_0481_moire_blackbox_2_to_orig.png,rectified_patch_gpu\008668_0481_moire_blackbox_2_absdiff.png,152.85851586612654,164.1293429478209,285.07384601341505,306.6869959521193,0.30444843921414433,0.12346195130070475,-3.7499398960946034e-07,-2.0601190440158126,5.315156948638338,0.054327513775518144,-7.3572621469048745,-1.8164049273700023,blackbox,,True,19,295.8804209827672,torch_cuda,cuda,OK,
8669,C:\Users\USER\Desktop\project\calibration\moire\datasets\test\0481_moire.jpg,C:\Users\USER\Desktop\project\calibration\moire\datasets\test\augmented_9x\0481_moire_blackbox_3.jpg,rectified_patch_gpu\008669_0481_moire_blackbox_3_to_orig.png,rectified_patch_gpu\008669_0481_moire_blackbox_3_absdiff.png,101.86595365547839,119.06970461174059,287.37581746394113,305.53572835156655,0.0878041723399542,0.2652919432650648,0.1745749114735866,1.9725563133993105,8.70400456040418,1.088037700909874,-12.251468147303846,3.141592653589793,blackbox,,True,23,296.45577290775384,torch_cuda,cuda,OK,
8670,C:\Users\USER\Desktop\project\calibration\moire\datasets\test\0481_moire.jpg,C:\Users\USER\Desktop\project\calibration\moire\datasets\test\augmented_9x\0481_moire_rotation_1.jpg,rectified_patch_gpu\008670_0481_moire_rotation_1_to_orig.png,rectified_patch_gpu\008670_0481_moire_rotation_1_absdiff.png,81.68439742476852,90.73596329573228,285.07384601341505,305.34938600453177,0.30444843921414433,0.12346195130070475,-3.7499398960946034e-07,-2.0601190440158126,2.2361714743437147,5.0205479936855815,-7.669124173893847,2.7061628585029656,rotation,,True,19,295.2116160089734,torch_cuda,cuda,OK,
8671,C:\Users\USER\Desktop\project\calibration\moire\datasets\test\0481_moire.jpg,C:\Users\USER\Desktop\project\calibration\moire\datasets\test\augmented_9x\0481_moire_rotation_2.jpg,rectified_patch_gpu\008671_0481_moire_rotation_2_to_orig.png,rectified_patch_gpu\008671_0481_moire_rotation_2_absdiff.png,67.39521363811728,74.49647239051257,285.07384601341505,305.0880252678241,0.30444843921414433,0.12346195130070475,-3.7499398960946034e-07,-2.0601190440158126,5.030238776606242,0.0014250210180000178,-6.97496929306766,-3.028686840849934,rotation,,True,19,295.0809356406196,torch_cuda,cuda,OK,
8672,C:\Users\USER\Desktop\project\calibration\moire\datasets\test\0481_moire.jpg,C:\Users\USER\Desktop\project\calibration\moire\datasets\test\augmented_9x\0481_moire_rotation_3.jpg,rectified_patch_gpu\008672_0481_moire_rotation_3_to_orig.png,rectified_patch_gpu\008672_0481_moire_rotation_3_absdiff.png,54.82769350405093,66.20205049725782,285.07384601341505,305.3814842412018,0.30444843921414433,0.12346195130070475,-3.7499398960946034e-07,-2.0601190440158126,-5.770815405557684,-2.586460871015623,-8.98117579764253,3.0144585886492843,rotation,,True,19,295.22766512730846,torch_cuda,cuda,OK,
8673,C:\Users\USER\Desktop\project\calibration\moire\datasets\test\0481_moire.jpg,C:\Users\USER\Desktop\project\calibration\moire\datasets\test\augmented_9x\0481_moire_translation_1.jpg,rectified_patch_gpu\008673_0481_moire_translation_1_to_orig.png,rectified_patch_gpu\008673_0481_moire_translation_1_absdiff.png,69.75216748649692,91.42573562355123,285.07384601341505,305.18685136712577,0.30444843921414433,0.12346195130070475,-3.7499398960946034e-07,-2.0601190440158126,3.1090000070955304,-5.096934527973913,-8.399191220216428,1982.4175714737698,translation,,True,19,295.1303486902704,torch_cuda,cuda,OK,
8674,C:\Users\USER\Desktop\project\calibration\moire\datasets\test\0481_moire.jpg,C:\Users\USER\Desktop\project\calibration\moire\datasets\test\augmented_9x\0481_moire_translation_2.jpg,rectified_patch_gpu\008674_0481_moire_translation_2_to_orig.png,rectified_patch_gpu\008674_0481_moire_translation_2_absdiff.png,97.10892674575618,113.6873163332732,285.3683135252891,308.2233357328292,-0.0003291691769323678,-0.24432449463155043,0.2272916245702583,-2.984230121502027,3.1281342231978435,-5.6267417164458955,-9.141004900505834,-1.1126674628452724,translation,,True,10,296.79582462905915,torch_cuda,cuda,OK,
8675,C:\Users\USER\Desktop\project\calibration\moire\datasets\test\0481_moire.jpg,C:\Users\USER\Desktop\project\calibration\moire\datasets\test\augmented_9x\0481_moire_translation_3.jpg,rectified_patch_gpu\008675_0481_moire_translation_3_to_orig.png,rectified_patch_gpu\008675_0481_moire_translation_3_absdiff.png,67.03928855613425,89.16458656698337,285.3683135252891,305.3968218582789,-0.0003291691769323678,-0.24432449463155043,0.2272916245702583,-2.984230121502027,3.8860972429318075,-4.983363126878039,-8.94813580367294,3.101969204674473,translation,,True,10,295.382567691784,torch_cuda,cuda,OK,
8676,C:\Users\USER\Desktop\project\calibration\moire\datasets\test\0482_gt.jpg,C:\Users\USER\Desktop\project\calibration\moire\datasets\test\augmented_9x\0482_gt_blackbox_1.jpg,rectified_patch_gpu\008676_0482_gt_blackbox_1_to_orig.png,rectified_patch_gpu\008676_0482_gt_blackbox_1_absdiff.png,103.13765130690587,124.13805357198963,301.20761940750714,303.9262699031426,0.2859577443686877,0.26605881694828576,0.03604551604135153,-0.06180181793390418,-3.0335336165216704,3.0335336173492653,-5.065968551069602,3.141592653589793,blackbox,,True,0,302.56694465532485,torch_cuda,cuda,OK,
8677,C:\Users\USER\Desktop\project\calibration\moire\datasets\test\0482_gt.jpg,C:\Users\USER\Desktop\project\calibration\moire\datasets\test\augmented_9x\0482_gt_blackbox_2.jpg,rectified_patch_gpu\008677_0482_gt_blackbox_2_to_orig.png,rectified_patch_gpu\008677_0482_gt_blackbox_2_absdiff.png,76.39714301215278,108.86819872067426,305.68894739942215,306.02852504183915,2.1089179290120548,-5.581815868144313,-8.462377701822243,2.3589328576382638,0.01726836630873385,-6.858633842130075,-8.88217582607163,2.4453843479534685,blackbox,,True,7,305.85873622063065,torch_cuda,cuda,OK,
8678,C:\Users\USER\Desktop\project\calibration\moire\datasets\test\0482_gt.jpg,C:\Users\USER\Desktop\project\calibration\moire\datasets\test\augmented_9x\0482_gt_blackbox_3.jpg,rectified_patch_gpu\008678_0482_gt_blackbox_3_to_orig.png,rectified_patch_gpu\008678_0482_gt_blackbox_3_absdiff.png,98.63058714313271,120.26274304107446,305.37979872574925,300.2647041390424,-2.7723852399082585,0.5694281936689869,-2.7400534879377436,1.9150915853254284,0.3084239844643476,0.006757865936497704,-0.06744419106739623,1.9348478812517464,blackbox,,True,13,302.82225143239583,torch_cuda,cuda,OK,
8679,C:\Users\USER\Desktop\project\calibration\moire\datasets\test\0482_gt.jpg,C:\Users\USER\Desktop\project\calibration\moire\datasets\test\augmented_9x\0482_gt_rotation_1.jpg,rectified_patch_gpu\008679_0482_gt_rotation_1_to_orig.png,rectified_patch_gpu\008679_0482_gt_rotation_1_absdiff.png,69.64566623263889,83.70729534734284,297.41512613414574,307.8133948590894,0.10047210254335244,-0.0053421259854566205,0.3298736467611553,3.0789903878022598,1.9484576589035925,-6.456279955456786,-9.448954861315766,-1.3040481478365815,rotation,,True,6,302.6142604966176,torch_cuda,cuda,OK,
8680,C:\Users\USER\Desktop\project\calibration\moire\datasets\test\0482_gt.jpg,C:\Users\USER\Desktop\project\calibration\moire\datasets\test\augmented_9x\0482_gt_rotation_2.jpg,rectified_patch_gpu\008680_0482_gt_rotation_2_to_orig.png,rectified_patch_gpu\008680_0482_gt_rotation_2_absdiff.png,70.25693540219908,83.61737827122728,301.20761940750714,308.9897754227556,0.2859577443686877,0.26605881694828576,0.03604551604135153,-0.06180181793390418,2.9362101615894716,-3.63124751603044,-6.09623211510632,-1.01058080997529,rotation,,True,0,305.09869741513137,torch_cuda,cuda,OK,
8681,C:\Users\USER\Desktop\project\calibration\moire\datasets\test\0482_gt.jpg,C:\Users\USER\Desktop\project\calibration\moire\datasets\test\augmented_9x\0482_gt_rotation_3.jpg,rectified_patch_gpu\008681_0482_gt_rotation_3_to_orig.png,rectified_patch_gpu\008681_0482_gt_rotation_3_absdiff.png,67.7604237798997,79.88957537345945,297.41512613414574,305.727054674907,0.10047210254335244,-0.0053421259854566205,0.3298736467611553,3.0789903878022598,6.063849988755923,-1.301796573006094,-8.803320626394939,2.4374295031034503,rotation,,True,6,301.57109040452633,torch_cuda,cuda,OK,
8682,C:\Users\USER\Desktop\project\calibration\moire\datasets\test\0482_gt.jpg,C:\Users\USER\Desktop\project\calibration\moire\datasets\test\augmented_9x\0482_gt_translation_1.jpg,rectified_patch_gpu\008682_0482_gt_translation_1_to_orig.png,rectified_patch_gpu\008682_0482_gt_translation_1_absdiff.png,116.75738341531635,136.5516652829474,308.28798704774243,291.25151189035023,-1.959730244748933,-4.878225182941936,-7.24942408293819,-478.51072784491953,0.35600030087990414,-0.08102657007719571,-0.046963951495783335,2.002323289007581,translation,,True,20,299.76974946904636,torch_cuda,cuda,OK,
8683,C:\Users\USER\Desktop\project\calibration\moire\datasets\test\0482_gt.jpg,C:\Users\USER\Desktop\project\calibration\moire\datasets\test\augmented_9x\0482_gt_translation_2.jpg,rectified_patch_gpu\008683_0482_gt_translation_2_to_orig.png,rectified_patch_gpu\008683_0482_gt_translation_2_absdiff.png,90.97134608892748,106.1342644573058,301.20761940750714,302.1339314352341,0.2859577443686877,0.26605881694828576,0.03604551604135153,-0.06180181793390418,2.4305002350533744,-0.17978302270132188,-2.1571941290965646,2.9253497233952515,translation,,True,0,301.67077542137065,torch_cuda,cuda,OK,
8684,C:\Users\USER\Desktop\project\calibration\moire\datasets\test\0482_gt.jpg,C:\Users\USER\Desktop\project\calibration\moire\datasets\test\augmented_9x\0482_gt_translation_3.jpg,rectified_patch_gpu\008684_0482_gt_translation_3_to_orig.png,rectified_patch_gpu\008684_0482_gt_translation_3_absdiff.png,92.98134705343364,112.21713839396222,297.41512613414574,308.603675881098,0.10047210254335244,-0.0053421259854566205,0.3298736467611553,3.0789903878022598,0.6908720954155763,6.109346488609527,-8.694180729118381,-0.7829452238358318,translation,,True,6,303.0094010076219,torch_cuda,cuda,OK,
8685,C:\Users\USER\Desktop\project\calibration\moire\datasets\test\0482_moire.jpg,C:\Users\USER\Desktop\project\calibration\moire\datasets\test\augmented_9x\0482_moire_blackbox_1.jpg,rectified_patch_gpu\008685_0482_moire_blackbox_1_to_orig.png,rectified_patch_gpu\008685_0482_moire_blackbox_1_absdiff.png,118.46400028935186,140.73740139743458,261.1059165467996,296.19853396967756,0.04587696479782061,-0.333825615595419,-0.04123462664967229,128.03553261308937,-0.046539908844769155,0.00029572391529486433,0.3275744452977387,-3.0498255375703547,blackbox,,True,22,278.65222525823856,torch_cuda,cuda,OK,
8686,C:\Users\USER\Desktop\project\calibration\moire\datasets\test\0482_moire.jpg,C:\Users\USER\Desktop\project\calibration\moire\datasets\test\augmented_9x\0482_moire_blackbox_2.jpg,rectified_patch_gpu\008686_0482_moire_blackbox_2_to_orig.png,rectified_patch_gpu\008686_0482_moire_blackbox_2_absdiff.png,118.78429301697531,140.90195990877578,261.1059165467996,296.19853396967756,0.04587696479782061,-0.333825615595419,-0.04123462664967229,128.03553261308937,-0.046539908844769155,0.00029572391529486433,0.3275744452977387,-3.0498255375703547,blackbox,,True,22,278.65222525823856,torch_cuda,cuda,OK,
8687,C:\Users\USER\Desktop\project\calibration\moire\datasets\test\0482_moire.jpg,C:\Users\USER\Desktop\project\calibration\moire\datasets\test\augmented_9x\0482_moire_blackbox_3.jpg,rectified_patch_gpu\008687_0482_moire_blackbox_3_to_orig.png,rectified_patch_gpu\008687_0482_moire_blackbox_3_absdiff.png,118.07717170621142,140.1410287374654,261.1059165467996,296.19853396967756,0.04587696479782061,-0.333825615595419,-0.04123462664967229,128.03553261308937,-0.046539908844769155,0.00029572391529486433,0.3275744452977387,-3.0498255375703547,blackbox,,True,22,278.65222525823856,torch_cuda,cuda,OK,
8688,C:\Users\USER\Desktop\project\calibration\moire\datasets\test\0482_moire.jpg,C:\Users\USER\Desktop\project\calibration\moire\datasets\test\augmented_9x\0482_moire_rotation_1.jpg,rectified_patch_gpu\008688_0482_moire_rotation_1_to_orig.png,rectified_patch_gpu\008688_0482_moire_rotation_1_absdiff.png,74.51783323688272,92.50150456134776,261.1059165467996,306.4031741449136,0.04587696479782061,-0.333825615595419,-0.04123462664967229,128.03553261308937,5.998788880941483,-1.1882647755946372,-8.690565042158434,-2.075280367901955,rotation,,True,22,283.7545453458566,torch_cuda,cuda,OK,
8689,C:\Users\USER\Desktop\project\calibration\moire\datasets\test\0482_moire.jpg,C:\Users\USER\Desktop\project\calibration\moire\datasets\test\augmented_9x\0482_moire_rotation_2.jpg,rectified_patch_gpu\008689_0482_moire_rotation_2_to_orig.png,rectified_patch_gpu\008689_0482_moire_rotation_2_absdiff.png,79.43873336226852,95.40549786671822,261.1059165467996,308.3957374018587,0.04587696479782061,-0.333825615595419,-0.04123462664967229,128.03553261308937,4.4575961761432445,-3.873824737510925,-8.33382651376484,-1.0613395062708557,rotation,,True,22,284.75082697432913,torch_cuda,cuda,OK,
8690,C:\Users\USER\Desktop\project\calibration\moire\datasets\test\0482_moire.jpg,C:\Users\USER\Desktop\project\calibration\moire\datasets\test\augmented_9x\0482_moire_rotation_3.jpg,rectified_patch_gpu\008690_0482_moire_rotation_3_to_orig.png,rectified_patch_gpu\008690_0482_moire_rotation_3_absdiff.png,106.5538328269676,127.84624128974802,261.1059165467996,306.52307327853055,0.04587696479782061,-0.333825615595419,-0.04123462664967229,128.03553261308937,5.669337286659168,2.030390696074273,-8.498070798643075,2.0106040684928566,rotation,,True,22,283.81449491266505,torch_cuda,cuda,OK,
8691,C:\Users\USER\Desktop\project\calibration\moire\datasets\test\0482_moire.jpg,C:\Users\USER\Desktop\project\calibration\moire\datasets\test\augmented_9x\0482_moire_translation_1.jpg,rectified_patch_gpu\008691_0482_moire_translation_1_to_orig.png,rectified_patch_gpu\008691_0482_moire_translation_1_absdiff.png,117.96854552469136,139.33498539368554,261.1059165467996,306.473399692472,0.04587696479782061,-0.333825615595419,-0.04123462664967229,128.03553261308937,3.3234155489669694,-4.317068018051684,-7.486127811099109,-2.03074126265502,translation,,True,22,283.7896581196358,torch_cuda,cuda,OK,
8692,C:\Users\USER\Desktop\project\calibration\moire\datasets\test\0482_moire.jpg,C:\Users\USER\Desktop\project\calibration\moire\datasets\test\augmented_9x\0482_moire_translation_2.jpg,rectified_patch_gpu\008692_0482_moire_translation_2_to_orig.png,rectified_patch_gpu\008692_0482_moire_translation_2_absdiff.png,82.36675250771604,100.60976344583527,261.1059165467996,310.340552467027,0.04587696479782061,-0.333825615595419,-0.04123462664967229,128.03553261308937,1.1366050648175454,3.523357224669255,-4.55032566703425,-0.05222727245236283,translation,,True,22,285.7232345069133,torch_cuda,cuda,OK,
8693,C:\Users\USER\Desktop\project\calibration\moire\datasets\test\0482_moire.jpg,C:\Users\USER\Desktop\project\calibration\moire\datasets\test\augmented_9x\0482_moire_translation_3.jpg,rectified_patch_gpu\008693_0482_moire_translation_3_to_orig.png,rectified_patch_gpu\008693_0482_moire_translation_3_absdiff.png,114.85441044560186,135.85352584553834,261.1059165467996,309.0020385444267,0.04587696479782061,-0.333825615595419,-0.04123462664967229,128.03553261308937,1.18423983927261,-4.108478302120012,-5.598929290555174,0.7852666595908528,translation,,True,22,285.0539775456132,torch_cuda,cuda,OK,
8694,C:\Users\USER\Desktop\project\calibration\moire\datasets\test\0483_gt.jpg,C:\Users\USER\Desktop\project\calibration\moire\datasets\test\augmented_9x\0483_gt_blackbox_1.jpg,rectified_patch_gpu\008694_0483_gt_blackbox_1_to_orig.png,rectified_patch_gpu\008694_0483_gt_blackbox_1_absdiff.png,87.90401258680555,110.62262963366028,307.17283530616777,286.8791123057893,-0.3049759297872878,-5.549396114055654,-7.654666614823355,-1.573463633838861,-0.05779559914533165,-0.32936015510293437,0.10856504849212109,-2.872455144380814,blackbox,,True,12,297.02597380597854,torch_cuda,cuda,OK,
8695,C:\Users\USER\Desktop\project\calibration\moire\datasets\test\0483_gt.jpg,C:\Users\USER\Desktop\project\calibration\moire\datasets\test\augmented_9x\0483_gt_blackbox_2.jpg,rectified_patch_gpu\008695_0483_gt_blackbox_2_to_orig.png,rectified_patch_gpu\008695_0483_gt_blackbox_2_absdiff.png,110.90747227044753,133.66963048250517,306.06364491746655,282.688830530559,5.35822998685795,3.559901197754101,-9.137691560002676,2.364238883776588,-0.12298643492664399,0.294232780402866,0.15370208732936702,-2.720216014546456,blackbox,,True,1,294.37623772401275,torch_cuda,cuda,OK,
8696,C:\Users\USER\Desktop\project\calibration\moire\datasets\test\0483_gt.jpg,C:\Users\USER\Desktop\project\calibration\moire\datasets\test\augmented_9x\0483_gt_blackbox_3.jpg,rectified_patch_gpu\008696_0483_gt_blackbox_3_to_orig.png,rectified_patch_gpu\008696_0483_gt_blackbox_3_absdiff.png,110.89454595871914,133.6678929338291,306.06364491746655,282.688830530559,5.35822998685795,3.559901197754101,-9.137691560002676,2.364238883776588,-0.12298643492664399,0.294232780402866,0.15370208732936702,-2.720216014546456,blackbox,,True,1,294.37623772401275,torch_cuda,cuda,OK,
8697,C:\Users\USER\Desktop\project\calibration\moire\datasets\test\0483_gt.jpg,C:\Users\USER\Desktop\project\calibration\moire\datasets\test\augmented_9x\0483_gt_rotation_1.jpg,rectified_patch_gpu\008697_0483_gt_rotation_1_to_orig.png,rectified_patch_gpu\008697_0483_gt_rotation_1_absdiff.png,146.45725947627315,163.0356331862467,305.4028403380987,297.1272835779092,5.454971139820087,-1.078134250261838,-7.733558115082543,-2.6511416589930596,-0.11346345823948899,-0.0591078186400141,0.3350333022189902,65.79552585430073,rotation,,True,23,301.26506195800397,torch_cuda,cuda,OK,
8698,C:\Users\USER\Desktop\project\calibration\moire\datasets\test\0483_gt.jpg,C:\Users\USER\Desktop\project\calibration\moire\datasets\test\augmented_9x\0483_gt_rotation_2.jpg,rectified_patch_gpu\008698_0483_gt_rotation_2_to_orig.png,rectified_patch_gpu\008698_0483_gt_rotation_2_absdiff.png,94.95719111689814,116.65727327015965,298.26714232901554,309.1535798325695,0.36858105746367975,-1.551019027924012,-0.28601989527274796,2.638215606507804,-5.229288004553698,-0.6215547308160604,-7.348485737208458,-0.31380944222055696,rotation,,True,24,303.7103610807925,torch_cuda,cuda,OK,
8699,C:\Users\USER\Desktop\project\calibration\moire\datasets\test\0483_gt.jpg,C:\Users\USER\Desktop\project\calibration\moire\datasets\test\augmented_9x\0483_gt_rotation_3.jpg,rectified_patch_gpu\008699_0483_gt_rotation_3_to_orig.png,rectified_patch_gpu\008699_0483_gt_rotation_3_absdiff.png,118.27923213252315,136.60459374836157,306.33329009451967,285.58927858582524,-3.7327014233916618,-4.5026845413558165,-8.184810546661586,2.133819033895055,0.24606274096719055,-0.26317181168472853,0.0916837427385589,-1.7544355290535512,rotation,,True,16,295.9612843401725,torch_cuda,cuda,OK,
8700,C:\Users\USER\Desktop\project\calibration\moire\datasets\test\0483_gt.jpg,C:\Users\USER\Desktop\project\calibration\moire\datasets\test\augmented_9x\0483_gt_translation_1.jpg,rectified_patch_gpu\008700_0483_gt_translation_1_to_orig.png,rectified_patch_gpu\008700_0483_gt_translation_1_absdiff.png,95.10170163001543,117.257972474765,298.26714232901554,309.18713761382656,0.36858105746367975,-1.551019027924012,-0.28601989527274796,2.638215606507804,2.9146069931135923,5.320880058737394,-8.588848445831553,0.00872575093191655,translation,,True,24,303.727139971421,torch_cuda,cuda,OK,
8701,C:\Users\USER\Desktop\project\calibration\moire\datasets\test\0483_gt.jpg,C:\Users\USER\Desktop\project\calibration\moire\datasets\test\augmented_9x\0483_gt_translation_2.jpg,rectified_patch_gpu\008701_0483_gt_translation_2_to_orig.png,rectified_patch_gpu\008701_0483_gt_translation_2_absdiff.png,146.465233048804,163.04705177618533,305.7032471996407,297.3684178336246,4.226351895866997,0.571817867289728,-5.412323539809627,2.1789199342763004,-0.09343201761246252,0.0006267134582023295,0.30855035237628975,3.100344114854803,translation,,True,3,301.5358325166327,torch_cuda,cuda,OK,
8702,C:\Users\USER\Desktop\project\calibration\moire\datasets\test\0483_gt.jpg,C:\Users\USER\Desktop\project\calibration\moire\datasets\test\augmented_9x\0483_gt_translation_3.jpg,rectified_patch_gpu\008702_0483_gt_translation_3_to_orig.png,rectified_patch_gpu\008702_0483_gt_translation_3_absdiff.png,120.27730914834105,139.38466622290974,308.01622522275005,276.58693352492133,-1.2360246045831476,-6.078695917617825,-8.793341253527077,1.2101220465830969,0.24433211062902924,0.2315999046106049,-0.17014016629338208,-1.9545510639167343,translation,,True,4,292.3015793738357,torch_cuda,cuda,OK,
8703,C:\Users\USER\Desktop\project\calibration\moire\datasets\test\0483_moire.jpg,C:\Users\USER\Desktop\project\calibration\moire\datasets\test\augmented_9x\0483_moire_blackbox_1.jpg,rectified_patch_gpu\008703_0483_moire_blackbox_1_to_orig.png,rectified_patch_gpu\008703_0483_moire_blackbox_1_absdiff.png,76.44576171875,93.05877849285044,304.1898126540085,305.8293479339797,-0.29275044423204866,0.2904271375255379,0.24017098756787358,3.1297535014126856,5.914125468149379,-6.318968612118255,-10.82744599085973,-3.127453876906872,blackbox,,True,15,305.0095802939941,torch_cuda,cuda,OK,
8704,C:\Users\USER\Desktop\project\calibration\moire\datasets\test\0483_moire.jpg,C:\Users\USER\Desktop\project\calibration\moire\datasets\test\augmented_9x\0483_moire_blackbox_2.jpg,rectified_patch_gpu\008704_0483_moire_blackbox_2_to_orig.png,rectified_patch_gpu\008704_0483_moire_blackbox_2_absdiff.png,128.84453004436727,149.41287686136943,304.1898126540085,305.8293479339797,-0.29275044423204866,0.2904271375255379,0.24017098756787358,3.1297535014126856,5.914125468149379,-6.318968612118255,-10.82744599085973,-3.127453876906872,blackbox,,True,15,305.0095802939941,torch_cuda,cuda,OK,
8705,C:\Users\USER\Desktop\project\calibration\moire\datasets\test\0483_moire.jpg,C:\Users\USER\Desktop\project\calibration\moire\datasets\test\augmented_9x\0483_moire_blackbox_3.jpg,rectified_patch_gpu\008705_0483_moire_blackbox_3_to_orig.png,rectified_patch_gpu\008705_0483_moire_blackbox_3_absdiff.png,93.5056096884645,114.23868719497037,305.84765483714267,303.9262699031426,-1.1042169862962226,2.3331369260384065,-3.337479206957852,-2.844532299330007,-3.0335336165216704,3.0335336173492653,-5.065968551069602,3.141592653589793,blackbox,,True,24,304.88696237014267,torch_cuda,cuda,OK,
8706,C:\Users\USER\Desktop\project\calibration\moire\datasets\test\0483_moire.jpg,C:\Users\USER\Desktop\project\calibration\moire\datasets\test\augmented_9x\0483_moire_rotation_1.jpg,rectified_patch_gpu\008706_0483_moire_rotation_1_to_orig.png,rectified_patch_gpu\008706_0483_moire_rotation_1_absdiff.png,130.48205403645832,150.9069143086057,305.3340828179933,299.9486820414648,-9.791001812978461,-0.05636198266932396,-13.889254366679275,-3.1195197900826743,-0.04716261634410966,-0.01406920417170228,0.46118740946670606,2.490055625232412,rotation,,True,1,302.64138242972905,torch_cuda,cuda,OK,
8707,C:\Users\USER\Desktop\project\calibration\moire\datasets\test\0483_moire.jpg,C:\Users\USER\Desktop\project\calibration\moire\datasets\test\augmented_9x\0483_moire_rotation_2.jpg,rectified_patch_gpu\008707_0483_moire_rotation_2_to_orig.png,rectified_patch_gpu\008707_0483_moire_rotation_2_absdiff.png,130.48228105709876,150.90766261124628,305.3340828179933,300.5724066545128,-9.791001812978461,-0.05636198266932396,-13.889254366679275,-3.1195197900826743,0.025860520589880275,0.07101367753466098,0.530541567322679,-2.4353423888236674,rotation,,True,1,302.95324473625305,torch_cuda,cuda,OK,
8708,C:\Users\USER\Desktop\project\calibration\moire\datasets\test\0483_moire.jpg,C:\Users\USER\Desktop\project\calibration\moire\datasets\test\augmented_9x\0483_moire_rotation_3.jpg,rectified_patch_gpu\008708_0483_moire_rotation_3_to_orig.png,rectified_patch_gpu\008708_0483_moire_rotation_3_absdiff.png,84.70784143518519,105.07536437639865,305.84765483714267,303.9262699031426,-1.1042169862962226,2.3331369260384065,-3.337479206957852,-2.844532299330007,-3.0335336165216704,3.0335336173492653,-5.065968551069602,3.141592653589793,rotation,,True,24,304.88696237014267,torch_cuda,cuda,OK,
8709,C:\Users\USER\Desktop\project\calibration\moire\datasets\test\0483_moire.jpg,C:\Users\USER\Desktop\project\calibration\moire\datasets\test\augmented_9x\0483_moire_translation_1.jpg,rectified_patch_gpu\008709_0483_moire_translation_1_to_orig.png,rectified_patch_gpu\008709_0483_moire_translation_1_absdiff.png,106.87090410397377,128.77921478133848,304.1898126540085,298.81657245825465,-0.29275044423204866,0.2904271375255379,0.24017098756787358,3.1297535014126856,0.20643257002925358,-0.07834773519888102,0.4392046186073555,-3.112700284356471,translation,,True,15,301.5031925561316,torch_cuda,cuda,OK,
8710,C:\Users\USER\Desktop\project\calibration\moire\datasets\test\0483_moire.jpg,C:\Users\USER\Desktop\project\calibration\moire\datasets\test\augmented_9x\0483_moire_translation_2.jpg,rectified_patch_gpu\008710_0483_moire_translation_2_to_orig.png,rectified_patch_gpu\008710_0483_moire_translation_2_absdiff.png,86.8259986255787,105.64550186089511,304.1898126540085,306.3024054222475,-0.29275044423204866,0.2904271375255379,0.24017098756787358,3.1297535014126856,4.597964867600078,0.24262987456623197,-4.59188198749993,59437.16250807483,translation,,True,15,305.246109038128,torch_cuda,cuda,OK,
8711,C:\Users\USER\Desktop\project\calibration\moire\datasets\test\0483_moire.jpg,C:\Users\USER\Desktop\project\calibration\moire\datasets\test\augmented_9x\0483_moire_translation_3.jpg,rectified_patch_gpu\008711_0483_moire_translation_3_to_orig.png,rectified_patch_gpu\008711_0483_moire_translation_3_absdiff.png,114.26398172260802,136.03546547763924,306.2413639190615,299.2141586301462,-9.282523020617312,0.0968711068782453,-12.921313867563754,-2.1981708487828437,-0.1645335519245581,0.4687037673321884,-0.018986617138322007,-3.111912606195722,translation,,True,10,302.72776127460384,torch_cuda,cuda,OK,
8712,C:\Users\USER\Desktop\project\calibration\moire\datasets\test\0484_gt.jpg,C:\Users\USER\Desktop\project\calibration\moire\datasets\test\augmented_9x\0484_gt_blackbox_1.jpg,rectified_patch_gpu\008712_0484_gt_blackbox_1_to_orig.png,rectified_patch_gpu\008712_0484_gt_blackbox_1_absdiff.png,161.47026596257717,179.47012171365665,285.7169549083965,308.26862014238145,0.2994998752325021,0.09000198291308141,0.009930058726815169,0.6005187218983001,0.23683220865577323,0.08994856477651264,0.16456167420441462,0.5691207314997435,blackbox,,True,24,296.99278752538896,torch_cuda,cuda,OK,
8713,C:\Users\USER\Desktop\project\calibration\moire\datasets\test\0484_gt.jpg,C:\Users\USER\Desktop\project\calibration\moire\datasets\test\augmented_9x\0484_gt_blackbox_2.jpg,rectified_patch_gpu\008713_0484_gt_blackbox_2_to_orig.png,rectified_patch_gpu\008713_0484_gt_blackbox_2_absdiff.png,161.05415653935185,179.3008580312183,285.7169549083965,308.26862014238145,0.2994998752325021,0.09000198291308141,0.009930058726815169,0.6005187218983001,0.23683220865577323,0.08994856477651264,0.16456167420441462,0.5691207314997435,blackbox,,True,24,296.99278752538896,torch_cuda,cuda,OK,
8714,C:\Users\USER\Desktop\project\calibration\moire\datasets\test\0484_gt.jpg,C:\Users\USER\Desktop\project\calibration\moire\datasets\test\augmented_9x\0484_gt_blackbox_3.jpg,rectified_patch_gpu\008714_0484_gt_blackbox_3_to_orig.png,rectified_patch_gpu\008714_0484_gt_blackbox_3_absdiff.png,107.59016842689043,128.2077559443773,285.7169549083965,303.9262699031426,0.2994998752325021,0.09000198291308141,0.009930058726815169,0.6005187218983001,-3.0335336165216704,3.0335336173492653,-5.065968551069602,3.141592653589793,blackbox,,True,24,294.82161240576954,torch_cuda,cuda,OK,
8715,C:\Users\USER\Desktop\project\calibration\moire\datasets\test\0484_gt.jpg,C:\Users\USER\Desktop\project\calibration\moire\datasets\test\augmented_9x\0484_gt_rotation_1.jpg,rectified_patch_gpu\008715_0484_gt_rotation_1_to_orig.png,rectified_patch_gpu\008715_0484_gt_rotation_1_absdiff.png,69.92151186342592,92.89391684001504,285.7169549083965,307.25145094856964,0.2994998752325021,0.09000198291308141,0.009930058726815169,0.6005187218983001,-4.156072359483291,4.84363286306538,-9.020986580162617,-1.681657621724705,rotation,,True,24,296.48420292848306,torch_cuda,cuda,OK,
8716,C:\Users\USER\Desktop\project\calibration\moire\datasets\test\0484_gt.jpg,C:\Users\USER\Desktop\project\calibration\moire\datasets\test\augmented_9x\0484_gt_rotation_2.jpg,rectified_patch_gpu\008716_0484_gt_rotation_2_to_orig.png,rectified_patch_gpu\008716_0484_gt_rotation_2_absdiff.png,115.794912109375,135.37208053969633,285.7169549083965,305.9828816844378,0.2994998752325021,0.09000198291308141,0.009930058726815169,0.6005187218983001,-3.984109817435731,-4.1056475096022,-7.829466803305231,16.861594925258416,rotation,,True,24,295.8499182964172,torch_cuda,cuda,OK,
8717,C:\Users\USER\Desktop\project\calibration\moire\datasets\test\0484_gt.jpg,C:\Users\USER\Desktop\project\calibration\moire\datasets\test\augmented_9x\0484_gt_rotation_3.jpg,rectified_patch_gpu\008717_0484_gt_rotation_3_to_orig.png,rectified_patch_gpu\008717_0484_gt_rotation_3_absdiff.png,83.32777271412037,106.7337996184865,285.7169549083965,303.9262699031426,0.2994998752325021,0.09000198291308141,0.009930058726815169,0.6005187218983001,-3.0335336165216704,3.0335336173492653,-5.065968551069602,3.141592653589793,rotation,,True,24,294.82161240576954,torch_cuda,cuda,OK,
8718,C:\Users\USER\Desktop\project\calibration\moire\datasets\test\0484_gt.jpg,C:\Users\USER\Desktop\project\calibration\moire\datasets\test\augmented_9x\0484_gt_translation_1.jpg,rectified_patch_gpu\008718_0484_gt_translation_1_to_orig.png,rectified_patch_gpu\008718_0484_gt_translation_1_absdiff.png,84.52881763599537,102.60452593763478,285.7169549083965,305.34985084053164,0.2994998752325021,0.09000198291308141,0.009930058726815169,0.6005187218983001,1.8258271281518526,-5.459469290851898,-8.146889819189315,2.670471187911051,translation,,True,24,295.53340287446406,torch_cuda,cuda,OK,
8719,C:\Users\USER\Desktop\project\calibration\moire\datasets\test\0484_gt.jpg,C:\Users\USER\Desktop\project\calibration\moire\datasets\test\augmented_9x\0484_gt_translation_2.jpg,rectified_patch_gpu\008719_0484_gt_translation_2_to_orig.png,rectified_patch_gpu\008719_0484_gt_translation_2_absdiff.png,123.39498878761574,137.14974526315203,285.7169549083965,308.5085036845841,0.2994998752325021,0.09000198291308141,0.009930058726815169,0.6005187218983001,5.283212902278798,1.7467433440422018,-7.75210944737162,-0.828893373441904,translation,,True,24,297.11272929649033,torch_cuda,cuda,OK,
8720,C:\Users\USER\Desktop\project\calibration\moire\datasets\test\0484_gt.jpg,C:\Users\USER\Desktop\project\calibration\moire\datasets\test\augmented_9x\0484_gt_translation_3.jpg,rectified_patch_gpu\008720_0484_gt_translation_3_to_orig.png,rectified_patch_gpu\008720_0484_gt_translation_3_absdiff.png,78.48356409143518,94.89826405214141,285.7169549083965,305.6243973866384,0.2994998752325021,0.09000198291308141,0.009930058726815169,0.6005187218983001,-5.752939143006445,0.9597893327233644,-8.215365773308148,-2.5516332135373947,translation,,True,24,295.67067614751744,torch_cuda,cuda,OK,
8721,C:\Users\USER\Desktop\project\calibration\moire\datasets\test\0484_moire.jpg,C:\Users\USER\Desktop\project\calibration\moire\datasets\test\augmented_9x\0484_moire_blackbox_1.jpg,rectified_patch_gpu\008721_0484_moire_blackbox_1_to_orig.png,rectified_patch_gpu\008721_0484_moire_blackbox_1_absdiff.png,84.21472246334876,105.4638401772132,298.1021202606403,305.8898367353767,0.05763606802437802,-2.595737909811387,-1.5220481270383517,3.141592653589793,-2.6416423704237366,-4.814110178151497,-7.525788608854726,2.2854521270591976,blackbox,,True,5,301.9959784980085,torch_cuda,cuda,OK,
8722,C:\Users\USER\Desktop\project\calibration\moire\datasets\test\0484_moire.jpg,C:\Users\USER\Desktop\project\calibration\moire\datasets\test\augmented_9x\0484_moire_blackbox_2.jpg,rectified_patch_gpu\008722_0484_moire_blackbox_2_to_orig.png,rectified_patch_gpu\008722_0484_moire_blackbox_2_absdiff.png,146.3810067033179,165.63329517720075,298.1021202606403,308.59799731422305,0.05763606802437802,-2.595737909811387,-1.5220481270383517,3.141592653589793,6.03662545153405,-6.532829165080855,-11.155209863360895,0.0,blackbox,,True,5,303.35005878743164,torch_cuda,cuda,OK,
8723,C:\Users\USER\Desktop\project\calibration\moire\datasets\test\0484_moire.jpg,C:\Users\USER\Desktop\project\calibration\moire\datasets\test\augmented_9x\0484_moire_blackbox_3.jpg,rectified_patch_gpu\008723_0484_moire_blackbox_3_to_orig.png,rectified_patch_gpu\008723_0484_moire_blackbox_3_absdiff.png,107.47532323013117,128.19757043943946,298.1021202606403,308.59799731422305,0.05763606802437802,-2.595737909811387,-1.5220481270383517,3.141592653589793,6.03662545153405,-6.532829165080855,-11.155209863360895,0.0,blackbox,,True,5,303.35005878743164,torch_cuda,cuda,OK,
8724,C:\Users\USER\Desktop\project\calibration\moire\datasets\test\0484_moire.jpg,C:\Users\USER\Desktop\project\calibration\moire\datasets\test\augmented_9x\0484_moire_rotation_1.jpg,rectified_patch_gpu\008724_0484_moire_rotation_1_to_orig.png,rectified_patch_gpu\008724_0484_moire_rotation_1_absdiff.png,96.34463071469908,117.70323706857309,298.1021202606403,308.51537682891194,0.05763606802437802,-2.595737909811387,-1.5220481270383517,3.141592653589793,5.861552726563772,-6.252575262169316,-10.756577096316704,-0.5394725518903447,rotation,,True,5,303.3087485447761,torch_cuda,cuda,OK,
8725,C:\Users\USER\Desktop\project\calibration\moire\datasets\test\0484_moire.jpg,C:\Users\USER\Desktop\project\calibration\moire\datasets\test\augmented_9x\0484_moire_rotation_2.jpg,rectified_patch_gpu\008725_0484_moire_rotation_2_to_orig.png,rectified_patch_gpu\008725_0484_moire_rotation_2_absdiff.png,95.05806435667438,115.46116443210987,298.1021202606403,308.4724240613648,0.05763606802437802,-2.595737909811387,-1.5220481270383517,3.141592653589793,2.7214412638761942,-9.864467492594372,-12.917839623322322,-88.57935838830109,rotation,,True,5,303.28727216100253,torch_cuda,cuda,OK,
8726,C:\Users\USER\Desktop\project\calibration\moire\datasets\test\0484_moire.jpg,C:\Users\USER\Desktop\project\calibration\moire\datasets\test\augmented_9x\0484_moire_rotation_3.jpg,rectified_patch_gpu\008726_0484_moire_rotation_3_to_orig.png,rectified_patch_gpu\008726_0484_moire_rotation_3_absdiff.png,91.03297489872685,112.95770654969502,298.1021202606403,307.6976001048493,0.05763606802437802,-2.595737909811387,-1.5220481270383517,3.141592653589793,5.58830392148511,-2.4080758927649217,-8.56214752212707,-1.3764137890640467,rotation,,True,5,302.89986018274476,torch_cuda,cuda,OK,
8727,C:\Users\USER\Desktop\project\calibration\moire\datasets\test\0484_moire.jpg,C:\Users\USER\Desktop\project\calibration\moire\datasets\test\augmented_9x\0484_moire_translation_1.jpg,rectified_patch_gpu\008727_0484_moire_translation_1_to_orig.png,rectified_patch_gpu\008727_0484_moire_translation_1_absdiff.png,80.83685028452932,101.39315908470984,298.1021202606403,306.234254530715,0.05763606802437802,-2.595737909811387,-1.5220481270383517,3.141592653589793,2.6349913386675965,-6.95454987585255,-9.358263773740106,-2.4202583403105407,translation,,True,5,302.16818739567765,torch_cuda,cuda,OK,
8728,C:\Users\USER\Desktop\project\calibration\moire\datasets\test\0484_moire.jpg,C:\Users\USER\Desktop\project\calibration\moire\datasets\test\augmented_9x\0484_moire_translation_2.jpg,rectified_patch_gpu\008728_0484_moire_translation_2_to_orig.png,rectified_patch_gpu\008728_0484_moire_translation_2_absdiff.png,155.0535393759645,173.21615482140248,298.1021202606403,288.942823212497,0.05763606802437802,-2.595737909811387,-1.5220481270383517,3.141592653589793,-0.04674068748341505,0.2897951424125564,0.37074356475644316,3.141592653589793,translation,,True,5,293.5224717365686,torch_cuda,cuda,OK,
8729,C:\Users\USER\Desktop\project\calibration\moire\datasets\test\0484_moire.jpg,C:\Users\USER\Desktop\project\calibration\moire\datasets\test\augmented_9x\0484_moire_translation_3.jpg,rectified_patch_gpu\008729_0484_moire_translation_3_to_orig.png,rectified_patch_gpu\008729_0484_moire_translation_3_absdiff.png,88.55137104552469,109.66041987588468,298.1021202606403,307.8043678980375,0.05763606802437802,-2.595737909811387,-1.5220481270383517,3.141592653589793,6.081395937635101,-6.926093483935134,-12.21700532280721,-1.3242563225331723,translation,,True,5,302.9532440793389,torch_cuda,cuda,OK,
8730,C:\Users\USER\Desktop\project\calibration\moire\datasets\test\0485_gt.jpg,C:\Users\USER\Desktop\project\calibration\moire\datasets\test\augmented_9x\0485_gt_blackbox_1.jpg,rectified_patch_gpu\008730_0485_gt_blackbox_1_to_orig.png,rectified_patch_gpu\008730_0485_gt_blackbox_1_absdiff.png,49.307912205825616,55.41593193979141,292.68562735246473,304.93563501273405,-0.46814533063205466,-0.3757172389231626,0.006739231055010841,1.4278315539598911,4.822557920171137,-0.959029172754034,-6.68473667420504,-2.964614811869906,blackbox,,True,8,298.8106311825994,torch_cuda,cuda,OK,
8731,C:\Users\USER\Desktop\project\calibration\moire\datasets\test\0485_gt.jpg,C:\Users\USER\Desktop\project\calibration\moire\datasets\test\augmented_9x\0485_gt_blackbox_2.jpg,rectified_patch_gpu\008731_0485_gt_blackbox_2_to_orig.png,rectified_patch_gpu\008731_0485_gt_blackbox_2_absdiff.png,118.69892373167438,123.85984813494085,309.23314306405973,281.5771825478941,5.530156957795978,-1.303516559148218,-7.846978972625381,0.32999815460036663,-0.12353850145621897,-0.3301035038712524,-0.5798396574265935,2.616967774912287,blackbox,,True,11,295.40516280597694,torch_cuda,cuda,OK,
8732,C:\Users\USER\Desktop\project\calibration\moire\datasets\test\0485_gt.jpg,C:\Users\USER\Desktop\project\calibration\moire\datasets\test\augmented_9x\0485_gt_blackbox_3.jpg,rectified_patch_gpu\008732_0485_gt_blackbox_3_to_orig.png,rectified_patch_gpu\008732_0485_gt_blackbox_3_absdiff.png,49.3540884211034,55.481184509807505,292.68562735246473,304.93563501273405,-0.46814533063205466,-0.3757172389231626,0.006739231055010841,1.4278315539598911,4.822557920171137,-0.959029172754034,-6.68473667420504,-2.964614811869906,blackbox,,True,8,298.8106311825994,torch_cuda,cuda,OK,
8733,C:\Users\USER\Desktop\project\calibration\moire\datasets\test\0485_gt.jpg,C:\Users\USER\Desktop\project\calibration\moire\datasets\test\augmented_9x\0485_gt_rotation_1.jpg,rectified_patch_gpu\008733_0485_gt_rotation_1_to_orig.png,rectified_patch_gpu\008733_0485_gt_rotation_1_absdiff.png,37.53648497781636,44.084941149933435,292.68562735246473,305.8114807809105,-0.46814533063205466,-0.3757172389231626,0.006739231055010841,1.4278315539598911,0.6124651534534167,-4.755159804083348,-6.5584602624431785,2.1534581325603837,rotation,,True,8,299.2485540666876,torch_cuda,cuda,OK,
8734,C:\Users\USER\Desktop\project\calibration\moire\datasets\test\0485_gt.jpg,C:\Users\USER\Desktop\project\calibration\moire\datasets\test\augmented_9x\0485_gt_rotation_2.jpg,rectified_patch_gpu\008734_0485_gt_rotation_2_to_orig.png,rectified_patch_gpu\008734_0485_gt_rotation_2_absdiff.png,98.79100549768519,110.31517523991762,306.90476539740854,291.29521651431935,1.363180105071896,-6.433117382926412,-9.342793948410964,1.6775772171645855,0.3130763442413431,-0.11395581443429505,0.05981229963945815,-1.1088817641000823,rotation,,True,7,299.099990955864,torch_cuda,cuda,OK,
8735,C:\Users\USER\Desktop\project\calibration\moire\datasets\test\0485_gt.jpg,C:\Users\USER\Desktop\project\calibration\moire\datasets\test\augmented_9x\0485_gt_rotation_3.jpg,rectified_patch_gpu\008735_0485_gt_rotation_3_to_orig.png,rectified_patch_gpu\008735_0485_gt_rotation_3_absdiff.png,37.24170452353395,43.14721737143831,292.68562735246473,309.46577603290183,-0.46814533063205466,-0.3757172389231626,0.006739231055010841,1.4278315539598911,3.051553238327355,-1.4021212489085377,-3.6864036286716004,0.787438912947415,rotation,,True,8,301.0757016926833,torch_cuda,cuda,OK,
8736,C:\Users\USER\Desktop\project\calibration\moire\datasets\test\0485_gt.jpg,C:\Users\USER\Desktop\project\calibration\moire\datasets\test\augmented_9x\0485_gt_translation_1.jpg,rectified_patch_gpu\008736_0485_gt_translation_1_to_orig.png,rectified_patch_gpu\008736_0485_gt_translation_1_absdiff.png,37.75111436631944,44.220429445324214,292.68562735246473,309.35011026294984,-0.46814533063205466,-0.3757172389231626,0.006739231055010841,1.4278315539598911,5.098524199762961,0.24430295876675967,-7.0133115765165215,-0.27176923529818897,translation,,True,8,301.01786880770726,torch_cuda,cuda,OK,
8737,C:\Users\USER\Desktop\project\calibration\moire\datasets\test\0485_gt.jpg,C:\Users\USER\Desktop\project\calibration\moire\datasets\test\augmented_9x\0485_gt_translation_2.jpg,rectified_patch_gpu\008737_0485_gt_translation_2_to_orig.png,rectified_patch_gpu\008737_0485_gt_translation_2_absdiff.png,118.77147846739969,123.953964744157,292.68562735246473,312.664943063718,-0.46814533063205466,-0.3757172389231626,0.006739231055010841,1.4278315539598911,-0.0025190324836207962,-0.4157060310630349,0.02093555800704988,1.3442552949505344,translation,,True,8,302.6752852080914,torch_cuda,cuda,OK,
8738,C:\Users\USER\Desktop\project\calibration\moire\datasets\test\0485_gt.jpg,C:\Users\USER\Desktop\project\calibration\moire\datasets\test\augmented_9x\0485_gt_translation_3.jpg,rectified_patch_gpu\008738_0485_gt_translation_3_to_orig.png,rectified_patch_gpu\008738_0485_gt_translation_3_absdiff.png,42.29446397569444,48.81581965314692,292.68562735246473,305.3638436286875,-0.46814533063205466,-0.3757172389231626,0.006739231055010841,1.4278315539598911,4.8451743120532385,-3.649193762119408,-8.619383178835411,2.8488330664737487,translation,,True,8,299.0247354905761,torch_cuda,cuda,OK,
8739,C:\Users\USER\Desktop\project\calibration\moire\datasets\test\0485_moire.jpg,C:\Users\USER\Desktop\project\calibration\moire\datasets\test\augmented_9x\0485_moire_blackbox_1.jpg,rectified_patch_gpu\008739_0485_moire_blackbox_1_to_orig.png,rectified_patch_gpu\008739_0485_moire_blackbox_1_absdiff.png,60.303902150848764,68.08109855297135,275.75971861363706,308.9808363775005,-0.19201821387003493,0.4007202809385653,-0.5438770833329094,-179.0441738539133,5.544156694730038,2.9510698282142105,-8.924579618630272,-0.1582836613087679,blackbox,,True,2,292.37027749556876,torch_cuda,cuda,OK,
8740,C:\Users\USER\Desktop\project\calibration\moire\datasets\test\0485_moire.jpg,C:\Users\USER\Desktop\project\calibration\moire\datasets\test\augmented_9x\0485_moire_blackbox_2.jpg,rectified_patch_gpu\008740_0485_moire_blackbox_2_to_orig.png,rectified_patch_gpu\008740_0485_moire_blackbox_2_absdiff.png,24.25933581693673,61.97986022312697,275.75971861363706,275.75971861363706,-0.19201821387003493,0.4007202809385653,-0.5438770833329094,-179.0441738539133,-0.19201821387003493,0.4007202809385653,-0.5438770833329094,-179.0441738539133,blackbox,,True,2,275.75971861363706,torch_cuda,cuda,OK,
8741,C:\Users\USER\Desktop\project\calibration\moire\datasets\test\0485_moire.jpg,C:\Users\USER\Desktop\project\calibration\moire\datasets\test\augmented_9x\0485_moire_blackbox_3.jpg,rectified_patch_gpu\008741_0485_moire_blackbox_3_to_orig.png,rectified_patch_gpu\008741_0485_moire_blackbox_3_absdiff.png,23.09634476273148,59.29785385970472,275.75971861363706,275.75971861363706,-0.19201821387003493,0.4007202809385653,-0.5438770833329094,-179.0441738539133,-0.19201821387003493,0.4007202809385653,-0.5438770833329094,-179.0441738539133,blackbox,,True,2,275.75971861363706,torch_cuda,cuda,OK,
8742,C:\Users\USER\Desktop\project\calibration\moire\datasets\test\0485_moire.jpg,C:\Users\USER\Desktop\project\calibration\moire\datasets\test\augmented_9x\0485_moire_rotation_1.jpg,rectified_patch_gpu\008742_0485_moire_rotation_1_to_orig.png,rectified_patch_gpu\008742_0485_moire_rotation_1_absdiff.png,58.153026379243826,67.0071328344561,275.75971861363706,305.4176570180869,-0.19201821387003493,0.4007202809385653,-0.5438770833329094,-179.0441738539133,4.073330628735382,-4.862769003185679,-8.95522953269192,3.0058680274417653,rotation,,True,2,290.588687815862,torch_cuda,cuda,OK,
8743,C:\Users\USER\Desktop\project\calibration\moire\datasets\test\0485_moire.jpg,C:\Users\USER\Desktop\project\calibration\moire\datasets\test\augmented_9x\0485_moire_rotation_2.jpg,rectified_patch_gpu\008743_0485_moire_rotation_2_to_orig.png,rectified_patch_gpu\008743_0485_moire_rotation_2_absdiff.png,55.14532600308642,63.08630537507884,275.75971861363706,306.17851525029727,-0.19201821387003493,0.4007202809385653,-0.5438770833329094,-179.0441738539133,0.2836008421449959,-5.942610326269254,-8.43022656433585,-2.1717777694569107,rotation,,True,2,290.96911693196716,torch_cuda,cuda,OK,
8744,C:\Users\USER\Desktop\project\calibration\moire\datasets\test\0485_moire.jpg,C:\Users\USER\Desktop\project\calibration\moire\datasets\test\augmented_9x\0485_moire_rotation_3.jpg,rectified_patch_gpu\008744_0485_moire_rotation_3_to_orig.png,rectified_patch_gpu\008744_0485_moire_rotation_3_absdiff.png,104.92227044753086,118.37231074291523,275.75971861363706,266.8655924059119,-0.19201821387003493,0.4007202809385653,-0.5438770833329094,-179.0441738539133,0.15200985785811844,-0.32886050709789577,-0.02176924907518725,1660.5649484656371,rotation,,True,2,271.31265550977446,torch_cuda,cuda,OK,
8745,C:\Users\USER\Desktop\project\calibration\moire\datasets\test\0485_moire.jpg,C:\Users\USER\Desktop\project\calibration\moire\datasets\test\augmented_9x\0485_moire_translation_1.jpg,rectified_patch_gpu\008745_0485_moire_translation_1_to_orig.png,rectified_patch_gpu\008745_0485_moire_translation_1_absdiff.png,57.13303843557099,64.14797557634989,275.75971861363706,308.1234488897767,-0.19201821387003493,0.4007202809385653,-0.5438770833329094,-179.0441738539133,-6.2154043806365,2.008939503134295,-9.282046232312862,-1.1185879164434716,translation,,True,2,291.94158375170684,torch_cuda,cuda,OK,
8746,C:\Users\USER\Desktop\project\calibration\moire\datasets\test\0485_moire.jpg,C:\Users\USER\Desktop\project\calibration\moire\datasets\test\augmented_9x\0485_moire_translation_2.jpg,rectified_patch_gpu\008746_0485_moire_translation_2_to_orig.png,rectified_patch_gpu\008746_0485_moire_translation_2_absdiff.png,72.83870141300154,83.02229815599199,275.75971861363706,307.3312856274924,-0.19201821387003493,0.4007202809385653,-0.5438770833329094,-179.0441738539133,6.362858623987975,-0.5387219629516442,-9.074665041467478,1.486125028040335,translation,,True,2,291.5455021205647,torch_cuda,cuda,OK,
8747,C:\Users\USER\Desktop\project\calibration\moire\datasets\test\0485_moire.jpg,C:\Users\USER\Desktop\project\calibration\moire\datasets\test\augmented_9x\0485_moire_translation_3.jpg,rectified_patch_gpu\008747_0485_moire_translation_3_to_orig.png,rectified_patch_gpu\008747_0485_moire_translation_3_absdiff.png,62.40801227334105,70.53667201453436,275.75971861363706,309.12875181467837,-0.19201821387003493,0.4007202809385653,-0.5438770833329094,-179.0441738539133,-4.9943166653314215,2.60910705837681,-7.9057674816129335,-0.4326409465337199,translation,,True,2,292.44423521415774,torch_cuda,cuda,OK,
8748,C:\Users\USER\Desktop\project\calibration\moire\datasets\test\0486_gt.jpg,C:\Users\USER\Desktop\project\calibration\moire\datasets\test\augmented_9x\0486_gt_blackbox_1.jpg,rectified_patch_gpu\008748_0486_gt_blackbox_1_to_orig.png,rectified_patch_gpu\008748_0486_gt_blackbox_1_absdiff.png,122.73400848765432,138.11065690710376,309.2965659551426,292.2402865948779,4.498380764316201,-1.7928331796294321,-6.55943518844165,-0.5938163401403983,0.13003476254649962,-0.2806218771983436,-0.22231124945694072,1.6843201082329298,blackbox,,True,10,300.76842627501026,torch_cuda,cuda,OK,
8749,C:\Users\USER\Desktop\project\calibration\moire\datasets\test\0486_gt.jpg,C:\Users\USER\Desktop\project\calibration\moire\datasets\test\augmented_9x\0486_gt_blackbox_2.jpg,rectified_patch_gpu\008749_0486_gt_blackbox_2_to_orig.png,rectified_patch_gpu\008749_0486_gt_blackbox_2_absdiff.png,91.2484141107253,112.05574854819702,306.5954378230729,290.09554330498963,-0.13099789638543893,0.09611638112487426,0.26264163010266445,2.405055571002345,-0.0005758382605428314,0.17163364977183473,0.25960102113949185,-3.1209284349751165,blackbox,,True,16,298.34549056403125,torch_cuda,cuda,OK,
8750,C:\Users\USER\Desktop\project\calibration\moire\datasets\test\0486_gt.jpg,C:\Users\USER\Desktop\project\calibration\moire\datasets\test\augmented_9x\0486_gt_blackbox_3.jpg,rectified_patch_gpu\008750_0486_gt_blackbox_3_to_orig.png,rectified_patch_gpu\008750_0486_gt_blackbox_3_absdiff.png,61.46071915991512,79.76864461159116,292.3998782124491,306.9559221930624,-0.3842840166967203,-0.07085770790202175,0.03525763698330897,0.3014126645859413,-1.8225163851964938,-0.27776935651696677,-1.286528752936044,1.7114751985421015,blackbox,,True,11,299.6779002027557,torch_cuda,cuda,OK,
8751,C:\Users\USER\Desktop\project\calibration\moire\datasets\test\0486_gt.jpg,C:\Users\USER\Desktop\project\calibration\moire\datasets\test\augmented_9x\0486_gt_rotation_1.jpg,rectified_patch_gpu\008751_0486_gt_rotation_1_to_orig.png,rectified_patch_gpu\008751_0486_gt_rotation_1_absdiff.png,48.333293185763885,62.12839039411795,295.30018884652316,306.2888343213861,0.013050292869711273,-0.05060954556163006,0.3003632929719953,-3.1402010794366224,3.015357883563268,3.255913608605814,-5.7247762572650664,2.0606759382896898,rotation,,True,13,300.79451158395466,torch_cuda,cuda,OK,
8752,C:\Users\USER\Desktop\project\calibration\moire\datasets\test\0486_gt.jpg,C:\Users\USER\Desktop\project\calibration\moire\datasets\test\augmented_9x\0486_gt_rotation_2.jpg,rectified_patch_gpu\008752_0486_gt_rotation_2_to_orig.png,rectified_patch_gpu\008752_0486_gt_rotation_2_absdiff.png,49.00804313753858,66.32209264546215,292.3998782124491,307.8664876939616,-0.3842840166967203,-0.07085770790202175,0.03525763698330897,0.3014126645859413,5.783510781019395,1.9248451656640135,-8.641374084470243,1.2924611200956992,rotation,,True,11,300.13318295320533,torch_cuda,cuda,OK,
8753,C:\Users\USER\Desktop\project\calibration\moire\datasets\test\0486_gt.jpg,C:\Users\USER\Desktop\project\calibration\moire\datasets\test\augmented_9x\0486_gt_rotation_3.jpg,rectified_patch_gpu\008753_0486_gt_rotation_3_to_orig.png,rectified_patch_gpu\008753_0486_gt_rotation_3_absdiff.png,78.58161349826389,100.85092337235642,305.0623380580377,305.4953593860322,4.178515996943446,3.011321118939161,-7.115805721463751,-2.759061166156825,-4.265861242305382,-3.88641496949708,-8.019006150324756,2.614759651563399,rotation,,True,19,305.2788487220349,torch_cuda,cuda,OK,
8754,C:\Users\USER\Desktop\project\calibration\moire\datasets\test\0486_gt.jpg,C:\Users\USER\Desktop\project\calibration\moire\datasets\test\augmented_9x\0486_gt_translation_1.jpg,rectified_patch_gpu\008754_0486_gt_translation_1_to_orig.png,rectified_patch_gpu\008754_0486_gt_translation_1_absdiff.png,132.2809531732253,144.97224417476176,292.3998782124491,285.4968157027502,-0.3842840166967203,-0.07085770790202175,0.03525763698330897,0.3014126645859413,-0.09413371254471807,-0.3640155359312517,0.10852890346463348,1.7170724252158047,translation,,True,11,288.94834695759965,torch_cuda,cuda,OK,
8755,C:\Users\USER\Desktop\project\calibration\moire\datasets\test\0486_gt.jpg,C:\Users\USER\Desktop\project\calibration\moire\datasets\test\augmented_9x\0486_gt_translation_2.jpg,rectified_patch_gpu\008755_0486_gt_translation_2_to_orig.png,rectified_patch_gpu\008755_0486_gt_translation_2_absdiff.png,47.615699266975305,64.19887674987169,295.30018884652316,304.40245832750946,0.013050292869711273,-0.05060954556163006,0.3003632929719953,-3.1402010794366224,-1.6345207096433731,1.1264300771047229,-1.5103623994513156,1.7430167817637996,translation,,True,13,299.8513235870163,torch_cuda,cuda,OK,
8756,C:\Users\USER\Desktop\project\calibration\moire\datasets\test\0486_gt.jpg,C:\Users\USER\Desktop\project\calibration\moire\datasets\test\augmented_9x\0486_gt_translation_3.jpg,rectified_patch_gpu\008756_0486_gt_translation_3_to_orig.png,rectified_patch_gpu\008756_0486_gt_translation_3_absdiff.png,85.58926420235339,105.94887725868348,292.3998782124491,289.76562848446514,-0.3842840166967203,-0.07085770790202175,0.03525763698330897,0.3014126645859413,0.2767060012153558,-0.18871847845310172,-0.04244381709135078,1.501257646168466,translation,,True,11,291.0827533484571,torch_cuda,cuda,OK,
8757,C:\Users\USER\Desktop\project\calibration\moire\datasets\test\0486_moire.jpg,C:\Users\USER\Desktop\project\calibration\moire\datasets\test\augmented_9x\0486_moire_blackbox_1.jpg,rectified_patch_gpu\008757_0486_moire_blackbox_1_to_orig.png,rectified_patch_gpu\008757_0486_moire_blackbox_1_absdiff.png,136.478322964892,151.7878248896209,305.7506008957411,302.2137369575263,2.3159661274184753,3.525156094158449,-5.509724888549465,2.2741961645001667,0.23033840231283134,0.11994463882995217,0.14450089772729893,0.7939663106570629,blackbox,,True,4,303.9821689266337,torch_cuda,cuda,OK,
8758,C:\Users\USER\Desktop\project\calibration\moire\datasets\test\0486_moire.jpg,C:\Users\USER\Desktop\project\calibration\moire\datasets\test\augmented_9x\0486_moire_blackbox_2.jpg,rectified_patch_gpu\008758_0486_moire_blackbox_2_to_orig.png,rectified_patch_gpu\008758_0486_moire_blackbox_2_absdiff.png,136.52734278549383,151.82851745672696,305.7506008957411,302.2137369575263,2.3159661274184753,3.525156094158449,-5.509724888549465,2.2741961645001667,0.23033840231283134,0.11994463882995217,0.14450089772729893,0.7939663106570629,blackbox,,True,4,303.9821689266337,torch_cuda,cuda,OK,
8759,C:\Users\USER\Desktop\project\calibration\moire\datasets\test\0486_moire.jpg,C:\Users\USER\Desktop\project\calibration\moire\datasets\test\augmented_9x\0486_moire_blackbox_3.jpg,rectified_patch_gpu\008759_0486_moire_blackbox_3_to_orig.png,rectified_patch_gpu\008759_0486_moire_blackbox_3_absdiff.png,141.15606770833332,155.33837342086758,305.7506008957411,302.2137369575263,2.3159661274184753,3.525156094158449,-5.509724888549465,2.2741961645001667,0.23033840231283134,0.11994463882995217,0.14450089772729893,0.7939663106570629,blackbox,,True,4,303.9821689266337,torch_cuda,cuda,OK,
8760,C:\Users\USER\Desktop\project\calibration\moire\datasets\test\0486_moire.jpg,C:\Users\USER\Desktop\project\calibration\moire\datasets\test\augmented_9x\0486_moire_rotation_1.jpg,rectified_patch_gpu\008760_0486_moire_rotation_1_to_orig.png,rectified_patch_gpu\008760_0486_moire_rotation_1_absdiff.png,144.20640504436727,157.91123045496212,305.8070194218617,301.6702980673452,-6.606246666782482,-6.605425230893076,-11.808324683394545,-3.1270327837683043,0.09513101555693393,0.00027884308307972455,0.2971159154160114,-2.450698117959684,rotation,,True,2,303.7386587446034,torch_cuda,cuda,OK,
8761,C:\Users\USER\Desktop\project\calibration\moire\datasets\test\0486_moire.jpg,C:\Users\USER\Desktop\project\calibration\moire\datasets\test\augmented_9x\0486_moire_rotation_2.jpg,rectified_patch_gpu\008761_0486_moire_rotation_2_to_orig.png,rectified_patch_gpu\008761_0486_moire_rotation_2_absdiff.png,136.14285831404322,152.4934238946551,308.2411022479803,284.65224078017906,3.8487104777015873,-3.6145895156263848,-6.603500331552411,-0.8913530533765459,-0.020834436920220772,0.3117223789536193,-0.2939123514350573,2.132503840237962,rotation,,True,1,296.44667151407964,torch_cuda,cuda,OK,
8762,C:\Users\USER\Desktop\project\calibration\moire\datasets\test\0486_moire.jpg,C:\Users\USER\Desktop\project\calibration\moire\datasets\test\augmented_9x\0486_moire_rotation_3.jpg,rectified_patch_gpu\008762_0486_moire_rotation_3_to_orig.png,rectified_patch_gpu\008762_0486_moire_rotation_3_absdiff.png,97.68847029320987,119.92605928729817,308.2061865039426,304.8996884586875,6.305089360951882,-0.19462850147392574,-8.086176843885333,0.7792147141394546,1.0733298753394716,-5.222124204756404,-7.361544325854075,3.1016078781887493,rotation,,True,10,306.55293748131504,torch_cuda,cuda,OK,
8763,C:\Users\USER\Desktop\project\calibration\moire\datasets\test\0486_moire.jpg,C:\Users\USER\Desktop\project\calibration\moire\datasets\test\augmented_9x\0486_moire_translation_1.jpg,rectified_patch_gpu\008763_0486_moire_translation_1_to_orig.png,rectified_patch_gpu\008763_0486_moire_translation_1_absdiff.png,97.68441370081018,118.67417562221068,305.7045236822761,307.4115735768295,0.2859234594560127,-6.382063424731172,-8.168062371063627,3.0968657650224074,0.12817277423881546,-6.253792854833378,-7.8697525480096004,1.426062180894489,translation,,True,13,306.5580486295528,torch_cuda,cuda,OK,
8764,C:\Users\USER\Desktop\project\calibration\moire\datasets\test\0486_moire.jpg,C:\Users\USER\Desktop\project\calibration\moire\datasets\test\augmented_9x\0486_moire_translation_2.jpg,rectified_patch_gpu\008764_0486_moire_translation_2_to_orig.png,rectified_patch_gpu\008764_0486_moire_translation_2_absdiff.png,144.13570794753088,157.85511325414325,305.7045236822761,291.6455323858792,0.2859234594560127,-6.382063424731172,-8.168062371063627,3.0968657650224074,0.015144900093271171,0.14969740169804263,0.27138799376253064,-3.096669258071978,translation,,True,13,298.6750280340776,torch_cuda,cuda,OK,
8765,C:\Users\USER\Desktop\project\calibration\moire\datasets\test\0486_moire.jpg,C:\Users\USER\Desktop\project\calibration\moire\datasets\test\augmented_9x\0486_moire_translation_3.jpg,rectified_patch_gpu\008765_0486_moire_translation_3_to_orig.png,rectified_patch_gpu\008765_0486_moire_translation_3_absdiff.png,122.64365222318673,140.79682492316456,305.7506008957411,294.4815787919969,2.3159661274184753,3.525156094158449,-5.509724888549465,2.2741961645001667,0.3996143653911329,0.015268319236401554,0.03524959147584922,0.4423871330803203,translation,,True,4,300.116089843869,torch_cuda,cuda,OK,
8766,C:\Users\USER\Desktop\project\calibration\moire\datasets\test\0487_gt.jpg,C:\Users\USER\Desktop\project\calibration\moire\datasets\test\augmented_9x\0487_gt_blackbox_1.jpg,rectified_patch_gpu\008766_0487_gt_blackbox_1_to_orig.png,rectified_patch_gpu\008766_0487_gt_blackbox_1_absdiff.png,29.709482663001545,80.6143474089705,303.9262699031426,303.9262699031426,-3.0335336165216704,3.0335336173492653,-5.065968551069602,3.141592653589793,-3.0335336165216704,3.0335336173492653,-5.065968551069602,3.141592653589793,blackbox,,True,3,303.9262699031426,torch_cuda,cuda,OK,
8767,C:\Users\USER\Desktop\project\calibration\moire\datasets\test\0487_gt.jpg,C:\Users\USER\Desktop\project\calibration\moire\datasets\test\augmented_9x\0487_gt_blackbox_2.jpg,rectified_patch_gpu\008767_0487_gt_blackbox_2_to_orig.png,rectified_patch_gpu\008767_0487_gt_blackbox_2_absdiff.png,39.379539327739195,98.11161870909355,303.9262699031426,303.9262699031426,-3.0335336165216704,3.0335336173492653,-5.065968551069602,3.141592653589793,-3.0335336165216704,3.0335336173492653,-5.065968551069602,3.141592653589793,blackbox,,True,3,303.9262699031426,torch_cuda,cuda,OK,
8768,C:\Users\USER\Desktop\project\calibration\moire\datasets\test\0487_gt.jpg,C:\Users\USER\Desktop\project\calibration\moire\datasets\test\augmented_9x\0487_gt_blackbox_3.jpg,rectified_patch_gpu\008768_0487_gt_blackbox_3_to_orig.png,rectified_patch_gpu\008768_0487_gt_blackbox_3_absdiff.png,23.647310595100308,59.62156317032999,300.24240830902653,298.62905405173666,-0.012809709814466195,0.021044455688036656,0.3083931426599412,2.4658696461318246,-0.6613230987058123,1.7955534034925118,-0.9929364032654115,3.141592653589793,blackbox,,True,23,299.4357311803816,torch_cuda,cuda,OK,
8769,C:\Users\USER\Desktop\project\calibration\moire\datasets\test\0487_gt.jpg,C:\Users\USER\Desktop\project\calibration\moire\datasets\test\augmented_9x\0487_gt_rotation_1.jpg,rectified_patch_gpu\008769_0487_gt_rotation_1_to_orig.png,rectified_patch_gpu\008769_0487_gt_rotation_1_absdiff.png,223.59953727816358,230.33935520473756,305.7250203900738,297.5820113460088,-3.8483167106732203,-3.986906449983051,-7.714034581089974,2.4648129677090798,-0.11528991713826103,-0.06358248207107921,0.3250976535906151,-3.0733318150455955,rotation,,True,10,301.65351586804127,torch_cuda,cuda,OK,
8770,C:\Users\USER\Desktop\project\calibration\moire\datasets\test\0487_gt.jpg,C:\Users\USER\Desktop\project\calibration\moire\datasets\test\augmented_9x\0487_gt_rotation_2.jpg,rectified_patch_gpu\008770_0487_gt_rotation_2_to_orig.png,rectified_patch_gpu\008770_0487_gt_rotation_2_absdiff.png,137.8287461419753,175.5504043579649,305.6091414586286,299.64449738479044,4.854622571823976,3.498204235712043,-8.414976256506721,-2.3664459495421823,-1.7092200663317654,-0.954723751719329,-1.2164365198301157,-2.610197676776778,rotation,,True,16,302.6268194217095,torch_cuda,cuda,OK,
8771,C:\Users\USER\Desktop\project\calibration\moire\datasets\test\0487_gt.jpg,C:\Users\USER\Desktop\project\calibration\moire\datasets\test\augmented_9x\0487_gt_rotation_3.jpg,rectified_patch_gpu\008771_0487_gt_rotation_3_to_orig.png,rectified_patch_gpu\008771_0487_gt_rotation_3_absdiff.png,23.62944637345679,59.614717295556865,300.24240830902653,305.4700593982096,-0.012809709814466195,0.021044455688036656,0.3083931426599412,2.4658696461318246,-5.73088755487791,-1.5176798993527814,-8.332880719287589,-2.573422916653385,rotation,,True,23,302.85623385361805,torch_cuda,cuda,OK,
8772,C:\Users\USER\Desktop\project\calibration\moire\datasets\test\0487_gt.jpg,C:\Users\USER\Desktop\project\calibration\moire\datasets\test\augmented_9x\0487_gt_translation_1.jpg,rectified_patch_gpu\008772_0487_gt_translation_1_to_orig.png,rectified_patch_gpu\008772_0487_gt_translation_1_absdiff.png,25.10278621720679,59.40658197793668,300.24240830902653,283.5523765878269,-0.012809709814466195,0.021044455688036656,0.3083931426599412,2.4658696461318246,-0.172365994989076,-0.29130284372515,-0.790043014949471,2.9535759898642224,translation,,True,23,291.89739244842673,torch_cuda,cuda,OK,
8773,C:\Users\USER\Desktop\project\calibration\moire\datasets\test\0487_gt.jpg,C:\Users\USER\Desktop\project\calibration\moire\datasets\test\augmented_9x\0487_gt_translation_2.jpg,rectified_patch_gpu\008773_0487_gt_translation_2_to_orig.png,rectified_patch_gpu\008773_0487_gt_translation_2_absdiff.png,107.85490198206018,155.54096141042885,305.23582245884603,302.9104711574066,5.536598771531011,-0.41547932544901567,-7.772316848576063,-2.9268202254304057,-0.3631974384396637,-0.06418684574073623,0.04480385568823575,-0.7548135944962686,translation,,True,1,304.07314680812635,torch_cuda,cuda,OK,
8774,C:\Users\USER\Desktop\project\calibration\moire\datasets\test\0487_gt.jpg,C:\Users\USER\Desktop\project\calibration\moire\datasets\test\augmented_9x\0487_gt_translation_3.jpg,rectified_patch_gpu\008774_0487_gt_translation_3_to_orig.png,rectified_patch_gpu\008774_0487_gt_translation_3_absdiff.png,160.3880549527392,193.38427542686517,308.0751908064412,296.84838282249365,4.128278233945514,-2.2431584940482714,-6.185971943684672,1.1197775431299215,-0.5193456235917265,-0.3027285175598783,0.01916124430220756,1.6268290200280644,translation,,True,14,302.4617868144674,torch_cuda,cuda,OK,
8775,C:\Users\USER\Desktop\project\calibration\moire\datasets\test\0487_moire.jpg,C:\Users\USER\Desktop\project\calibration\moire\datasets\test\augmented_9x\0487_moire_blackbox_1.jpg,rectified_patch_gpu\008775_0487_moire_blackbox_1_to_orig.png,rectified_patch_gpu\008775_0487_moire_blackbox_1_absdiff.png,63.45892385223765,77.18802315262307,296.584897129329,307.75442751346316,-0.10580309139081243,-0.01757846847937865,0.4841600694546214,3.141592653589793,-0.13855048802501457,-10.142067514873276,-13.241670534646914,1.2193951588402994,blackbox,,True,24,302.1696623213961,torch_cuda,cuda,OK,
8776,C:\Users\USER\Desktop\project\calibration\moire\datasets\test\0487_moire.jpg,C:\Users\USER\Desktop\project\calibration\moire\datasets\test\augmented_9x\0487_moire_blackbox_2.jpg,rectified_patch_gpu\008776_0487_moire_blackbox_2_to_orig.png,rectified_patch_gpu\008776_0487_moire_blackbox_2_absdiff.png,164.8399945746528,175.84523920596587,296.584897129329,307.75442751346316,-0.10580309139081243,-0.01757846847937865,0.4841600694546214,3.141592653589793,-0.13855048802501457,-10.142067514873276,-13.241670534646914,1.2193951588402994,blackbox,,True,24,302.1696623213961,torch_cuda,cuda,OK,
8777,C:\Users\USER\Desktop\project\calibration\moire\datasets\test\0487_moire.jpg,C:\Users\USER\Desktop\project\calibration\moire\datasets\test\augmented_9x\0487_moire_blackbox_3.jpg,rectified_patch_gpu\008777_0487_moire_blackbox_3_to_orig.png,rectified_patch_gpu\008777_0487_moire_blackbox_3_absdiff.png,62.609572120949075,77.1741454098367,296.584897129329,303.9262699031426,-0.10580309139081243,-0.01757846847937865,0.4841600694546214,3.141592653589793,-3.0335336165216704,3.0335336173492653,-5.065968551069602,3.141592653589793,blackbox,,True,24,300.2555835162358,torch_cuda,cuda,OK,
8778,C:\Users\USER\Desktop\project\calibration\moire\datasets\test\0487_moire.jpg,C:\Users\USER\Desktop\project\calibration\moire\datasets\test\augmented_9x\0487_moire_rotation_1.jpg,rectified_patch_gpu\008778_0487_moire_rotation_1_to_orig.png,rectified_patch_gpu\008778_0487_moire_rotation_1_absdiff.png,61.883670669367284,76.03382607504342,296.584897129329,305.4379292379055,-0.10580309139081243,-0.01757846847937865,0.4841600694546214,3.141592653589793,5.974736158571535,-6.283432029329731,-12.255008729879886,2.853319952153244,rotation,,True,24,301.01141318361726,torch_cuda,cuda,OK,
8779,C:\Users\USER\Desktop\project\calibration\moire\datasets\test\0487_moire.jpg,C:\Users\USER\Desktop\project\calibration\moire\datasets\test\augmented_9x\0487_moire_rotation_2.jpg,rectified_patch_gpu\008779_0487_moire_rotation_2_to_orig.png,rectified_patch_gpu\008779_0487_moire_rotation_2_absdiff.png,61.94848994502315,75.67471596163944,296.584897129329,307.6955839616114,-0.10580309139081243,-0.01757846847937865,0.4841600694546214,3.141592653589793,3.9308055339758,-8.543601972926908,-12.016972590419911,1.1158276272457575,rotation,,True,24,302.1402405454702,torch_cuda,cuda,OK,
8780,C:\Users\USER\Desktop\project\calibration\moire\datasets\test\0487_moire.jpg,C:\Users\USER\Desktop\project\calibration\moire\datasets\test\augmented_9x\0487_moire_rotation_3.jpg,rectified_patch_gpu\008780_0487_moire_rotation_3_to_orig.png,rectified_patch_gpu\008780_0487_moire_rotation_3_absdiff.png,61.62615294656636,75.94589660670049,296.584897129329,303.9262699031426,-0.10580309139081243,-0.01757846847937865,0.4841600694546214,3.141592653589793,-3.0335336165216704,3.0335336173492653,-5.065968551069602,3.141592653589793,rotation,,True,24,300.2555835162358,torch_cuda,cuda,OK,
8781,C:\Users\USER\Desktop\project\calibration\moire\datasets\test\0487_moire.jpg,C:\Users\USER\Desktop\project\calibration\moire\datasets\test\augmented_9x\0487_moire_translation_1.jpg,rectified_patch_gpu\008781_0487_moire_translation_1_to_orig.png,rectified_patch_gpu\008781_0487_moire_translation_1_absdiff.png,61.8090047501929,76.1915203061692,296.584897129329,307.782310520242,-0.10580309139081243,-0.01757846847937865,0.4841600694546214,3.141592653589793,-0.2215774036767062,-10.113610014279445,-13.232380396493227,-1.1901055837384096,translation,,True,24,302.1836038247855,torch_cuda,cuda,OK,
8782,C:\Users\USER\Desktop\project\calibration\moire\datasets\test\0487_moire.jpg,C:\Users\USER\Desktop\project\calibration\moire\datasets\test\augmented_9x\0487_moire_translation_2.jpg,rectified_patch_gpu\008782_0487_moire_translation_2_to_orig.png,rectified_patch_gpu\008782_0487_moire_translation_2_absdiff.png,63.10573013117284,77.39922350009856,296.584897129329,307.7710364724925,-0.10580309139081243,-0.01757846847937865,0.4841600694546214,3.141592653589793,-0.13791333064292055,-10.202802475586694,-13.317066442169931,1.207748312925523,translation,,True,24,302.1779668009108,torch_cuda,cuda,OK,
8783,C:\Users\USER\Desktop\project\calibration\moire\datasets\test\0487_moire.jpg,C:\Users\USER\Desktop\project\calibration\moire\datasets\test\augmented_9x\0487_moire_translation_3.jpg,rectified_patch_gpu\008783_0487_moire_translation_3_to_orig.png,rectified_patch_gpu\008783_0487_moire_translation_3_absdiff.png,164.75586250964506,175.78348541582722,307.74360539516516,296.58512006952697,10.169520732211879,-0.02358842127380667,-13.281746379776465,-1.1986888996690044,-0.10580262435386265,-0.018135551527869893,0.48708134600776914,-3.12112426239984,translation,,True,9,302.16436273234604,torch_cuda,cuda,OK,
8784,C:\Users\USER\Desktop\project\calibration\moire\datasets\test\0488_gt.jpg,C:\Users\USER\Desktop\project\calibration\moire\datasets\test\augmented_9x\0488_gt_blackbox_1.jpg,rectified_patch_gpu\008784_0488_gt_blackbox_1_to_orig.png,rectified_patch_gpu\008784_0488_gt_blackbox_1_absdiff.png,84.52839180652006,107.56729770594345,302.14308566812286,306.86947979509443,0.345540951652107,0.15152821017021195,-0.047015033152515706,2.4018606097876543,6.133393041187507,0.0781769219732138,-8.66387458779799,1.7535718125104927,blackbox,,True,8,304.5062827316086,torch_cuda,cuda,OK,
8785,C:\Users\USER\Desktop\project\calibration\moire\datasets\test\0488_gt.jpg,C:\Users\USER\Desktop\project\calibration\moire\datasets\test\augmented_9x\0488_gt_blackbox_2.jpg,rectified_patch_gpu\008785_0488_gt_blackbox_2_to_orig.png,rectified_patch_gpu\008785_0488_gt_blackbox_2_absdiff.png,124.2041839072145,143.20193219482618,302.14308566812286,305.6928814532723,0.345540951652107,0.15152821017021195,-0.047015033152515706,2.4018606097876543,-2.997210330711513,4.736805980507845,-7.824906239107127,2.232701622404223,blackbox,,True,8,303.9179835606976,torch_cuda,cuda,OK,
8786,C:\Users\USER\Desktop\project\calibration\moire\datasets\test\0488_gt.jpg,C:\Users\USER\Desktop\project\calibration\moire\datasets\test\augmented_9x\0488_gt_blackbox_3.jpg,rectified_patch_gpu\008786_0488_gt_blackbox_3_to_orig.png,rectified_patch_gpu\008786_0488_gt_blackbox_3_absdiff.png,84.59209828317901,107.61619341716154,302.14308566812286,306.86947979509443,0.345540951652107,0.15152821017021195,-0.047015033152515706,2.4018606097876543,6.133393041187507,0.0781769219732138,-8.66387458779799,1.7535718125104927,blackbox,,True,8,304.5062827316086,torch_cuda,cuda,OK,
8787,C:\Users\USER\Desktop\project\calibration\moire\datasets\test\0488_gt.jpg,C:\Users\USER\Desktop\project\calibration\moire\datasets\test\augmented_9x\0488_gt_rotation_1.jpg,rectified_patch_gpu\008787_0488_gt_rotation_1_to_orig.png,rectified_patch_gpu\008787_0488_gt_rotation_1_absdiff.png,79.74280116705246,103.21525013876371,302.14308566812286,305.5692054420499,0.345540951652107,0.15152821017021195,-0.047015033152515706,2.4018606097876543,0.19953523874354318,-6.420226136032969,-9.025495699835925,-2.7215791440868715,rotation,,True,8,303.8561455550864,torch_cuda,cuda,OK,
8788,C:\Users\USER\Desktop\project\calibration\moire\datasets\test\0488_gt.jpg,C:\Users\USER\Desktop\project\calibration\moire\datasets\test\augmented_9x\0488_gt_rotation_2.jpg,rectified_patch_gpu\008788_0488_gt_rotation_2_to_orig.png,rectified_patch_gpu\008788_0488_gt_rotation_2_absdiff.png,75.82687258873457,97.71354519484365,302.14308566812286,305.8316295995702,0.345540951652107,0.15152821017021195,-0.047015033152515706,2.4018606097876543,-0.13142626763769927,-6.60759393402946,-9.390177868929406,-2.3707467722975135,rotation,,True,8,303.9873576338465,torch_cuda,cuda,OK,
8789,C:\Users\USER\Desktop\project\calibration\moire\datasets\test\0488_gt.jpg,C:\Users\USER\Desktop\project\calibration\moire\datasets\test\augmented_9x\0488_gt_rotation_3.jpg,rectified_patch_gpu\008789_0488_gt_rotation_3_to_orig.png,rectified_patch_gpu\008789_0488_gt_rotation_3_absdiff.png,126.39999505690587,145.23349633896342,305.50224696399783,295.01438499553603,5.970949293557325,0.2586509752801799,-8.482445453095474,2.7358872004614545,0.06001994571070938,-0.11120962222876617,0.2825582041236447,2.9978739022628016,rotation,,True,6,300.25831597976696,torch_cuda,cuda,OK,
8790,C:\Users\USER\Desktop\project\calibration\moire\datasets\test\0488_gt.jpg,C:\Users\USER\Desktop\project\calibration\moire\datasets\test\augmented_9x\0488_gt_translation_1.jpg,rectified_patch_gpu\008790_0488_gt_translation_1_to_orig.png,rectified_patch_gpu\008790_0488_gt_translation_1_absdiff.png,78.85385898919753,101.6115240583956,302.14308566812286,305.50234808559503,0.345540951652107,0.15152821017021195,-0.047015033152515706,2.4018606097876543,2.169975692598185,6.118040799247126,-9.193267967536947,-96.90982127537653,translation,,True,8,303.822716876859,torch_cuda,cuda,OK,
8791,C:\Users\USER\Desktop\project\calibration\moire\datasets\test\0488_gt.jpg,C:\Users\USER\Desktop\project\calibration\moire\datasets\test\augmented_9x\0488_gt_translation_2.jpg,rectified_patch_gpu\008791_0488_gt_translation_2_to_orig.png,rectified_patch_gpu\008791_0488_gt_translation_2_absdiff.png,107.40511043595679,129.70956853081813,302.14308566812286,285.79744234484394,0.345540951652107,0.15152821017021195,-0.047015033152515706,2.4018606097876543,0.0014102095223969642,-0.27598242944969686,0.14914775841052696,-2.471041586594205,translation,,True,8,293.9702640064834,torch_cuda,cuda,OK,
8792,C:\Users\USER\Desktop\project\calibration\moire\datasets\test\0488_gt.jpg,C:\Users\USER\Desktop\project\calibration\moire\datasets\test\augmented_9x\0488_gt_translation_3.jpg,rectified_patch_gpu\008792_0488_gt_translation_3_to_orig.png,rectified_patch_gpu\008792_0488_gt_translation_3_absdiff.png,111.58880425347222,132.66062577396056,309.5775155276148,282.91091705988396,-3.1086031613626477,3.903374933595045,-6.813336714869558,-0.22657342343171097,0.04506658536324881,-0.270167236057824,0.1329189135310697,2.9862678588043416,translation,,True,21,296.2442162937494,torch_cuda,cuda,OK,
8793,C:\Users\USER\Desktop\project\calibration\moire\datasets\test\0488_moire.jpg,C:\Users\USER\Desktop\project\calibration\moire\datasets\test\augmented_9x\0488_moire_blackbox_1.jpg,rectified_patch_gpu\008793_0488_moire_blackbox_1_to_orig.png,rectified_patch_gpu\008793_0488_moire_blackbox_1_absdiff.png,106.11859989872686,129.43785218305854,295.61737190846867,307.7214935315019,0.01648326529975238,0.04511929940793292,0.4827097189397948,3.1201090387427297,9.88347069826375,0.06157160524022276,-12.979995941455435,1.2197679392007081,blackbox,,True,16,301.66943271998525,torch_cuda,cuda,OK,
8794,C:\Users\USER\Desktop\project\calibration\moire\datasets\test\0488_moire.jpg,C:\Users\USER\Desktop\project\calibration\moire\datasets\test\augmented_9x\0488_moire_blackbox_2.jpg,rectified_patch_gpu\008794_0488_moire_blackbox_2_to_orig.png,rectified_patch_gpu\008794_0488_moire_blackbox_2_absdiff.png,119.97220558449074,142.2464381883646,295.61737190846867,306.0115291416504,0.01648326529975238,0.04511929940793292,0.4827097189397948,3.1201090387427297,4.932390030269744,-6.495336627375515,-10.705495326757493,2.3195058774403488,blackbox,,True,16,300.81445052505956,torch_cuda,cuda,OK,
8795,C:\Users\USER\Desktop\project\calibration\moire\datasets\test\0488_moire.jpg,C:\Users\USER\Desktop\project\calibration\moire\datasets\test\augmented_9x\0488_moire_blackbox_3.jpg,rectified_patch_gpu\008795_0488_moire_blackbox_3_to_orig.png,rectified_patch_gpu\008795_0488_moire_blackbox_3_absdiff.png,106.11859989872686,129.43785218305854,295.61737190846867,307.7214935315019,0.01648326529975238,0.04511929940793292,0.4827097189397948,3.1201090387427297,9.88347069826375,0.06157160524022276,-12.979995941455435,1.2197679392007081,blackbox,,True,16,301.66943271998525,torch_cuda,cuda,OK,
8796,C:\Users\USER\Desktop\project\calibration\moire\datasets\test\0488_moire.jpg,C:\Users\USER\Desktop\project\calibration\moire\datasets\test\augmented_9x\0488_moire_rotation_1.jpg,rectified_patch_gpu\008796_0488_moire_rotation_1_to_orig.png,rectified_patch_gpu\008796_0488_moire_rotation_1_absdiff.png,105.1649095775463,127.49879218953306,295.88839217380917,305.878397748083,-0.045401445726863054,-0.016763740546048466,0.482673613602567,3.119923867859219,5.367600817894321,-5.144836536944837,-9.959428046435512,-2.712983696921241,rotation,,True,21,300.8833949609461,torch_cuda,cuda,OK,
8797,C:\Users\USER\Desktop\project\calibration\moire\datasets\test\0488_moire.jpg,C:\Users\USER\Desktop\project\calibration\moire\datasets\test\augmented_9x\0488_moire_rotation_2.jpg,rectified_patch_gpu\008797_0488_moire_rotation_2_to_orig.png,rectified_patch_gpu\008797_0488_moire_rotation_2_absdiff.png,92.57893289448303,113.93372812639429,295.61737190846867,299.77652137476787,0.01648326529975238,0.04511929940793292,0.4827097189397948,3.1201090387427297,0.015374356061239585,-0.007220407899670198,0.4768914686335039,-2.500388975332023,rotation,,True,16,297.6969466416183,torch_cuda,cuda,OK,
8798,C:\Users\USER\Desktop\project\calibration\moire\datasets\test\0488_moire.jpg,C:\Users\USER\Desktop\project\calibration\moire\datasets\test\augmented_9x\0488_moire_rotation_3.jpg,rectified_patch_gpu\008798_0488_moire_rotation_3_to_orig.png,rectified_patch_gpu\008798_0488_moire_rotation_3_absdiff.png,113.51954463252315,134.97822200749636,295.88839217380917,283.0049320817691,-0.045401445726863054,-0.016763740546048466,0.482673613602567,3.119923867859219,0.08329211972957318,0.25386295498927564,0.18487145727419527,2.660852035138715,rotation,,True,21,289.4466621277891,torch_cuda,cuda,OK,
8799,C:\Users\USER\Desktop\project\calibration\moire\datasets\test\0488_moire.jpg,C:\Users\USER\Desktop\project\calibration\moire\datasets\test\augmented_9x\0488_moire_translation_1.jpg,rectified_patch_gpu\008799_0488_moire_translation_1_to_orig.png,rectified_patch_gpu\008799_0488_moire_translation_1_absdiff.png,78.19087601273148,101.5187935360761,295.88839217380917,295.632007386882,-0.045401445726863054,-0.016763740546048466,0.482673613602567,3.119923867859219,0.01653195463586586,0.04470954349536722,0.48418603337942756,3.0987266113822955,translation,,True,21,295.7601997803456,torch_cuda,cuda,OK,
8800,C:\Users\USER\Desktop\project\calibration\moire\datasets\test\0488_moire.jpg,C:\Users\USER\Desktop\project\calibration\moire\datasets\test\augmented_9x\0488_moire_translation_2.jpg,rectified_patch_gpu\008800_0488_moire_translation_2_to_orig.png,rectified_patch_gpu\008800_0488_moire_translation_2_absdiff.png,87.85548695505402,107.84402576009529,295.15059250125074,308.1495065938914,-0.044842089909780634,0.10590179475932739,0.4742203391159733,3.0990033016813867,3.672183860802903,-8.69814998451568,-12.142929287744565,0.7815397123676782,translation,,True,8,301.65004954757103,torch_cuda,cuda,OK,
8801,C:\Users\USER\Desktop\project\calibration\moire\datasets\test\0488_moire.jpg,C:\Users\USER\Desktop\project\calibration\moire\datasets\test\augmented_9x\0488_moire_translation_3.jpg,rectified_patch_gpu\008801_0488_moire_translation_3_to_orig.png,rectified_patch_gpu\008801_0488_moire_translation_3_absdiff.png,77.45880003375771,101.20287798724041,295.88839217380917,295.6540650088391,-0.045401445726863054,-0.016763740546048466,0.482673613602567,3.119923867859219,0.016482262697044316,0.04261069930651287,0.48290808599841406,3.0879074627262817,translation,,True,21,295.77122859132413,torch_cuda,cuda,OK,
8802,C:\Users\USER\Desktop\project\calibration\moire\datasets\test\0489_gt.jpg,C:\Users\USER\Desktop\project\calibration\moire\datasets\test\augmented_9x\0489_gt_blackbox_1.jpg,rectified_patch_gpu\008802_0489_gt_blackbox_1_to_orig.png,rectified_patch_gpu\008802_0489_gt_blackbox_1_absdiff.png,100.22926866319445,117.56698185117833,305.35968959190217,298.6611698994936,1.95772793256352,-5.978927924980212,-8.93905599933624,2.8214583592082816,0.2830787901484698,-0.12071719249550138,0.14281515227785993,-1.7416760338574915,blackbox,,True,9,302.0104297456979,torch_cuda,cuda,OK,
8803,C:\Users\USER\Desktop\project\calibration\moire\datasets\test\0489_gt.jpg,C:\Users\USER\Desktop\project\calibration\moire\datasets\test\augmented_9x\0489_gt_blackbox_2.jpg,rectified_patch_gpu\008803_0489_gt_blackbox_2_to_orig.png,rectified_patch_gpu\008803_0489_gt_blackbox_2_absdiff.png,100.3165752797068,117.62608400564514,305.35968959190217,298.6611698994936,1.95772793256352,-5.978927924980212,-8.93905599933624,2.8214583592082816,0.2830787901484698,-0.12071719249550138,0.14281515227785993,-1.7416760338574915,blackbox,,True,9,302.0104297456979,torch_cuda,cuda,OK,
8804,C:\Users\USER\Desktop\project\calibration\moire\datasets\test\0489_gt.jpg,C:\Users\USER\Desktop\project\calibration\moire\datasets\test\augmented_9x\0489_gt_blackbox_3.jpg,rectified_patch_gpu\008804_0489_gt_blackbox_3_to_orig.png,rectified_patch_gpu\008804_0489_gt_blackbox_3_absdiff.png,107.93998360339506,123.57361827425466,305.35968959190217,298.6611698994936,1.95772793256352,-5.978927924980212,-8.93905599933624,2.8214583592082816,0.2830787901484698,-0.12071719249550138,0.14281515227785993,-1.7416760338574915,blackbox,,True,9,302.0104297456979,torch_cuda,cuda,OK,
8805,C:\Users\USER\Desktop\project\calibration\moire\datasets\test\0489_gt.jpg,C:\Users\USER\Desktop\project\calibration\moire\datasets\test\augmented_9x\0489_gt_rotation_1.jpg,rectified_patch_gpu\008805_0489_gt_rotation_1_to_orig.png,rectified_patch_gpu\008805_0489_gt_rotation_1_absdiff.png,87.15998661747685,102.9908631315197,305.6521085585787,303.9649262595767,0.5868839276599247,-0.025289916288300976,0.0353781458449669,-1.4233083392123125,-1.4702998977020387,-3.1090651120738944,-3.71085495094468,858.4478460563655,rotation,,True,23,304.8085174090777,torch_cuda,cuda,OK,
8806,C:\Users\USER\Desktop\project\calibration\moire\datasets\test\0489_gt.jpg,C:\Users\USER\Desktop\project\calibration\moire\datasets\test\augmented_9x\0489_gt_rotation_2.jpg,rectified_patch_gpu\008806_0489_gt_rotation_2_to_orig.png,rectified_patch_gpu\008806_0489_gt_rotation_2_absdiff.png,97.94826027199075,113.05324974934139,307.64277599979636,297.75693092015877,4.330894785564251,-4.881770533636864,-9.22871129027057,-3580.215452865957,-0.4218893415067467,1.3119327944458425,-0.11318186474201952,1.494647128768821,rotation,,True,3,302.6998534599776,torch_cuda,cuda,OK,
8807,C:\Users\USER\Desktop\project\calibration\moire\datasets\test\0489_gt.jpg,C:\Users\USER\Desktop\project\calibration\moire\datasets\test\augmented_9x\0489_gt_rotation_3.jpg,rectified_patch_gpu\008807_0489_gt_rotation_3_to_orig.png,rectified_patch_gpu\008807_0489_gt_rotation_3_absdiff.png,97.60674274209104,114.37906421397199,305.94762418104216,279.76485021385406,-0.0011312969934258554,1.7146391859252974,-0.5663630201730947,1.7245353838185198,0.12502005512678419,0.38750608936853176,0.03370286506955883,1.1649109240360287,rotation,,True,6,292.8562371974481,torch_cuda,cuda,OK,
8808,C:\Users\USER\Desktop\project\calibration\moire\datasets\test\0489_gt.jpg,C:\Users\USER\Desktop\project\calibration\moire\datasets\test\augmented_9x\0489_gt_translation_1.jpg,rectified_patch_gpu\008808_0489_gt_translation_1_to_orig.png,rectified_patch_gpu\008808_0489_gt_translation_1_absdiff.png,123.57798068576389,136.42484376343165,307.7877478373164,287.81547741103475,-0.0012139973694223123,-5.74017288817436,-8.083058777494614,1.29150078780861,-0.055012005891741746,-0.25602933962151264,0.23094673883209088,-2.9798071752308757,translation,,True,8,297.80161262417556,torch_cuda,cuda,OK,
8809,C:\Users\USER\Desktop\project\calibration\moire\datasets\test\0489_gt.jpg,C:\Users\USER\Desktop\project\calibration\moire\datasets\test\augmented_9x\0489_gt_translation_2.jpg,rectified_patch_gpu\008809_0489_gt_translation_2_to_orig.png,rectified_patch_gpu\008809_0489_gt_translation_2_absdiff.png,97.88993067611882,116.26868058799094,305.47039781171287,297.9531490648038,5.981938302513125,0.5197752657987149,-8.525606560502982,-2.7589960568969167,-0.0010126710850320406,-1.3984090108082716,-0.163131900458922,2.6921715167151374,translation,,True,21,301.7117734382583,torch_cuda,cuda,OK,
8810,C:\Users\USER\Desktop\project\calibration\moire\datasets\test\0489_gt.jpg,C:\Users\USER\Desktop\project\calibration\moire\datasets\test\augmented_9x\0489_gt_translation_3.jpg,rectified_patch_gpu\008810_0489_gt_translation_3_to_orig.png,rectified_patch_gpu\008810_0489_gt_translation_3_absdiff.png,123.54434329185956,136.3993124194766,305.6243190420745,297.43898179857564,4.178267855443263,-5.090901722009086,-9.289074650407233,2.534070038711142,0.002238667787524865,-0.12599573847711126,0.3329493977366029,-2.5325983941519503,translation,,True,5,301.53165042032504,torch_cuda,cuda,OK,
8811,C:\Users\USER\Desktop\project\calibration\moire\datasets\test\0489_moire.jpg,C:\Users\USER\Desktop\project\calibration\moire\datasets\test\augmented_9x\0489_moire_blackbox_1.jpg,rectified_patch_gpu\008811_0489_moire_blackbox_1_to_orig.png,rectified_patch_gpu\008811_0489_moire_blackbox_1_absdiff.png,24.42343677662037,61.30450750225893,265.9546032722787,265.9546032722787,-0.032698474694104314,0.32442461525632693,0.018819889342288183,-221.91153226888486,-0.032698474694104314,0.32442461525632693,0.018819889342288183,-221.91153226888486,blackbox,,True,18,265.9546032722787,torch_cuda,cuda,OK,
8812,C:\Users\USER\Desktop\project\calibration\moire\datasets\test\0489_moire.jpg,C:\Users\USER\Desktop\project\calibration\moire\datasets\test\augmented_9x\0489_moire_blackbox_2.jpg,rectified_patch_gpu\008812_0489_moire_blackbox_2_to_orig.png,rectified_patch_gpu\008812_0489_moire_blackbox_2_absdiff.png,120.42544548128858,136.1498010049281,265.9546032722787,309.59343136723885,-0.032698474694104314,0.32442461525632693,0.018819889342288183,-221.91153226888486,-1.9368294665995367,-4.568366508350043,-6.7911315568692645,0.1564627446321315,blackbox,,True,18,287.77401731975874,torch_cuda,cuda,OK,
8813,C:\Users\USER\Desktop\project\calibration\moire\datasets\test\0489_moire.jpg,C:\Users\USER\Desktop\project\calibration\moire\datasets\test\augmented_9x\0489_moire_blackbox_3.jpg,rectified_patch_gpu\008813_0489_moire_blackbox_3_to_orig.png,rectified_patch_gpu\008813_0489_moire_blackbox_3_absdiff.png,104.59334635416667,121.51752296912291,265.9546032722787,308.65715326133295,-0.032698474694104314,0.32442461525632693,0.018819889342288183,-221.91153226888486,6.237439125157067,7.035491687849245,-12.123858858330735,25.066822603155895,blackbox,,True,18,287.30587826680585,torch_cuda,cuda,OK,
8814,C:\Users\USER\Desktop\project\calibration\moire\datasets\test\0489_moire.jpg,C:\Users\USER\Desktop\project\calibration\moire\datasets\test\augmented_9x\0489_moire_rotation_1.jpg,rectified_patch_gpu\008814_0489_moire_rotation_1_to_orig.png,rectified_patch_gpu\008814_0489_moire_rotation_1_absdiff.png,98.00451714409722,114.7048328282889,265.9546032722787,307.03506542387487,-0.032698474694104314,0.32442461525632693,0.018819889342288183,-221.91153226888486,6.202692481518287,0.0008095294712359979,-8.793834815921475,-1.6719097224734571,rotation,,True,18,286.4948343480768,torch_cuda,cuda,OK,
8815,C:\Users\USER\Desktop\project\calibration\moire\datasets\test\0489_moire.jpg,C:\Users\USER\Desktop\project\calibration\moire\datasets\test\augmented_9x\0489_moire_rotation_2.jpg,rectified_patch_gpu\008815_0489_moire_rotation_2_to_orig.png,rectified_patch_gpu\008815_0489_moire_rotation_2_absdiff.png,67.19796826774692,80.53893275720841,265.9546032722787,310.09934793230804,-0.032698474694104314,0.32442461525632693,0.018819889342288183,-221.91153226888486,-1.3358011751415042,2.288734407723759,-2.476130812995862,0.762281230249215,rotation,,True,18,288.02697560229336,torch_cuda,cuda,OK,
8816,C:\Users\USER\Desktop\project\calibration\moire\datasets\test\0489_moire.jpg,C:\Users\USER\Desktop\project\calibration\moire\datasets\test\augmented_9x\0489_moire_rotation_3.jpg,rectified_patch_gpu\008816_0489_moire_rotation_3_to_orig.png,rectified_patch_gpu\008816_0489_moire_rotation_3_absdiff.png,117.90337034625772,133.9799413035631,265.9546032722787,295.93340389788756,-0.032698474694104314,0.32442461525632693,0.018819889342288183,-221.91153226888486,0.2728042177854492,0.16798053866982968,0.11836463939055297,0.6921930128837769,rotation,,True,18,280.9440035850831,torch_cuda,cuda,OK,
8817,C:\Users\USER\Desktop\project\calibration\moire\datasets\test\0489_moire.jpg,C:\Users\USER\Desktop\project\calibration\moire\datasets\test\augmented_9x\0489_moire_translation_1.jpg,rectified_patch_gpu\008817_0489_moire_translation_1_to_orig.png,rectified_patch_gpu\008817_0489_moire_translation_1_absdiff.png,78.01611955054013,93.9223175781228,265.9546032722787,306.6020970157117,-0.032698474694104314,0.32442461525632693,0.018819889342288183,-221.91153226888486,5.963317702027494,0.0010457686038946312,-8.459551266096241,-1.903023619410075,translation,,True,18,286.2783501439952,torch_cuda,cuda,OK,
8818,C:\Users\USER\Desktop\project\calibration\moire\datasets\test\0489_moire.jpg,C:\Users\USER\Desktop\project\calibration\moire\datasets\test\augmented_9x\0489_moire_translation_2.jpg,rectified_patch_gpu\008818_0489_moire_translation_2_to_orig.png,rectified_patch_gpu\008818_0489_moire_translation_2_absdiff.png,77.5648738908179,92.93710040559566,265.9546032722787,306.36602123372245,-0.032698474694104314,0.32442461525632693,0.018819889342288183,-221.91153226888486,-5.603185240247462,0.3415134862922956,-7.787240680316842,104.8181335774602,translation,,True,18,286.1603122530006,torch_cuda,cuda,OK,
8819,C:\Users\USER\Desktop\project\calibration\moire\datasets\test\0489_moire.jpg,C:\Users\USER\Desktop\project\calibration\moire\datasets\test\augmented_9x\0489_moire_translation_3.jpg,rectified_patch_gpu\008819_0489_moire_translation_3_to_orig.png,rectified_patch_gpu\008819_0489_moire_translation_3_absdiff.png,69.8210083912037,85.2927995401998,265.9546032722787,310.7596264358401,-0.032698474694104314,0.32442461525632693,0.018819889342288183,-221.91153226888486,-1.8600702181570186,-1.6320124383156829,-2.1621503459282776,1.1448629915531343,translation,,True,18,288.35711485405943,torch_cuda,cuda,OK,
8820,C:\Users\USER\Desktop\project\calibration\moire\datasets\test\0490_gt.jpg,C:\Users\USER\Desktop\project\calibration\moire\datasets\test\augmented_9x\0490_gt_blackbox_1.jpg,rectified_patch_gpu\008820_0490_gt_blackbox_1_to_orig.png,rectified_patch_gpu\008820_0490_gt_blackbox_1_absdiff.png,93.09164556809414,112.15365947957083,295.1321252879445,298.4690102320951,-0.00027799882036186465,-0.17828251223253289,0.254849851893173,2.4672846355363567,-0.000281852950482388,0.18923473019532355,0.2522362079015903,-2.2516282565735164,blackbox,,True,8,296.8005677600198,torch_cuda,cuda,OK,
8821,C:\Users\USER\Desktop\project\calibration\moire\datasets\test\0490_gt.jpg,C:\Users\USER\Desktop\project\calibration\moire\datasets\test\augmented_9x\0490_gt_blackbox_2.jpg,rectified_patch_gpu\008821_0490_gt_blackbox_2_to_orig.png,rectified_patch_gpu\008821_0490_gt_blackbox_2_absdiff.png,111.18193552276234,134.07625265261,303.52282567680504,291.5755847053889,0.2526889617166167,3.508225647577435,-3.9353218587359047,-2.8472086764213387,0.0815511192944727,-0.7310861091845633,-0.010630490890132682,1.2296438408155597,blackbox,,True,10,297.549205191097,torch_cuda,cuda,OK,
8822,C:\Users\USER\Desktop\project\calibration\moire\datasets\test\0490_gt.jpg,C:\Users\USER\Desktop\project\calibration\moire\datasets\test\augmented_9x\0490_gt_blackbox_3.jpg,rectified_patch_gpu\008822_0490_gt_blackbox_3_to_orig.png,rectified_patch_gpu\008822_0490_gt_blackbox_3_absdiff.png,94.53202666859568,113.63601427308458,295.1321252879445,298.4690102320951,-0.00027799882036186465,-0.17828251223253289,0.254849851893173,2.4672846355363567,-0.000281852950482388,0.18923473019532355,0.2522362079015903,-2.2516282565735164,blackbox,,True,8,296.8005677600198,torch_cuda,cuda,OK,
8823,C:\Users\USER\Desktop\project\calibration\moire\datasets\test\0490_gt.jpg,C:\Users\USER\Desktop\project\calibration\moire\datasets\test\augmented_9x\0490_gt_rotation_1.jpg,rectified_patch_gpu\008823_0490_gt_rotation_1_to_orig.png,rectified_patch_gpu\008823_0490_gt_rotation_1_absdiff.png,78.89253870081019,96.24380749767889,293.68958316801644,306.08704655749506,0.5774372385877224,-0.48245231539531114,0.0027722781831505117,-1.3172876077666098,5.453942040203643,1.0629634545819597,-7.831410038879138,-2.137509856756888,rotation,,True,22,299.88831486275575,torch_cuda,cuda,OK,
8824,C:\Users\USER\Desktop\project\calibration\moire\datasets\test\0490_gt.jpg,C:\Users\USER\Desktop\project\calibration\moire\datasets\test\augmented_9x\0490_gt_rotation_2.jpg,rectified_patch_gpu\008824_0490_gt_rotation_2_to_orig.png,rectified_patch_gpu\008824_0490_gt_rotation_2_absdiff.png,111.48019989390433,128.90491707129786,293.68958316801644,305.2339783571343,0.5774372385877224,-0.48245231539531114,0.0027722781831505117,-1.3172876077666098,0.11329610120500838,-5.784352077961584,-8.207437763610917,-3.044176634253561,rotation,,True,22,299.46178076257536,torch_cuda,cuda,OK,
8825,C:\Users\USER\Desktop\project\calibration\moire\datasets\test\0490_gt.jpg,C:\Users\USER\Desktop\project\calibration\moire\datasets\test\augmented_9x\0490_gt_rotation_3.jpg,rectified_patch_gpu\008825_0490_gt_rotation_3_to_orig.png,rectified_patch_gpu\008825_0490_gt_rotation_3_absdiff.png,115.43719304591049,138.30506208801805,293.68958316801644,296.5371310276033,0.5774372385877224,-0.48245231539531114,0.0027722781831505117,-1.3172876077666098,0.2827562814883213,0.264761411616923,0.3088242658593124,2.3920415696934554,rotation,,True,22,295.11335709780985,torch_cuda,cuda,OK,
8826,C:\Users\USER\Desktop\project\calibration\moire\datasets\test\0490_gt.jpg,C:\Users\USER\Desktop\project\calibration\moire\datasets\test\augmented_9x\0490_gt_translation_1.jpg,rectified_patch_gpu\008826_0490_gt_translation_1_to_orig.png,rectified_patch_gpu\008826_0490_gt_translation_1_absdiff.png,82.05946831597223,90.69454827074199,293.68958316801644,309.2389497628245,0.5774372385877224,-0.48245231539531114,0.0027722781831505117,-1.3172876077666098,-5.335624934326146,0.18971680223143844,-7.443755212588766,0.19432776553013734,translation,,True,22,301.46426646542045,torch_cuda,cuda,OK,
8827,C:\Users\USER\Desktop\project\calibration\moire\datasets\test\0490_gt.jpg,C:\Users\USER\Desktop\project\calibration\moire\datasets\test\augmented_9x\0490_gt_translation_2.jpg,rectified_patch_gpu\008827_0490_gt_translation_2_to_orig.png,rectified_patch_gpu\008827_0490_gt_translation_2_absdiff.png,81.36325267650463,91.27863330182416,293.68958316801644,304.59366699249034,0.5774372385877224,-0.48245231539531114,0.0027722781831505117,-1.3172876077666098,2.8626128847858903,-3.425757257965467,-5.867930325673806,-3.063106361553537,translation,,True,22,299.1416250802534,torch_cuda,cuda,OK,
8828,C:\Users\USER\Desktop\project\calibration\moire\datasets\test\0490_gt.jpg,C:\Users\USER\Desktop\project\calibration\moire\datasets\test\augmented_9x\0490_gt_translation_3.jpg,rectified_patch_gpu\008828_0490_gt_translation_3_to_orig.png,rectified_patch_gpu\008828_0490_gt_translation_3_absdiff.png,112.5901715615355,135.5192882652586,303.52282567680504,298.9530253648702,0.2526889617166167,3.508225647577435,-3.9353218587359047,-2.8472086764213387,0.2179638336080837,-1.685115744363514,-0.5930753628885226,2.4476812256551157,translation,,True,10,301.2379255208376,torch_cuda,cuda,OK,
8829,C:\Users\USER\Desktop\project\calibration\moire\datasets\test\0490_moire.jpg,C:\Users\USER\Desktop\project\calibration\moire\datasets\test\augmented_9x\0490_moire_blackbox_1.jpg,rectified_patch_gpu\008829_0490_moire_blackbox_1_to_orig.png,rectified_patch_gpu\008829_0490_moire_blackbox_1_absdiff.png,80.02803445698302,92.3807002220152,287.0679237063082,305.0794830065057,-0.00028400005028623505,-0.21361914951326863,0.23519731211216455,3.0475135472351984,4.748205837972172,-1.9419365745689638,-7.010948383396412,355.2971877177983,blackbox,,True,10,296.07370335640695,torch_cuda,cuda,OK,
8830,C:\Users\USER\Desktop\project\calibration\moire\datasets\test\0490_moire.jpg,C:\Users\USER\Desktop\project\calibration\moire\datasets\test\augmented_9x\0490_moire_blackbox_2.jpg,rectified_patch_gpu\008830_0490_moire_blackbox_2_to_orig.png,rectified_patch_gpu\008830_0490_moire_blackbox_2_absdiff.png,107.81383355034723,125.6707419309825,287.0679237063082,307.2838890506463,-0.00028400005028623505,-0.21361914951326863,0.23519731211216455,3.0475135472351984,4.893749482760933,-0.9519537151771117,-6.751588171394966,1.4942360614630916,blackbox,,True,10,297.17590637847724,torch_cuda,cuda,OK,
8831,C:\Users\USER\Desktop\project\calibration\moire\datasets\test\0490_moire.jpg,C:\Users\USER\Desktop\project\calibration\moire\datasets\test\augmented_9x\0490_moire_blackbox_3.jpg,rectified_patch_gpu\008831_0490_moire_blackbox_3_to_orig.png,rectified_patch_gpu\008831_0490_moire_blackbox_3_absdiff.png,78.83390383873457,91.77948732554762,287.0679237063082,307.2838890506463,-0.00028400005028623505,-0.21361914951326863,0.23519731211216455,3.0475135472351984,4.893749482760933,-0.9519537151771117,-6.751588171394966,1.4942360614630916,blackbox,,True,10,297.17590637847724,torch_cuda,cuda,OK,
8832,C:\Users\USER\Desktop\project\calibration\moire\datasets\test\0490_moire.jpg,C:\Users\USER\Desktop\project\calibration\moire\datasets\test\augmented_9x\0490_moire_rotation_1.jpg,rectified_patch_gpu\008832_0490_moire_rotation_1_to_orig.png,rectified_patch_gpu\008832_0490_moire_rotation_1_absdiff.png,79.54343810281635,92.53016444046887,287.0679237063082,307.0702011169602,-0.00028400005028623505,-0.21361914951326863,0.23519731211216455,3.0475135472351984,3.0543060892268703,-3.5607437443283128,-6.20082927036751,1.4831683749116673,rotation,,True,10,297.0690624116342,torch_cuda,cuda,OK,
8833,C:\Users\USER\Desktop\project\calibration\moire\datasets\test\0490_moire.jpg,C:\Users\USER\Desktop\project\calibration\moire\datasets\test\augmented_9x\0490_moire_rotation_2.jpg,rectified_patch_gpu\008833_0490_moire_rotation_2_to_orig.png,rectified_patch_gpu\008833_0490_moire_rotation_2_absdiff.png,77.91446831597223,89.6173488459048,287.0679237063082,307.48892717567225,-0.00028400005028623505,-0.21361914951326863,0.23519731211216455,3.0475135472351984,5.08766447797939,-2.9938015831019777,-8.27333186651677,1.3255849315769062,rotation,,True,10,297.2784254409902,torch_cuda,cuda,OK,
8834,C:\Users\USER\Desktop\project\calibration\moire\datasets\test\0490_moire.jpg,C:\Users\USER\Desktop\project\calibration\moire\datasets\test\augmented_9x\0490_moire_rotation_3.jpg,rectified_patch_gpu\008834_0490_moire_rotation_3_to_orig.png,rectified_patch_gpu\008834_0490_moire_rotation_3_absdiff.png,78.0888230613426,91.41842252098273,287.0679237063082,307.1408790770084,-0.00028400005028623505,-0.21361914951326863,0.23519731211216455,3.0475135472351984,-4.846502452630057,-3.616552667648614,-8.566874488573498,1.7300372488940756,rotation,,True,10,297.10440139165826,torch_cuda,cuda,OK,
8835,C:\Users\USER\Desktop\project\calibration\moire\datasets\test\0490_moire.jpg,C:\Users\USER\Desktop\project\calibration\moire\datasets\test\augmented_9x\0490_moire_translation_1.jpg,rectified_patch_gpu\008835_0490_moire_translation_1_to_orig.png,rectified_patch_gpu\008835_0490_moire_translation_1_absdiff.png,77.22813693576389,88.85178950526546,287.0679237063082,305.8332482892346,-0.00028400005028623505,-0.21361914951326863,0.23519731211216455,3.0475135472351984,7.069263970458014,-0.6730587746243559,-9.938697854668241,-2.552580206732362,translation,,True,10,296.4505859977714,torch_cuda,cuda,OK,
8836,C:\Users\USER\Desktop\project\calibration\moire\datasets\test\0490_moire.jpg,C:\Users\USER\Desktop\project\calibration\moire\datasets\test\augmented_9x\0490_moire_translation_2.jpg,rectified_patch_gpu\008836_0490_moire_translation_2_to_orig.png,rectified_patch_gpu\008836_0490_moire_translation_2_absdiff.png,100.87725658275463,118.55992520679773,302.6123277710051,299.6974010752843,1.0415929599811022,-1.3089795237968356,-0.6885627557576477,1.5773586828847517,1.1076808032782937,0.000755265680083085,-0.057401115836338557,-2.870912675299553,translation,,True,5,301.15486442314466,torch_cuda,cuda,OK,
8837,C:\Users\USER\Desktop\project\calibration\moire\datasets\test\0490_moire.jpg,C:\Users\USER\Desktop\project\calibration\moire\datasets\test\augmented_9x\0490_moire_translation_3.jpg,rectified_patch_gpu\008837_0490_moire_translation_3_to_orig.png,rectified_patch_gpu\008837_0490_moire_translation_3_absdiff.png,89.84724404417439,106.57076969955104,307.440697506038,295.79857055991374,5.811072022770631,0.4840533212527651,-8.189192194350161,1.477605339228044,-0.21289544960864487,0.2450384718276928,0.06174146284606512,-0.3812845332257735,translation,,True,18,301.6196340329759,torch_cuda,cuda,OK,
8838,C:\Users\USER\Desktop\project\calibration\moire\datasets\test\0491_gt.jpg,C:\Users\USER\Desktop\project\calibration\moire\datasets\test\augmented_9x\0491_gt_blackbox_1.jpg,rectified_patch_gpu\008838_0491_gt_blackbox_1_to_orig.png,rectified_patch_gpu\008838_0491_gt_blackbox_1_absdiff.png,7.013274257330247,36.63745000754768,296.37621967398894,306.6320388768754,0.030735855415175553,-0.06577683214276778,0.34771303880743915,-2.7786575785645216,0.11609587216135919,-6.117737948298636,-8.617972007965832,1.8494331618253739,blackbox,,True,3,301.5041292754322,torch_cuda,cuda,OK,
8839,C:\Users\USER\Desktop\project\calibration\moire\datasets\test\0491_gt.jpg,C:\Users\USER\Desktop\project\calibration\moire\datasets\test\augmented_9x\0491_gt_blackbox_2.jpg,rectified_patch_gpu\008839_0491_gt_blackbox_2_to_orig.png,rectified_patch_gpu\008839_0491_gt_blackbox_2_absdiff.png,248.1077007378472,250.69894108218136,296.37621967398894,306.6320388768754,0.030735855415175553,-0.06577683214276778,0.34771303880743915,-2.7786575785645216,0.11609587216135919,-6.117737948298636,-8.617972007965832,1.8494331618253739,blackbox,,True,3,301.5041292754322,torch_cuda,cuda,OK,
8840,C:\Users\USER\Desktop\project\calibration\moire\datasets\test\0491_gt.jpg,C:\Users\USER\Desktop\project\calibration\moire\datasets\test\augmented_9x\0491_gt_blackbox_3.jpg,rectified_patch_gpu\008840_0491_gt_blackbox_3_to_orig.png,rectified_patch_gpu\008840_0491_gt_blackbox_3_absdiff.png,7.013274257330247,36.63745000754768,296.37621967398894,306.6320388768754,0.030735855415175553,-0.06577683214276778,0.34771303880743915,-2.7786575785645216,0.11609587216135919,-6.117737948298636,-8.617972007965832,1.8494331618253739,blackbox,,True,3,301.5041292754322,torch_cuda,cuda,OK,
8841,C:\Users\USER\Desktop\project\calibration\moire\datasets\test\0491_gt.jpg,C:\Users\USER\Desktop\project\calibration\moire\datasets\test\augmented_9x\0491_gt_rotation_1.jpg,rectified_patch_gpu\008841_0491_gt_rotation_1_to_orig.png,rectified_patch_gpu\008841_0491_gt_rotation_1_absdiff.png,6.894054663387346,36.606467251200755,296.37621967398894,309.1019264406624,0.030735855415175553,-0.06577683214276778,0.34771303880743915,-2.7786575785645216,-4.609330526300562,4.609330515990004,-9.257215799225458,0.0,rotation,,True,3,302.73907305732564,torch_cuda,cuda,OK,
8842,C:\Users\USER\Desktop\project\calibration\moire\datasets\test\0491_gt.jpg,C:\Users\USER\Desktop\project\calibration\moire\datasets\test\augmented_9x\0491_gt_rotation_2.jpg,rectified_patch_gpu\008842_0491_gt_rotation_2_to_orig.png,rectified_patch_gpu\008842_0491_gt_rotation_2_absdiff.png,129.54752399209104,179.8270302850949,307.32768166935824,277.27995540741574,3.421202777892609,-4.453999578336441,-7.91671333518619,-1.6431228478334132,-0.13353638282903396,0.38896108591961764,0.07270157563804702,-2.0224308036151344,rotation,,True,15,292.30381853838696,torch_cuda,cuda,OK,
8843,C:\Users\USER\Desktop\project\calibration\moire\datasets\test\0491_gt.jpg,C:\Users\USER\Desktop\project\calibration\moire\datasets\test\augmented_9x\0491_gt_rotation_3.jpg,rectified_patch_gpu\008843_0491_gt_rotation_3_to_orig.png,rectified_patch_gpu\008843_0491_gt_rotation_3_absdiff.png,6.89831356095679,36.60654393853957,296.37621967398894,303.9262699031426,0.030735855415175553,-0.06577683214276778,0.34771303880743915,-2.7786575785645216,-3.0335336165216704,3.0335336173492653,-5.065968551069602,3.141592653589793,rotation,,True,3,300.1512447885658,torch_cuda,cuda,OK,
8844,C:\Users\USER\Desktop\project\calibration\moire\datasets\test\0491_gt.jpg,C:\Users\USER\Desktop\project\calibration\moire\datasets\test\augmented_9x\0491_gt_translation_1.jpg,rectified_patch_gpu\008844_0491_gt_translation_1_to_orig.png,rectified_patch_gpu\008844_0491_gt_translation_1_absdiff.png,247.47176974826388,250.37206029384762,308.70954743127777,287.3391838216971,-5.400173653615102,-3.138404901662267,-8.844636866536415,-0.5721966167293563,-0.055056384096999186,0.24683600012336063,0.26206562771914116,-3.079703653073479,translation,,True,18,298.02436562648745,torch_cuda,cuda,OK,
8845,C:\Users\USER\Desktop\project\calibration\moire\datasets\test\0491_gt.jpg,C:\Users\USER\Desktop\project\calibration\moire\datasets\test\augmented_9x\0491_gt_translation_2.jpg,rectified_patch_gpu\008845_0491_gt_translation_2_to_orig.png,rectified_patch_gpu\008845_0491_gt_translation_2_absdiff.png,184.05362533757716,215.65892814014165,305.94265181816644,290.818951693717,0.8688665133264997,-5.93544705031864,-8.499491513352798,-2.360485579577027,-0.000277244817505558,0.2545055145591336,0.17727670018585595,2.363825460962133,translation,,True,0,298.3808017559417,torch_cuda,cuda,OK,
8846,C:\Users\USER\Desktop\project\calibration\moire\datasets\test\0491_gt.jpg,C:\Users\USER\Desktop\project\calibration\moire\datasets\test\augmented_9x\0491_gt_translation_3.jpg,rectified_patch_gpu\008846_0491_gt_translation_3_to_orig.png,rectified_patch_gpu\008846_0491_gt_translation_3_absdiff.png,159.44792438271605,199.8202564467111,303.9262699031426,300.72393852556,-3.0335336165216704,3.0335336173492653,-5.065968551069602,3.141592653589793,-2.0805926411120295,1.0283330460309021,-1.731907398059858,3.141592653589793,translation,,True,23,302.3251042143513,torch_cuda,cuda,OK,
8847,C:\Users\USER\Desktop\project\calibration\moire\datasets\test\0491_moire.jpg,C:\Users\USER\Desktop\project\calibration\moire\datasets\test\augmented_9x\0491_moire_blackbox_1.jpg,rectified_patch_gpu\008847_0491_moire_blackbox_1_to_orig.png,rectified_patch_gpu\008847_0491_moire_blackbox_1_absdiff.png,49.73207790798611,71.67843358412274,290.822039274696,307.1354642082532,0.04925691459328324,0.17891932555946166,0.2521787535510033,-3.0712470063316357,-0.4841399648713563,0.2925678607510911,0.015084794035618687,0.6327853170257441,blackbox,,True,14,298.97875174147464,torch_cuda,cuda,OK,
8848,C:\Users\USER\Desktop\project\calibration\moire\datasets\test\0491_moire.jpg,C:\Users\USER\Desktop\project\calibration\moire\datasets\test\augmented_9x\0491_moire_blackbox_2.jpg,rectified_patch_gpu\008848_0491_moire_blackbox_2_to_orig.png,rectified_patch_gpu\008848_0491_moire_blackbox_2_absdiff.png,154.4638947964892,164.9492534499943,290.822039274696,307.1354642082532,0.04925691459328324,0.17891932555946166,0.2521787535510033,-3.0712470063316357,-0.4841399648713563,0.2925678607510911,0.015084794035618687,0.6327853170257441,blackbox,,True,14,298.97875174147464,torch_cuda,cuda,OK,
8849,C:\Users\USER\Desktop\project\calibration\moire\datasets\test\0491_moire.jpg,C:\Users\USER\Desktop\project\calibration\moire\datasets\test\augmented_9x\0491_moire_blackbox_3.jpg,rectified_patch_gpu\008849_0491_moire_blackbox_3_to_orig.png,rectified_patch_gpu\008849_0491_moire_blackbox_3_absdiff.png,49.73207790798611,71.67843358412274,290.822039274696,307.1354642082532,0.04925691459328324,0.17891932555946166,0.2521787535510033,-3.0712470063316357,-0.4841399648713563,0.2925678607510911,0.015084794035618687,0.6327853170257441,blackbox,,True,14,298.97875174147464,torch_cuda,cuda,OK,
8850,C:\Users\USER\Desktop\project\calibration\moire\datasets\test\0491_moire.jpg,C:\Users\USER\Desktop\project\calibration\moire\datasets\test\augmented_9x\0491_moire_rotation_1.jpg,rectified_patch_gpu\008850_0491_moire_rotation_1_to_orig.png,rectified_patch_gpu\008850_0491_moire_rotation_1_absdiff.png,171.9728901427469,177.0997702584018,305.55929602553766,286.8400771551978,-0.6176278856046475,5.706528954050979,-8.156996159808315,2.5702281821225403,-0.014202894392719772,0.20549741095300805,0.2223525024286768,-3.1285045609895357,rotation,,True,13,296.1996865903677,torch_cuda,cuda,OK,
8851,C:\Users\USER\Desktop\project\calibration\moire\datasets\test\0491_moire.jpg,C:\Users\USER\Desktop\project\calibration\moire\datasets\test\augmented_9x\0491_moire_rotation_2.jpg,rectified_patch_gpu\008851_0491_moire_rotation_2_to_orig.png,rectified_patch_gpu\008851_0491_moire_rotation_2_absdiff.png,35.099836877893516,51.41815480820183,290.822039274696,312.7526647440344,0.04925691459328324,0.17891932555946166,0.2521787535510033,-3.0712470063316357,-1.451165426758798,1.5782073720483674,-1.8920446721398867,-0.1746086981731187,rotation,,True,14,301.78735200936524,torch_cuda,cuda,OK,
8852,C:\Users\USER\Desktop\project\calibration\moire\datasets\test\0491_moire.jpg,C:\Users\USER\Desktop\project\calibration\moire\datasets\test\augmented_9x\0491_moire_rotation_3.jpg,rectified_patch_gpu\008852_0491_moire_rotation_3_to_orig.png,rectified_patch_gpu\008852_0491_moire_rotation_3_absdiff.png,34.17433654031636,48.999286308213854,290.822039274696,306.44261991876346,0.04925691459328324,0.17891932555946166,0.2521787535510033,-3.0712470063316357,6.196070657914099,-1.5492302263291329,-9.066142163563395,1.9583210290087711,rotation,,True,14,298.63232959672973,torch_cuda,cuda,OK,
8853,C:\Users\USER\Desktop\project\calibration\moire\datasets\test\0491_moire.jpg,C:\Users\USER\Desktop\project\calibration\moire\datasets\test\augmented_9x\0491_moire_translation_1.jpg,rectified_patch_gpu\008853_0491_moire_translation_1_to_orig.png,rectified_patch_gpu\008853_0491_moire_translation_1_absdiff.png,37.43512707368827,53.44818939094686,290.822039274696,306.08338010045463,0.04925691459328324,0.17891932555946166,0.2521787535510033,-3.0712470063316357,-4.110294720276467,0.7531534882582662,-5.411321485627659,1.9592132807390936,translation,,True,14,298.4527096875753,torch_cuda,cuda,OK,
8854,C:\Users\USER\Desktop\project\calibration\moire\datasets\test\0491_moire.jpg,C:\Users\USER\Desktop\project\calibration\moire\datasets\test\augmented_9x\0491_moire_translation_2.jpg,rectified_patch_gpu\008854_0491_moire_translation_2_to_orig.png,rectified_patch_gpu\008854_0491_moire_translation_2_absdiff.png,122.00101261091821,142.96336691317885,307.1225793453375,275.67322692352593,6.113229365131275,-0.8966979597607359,-8.768710484285588,1.585035294305094,-0.2746520086281917,-0.18559085111885004,-0.02688565108152508,-2.5716988963340066,translation,,True,23,291.3979031344317,torch_cuda,cuda,OK,
8855,C:\Users\USER\Desktop\project\calibration\moire\datasets\test\0491_moire.jpg,C:\Users\USER\Desktop\project\calibration\moire\datasets\test\augmented_9x\0491_moire_translation_3.jpg,rectified_patch_gpu\008855_0491_moire_translation_3_to_orig.png,rectified_patch_gpu\008855_0491_moire_translation_3_absdiff.png,40.72346474729938,57.0409149598428,290.822039274696,313.7796006148072,0.04925691459328324,0.17891932555946166,0.2521787535510033,-3.0712470063316357,1.6299430302515754,0.409867464245522,-0.6137001553265595,-0.15860144007415977,translation,,True,14,302.3008199447516,torch_cuda,cuda,OK,
8856,C:\Users\USER\Desktop\project\calibration\moire\datasets\test\0492_gt.jpg,C:\Users\USER\Desktop\project\calibration\moire\datasets\test\augmented_9x\0492_gt_blackbox_1.jpg,rectified_patch_gpu\008856_0492_gt_blackbox_1_to_orig.png,rectified_patch_gpu\008856_0492_gt_blackbox_1_absdiff.png,59.3124430941358,74.68099722776117,277.0760227155951,307.6111651179491,-0.00027674631947780003,0.30525947731111547,0.05160772007566224,2.534132930538042,-4.41066793799441,1.759402871583349,-6.383215699378945,1.3175960299446086,blackbox,,True,3,292.3435939167721,torch_cuda,cuda,OK,
8857,C:\Users\USER\Desktop\project\calibration\moire\datasets\test\0492_gt.jpg,C:\Users\USER\Desktop\project\calibration\moire\datasets\test\augmented_9x\0492_gt_blackbox_2.jpg,rectified_patch_gpu\008857_0492_gt_blackbox_2_to_orig.png,rectified_patch_gpu\008857_0492_gt_blackbox_2_absdiff.png,132.54232349537037,143.7766601686771,277.0760227155951,307.6111651179491,-0.00027674631947780003,0.30525947731111547,0.05160772007566224,2.534132930538042,-4.41066793799441,1.759402871583349,-6.383215699378945,1.3175960299446086,blackbox,,True,3,292.3435939167721,torch_cuda,cuda,OK,
8858,C:\Users\USER\Desktop\project\calibration\moire\datasets\test\0492_gt.jpg,C:\Users\USER\Desktop\project\calibration\moire\datasets\test\augmented_9x\0492_gt_blackbox_3.jpg,rectified_patch_gpu\008858_0492_gt_blackbox_3_to_orig.png,rectified_patch_gpu\008858_0492_gt_blackbox_3_absdiff.png,59.223153452932095,74.64251297000156,277.0760227155951,307.6111651179491,-0.00027674631947780003,0.30525947731111547,0.05160772007566224,2.534132930538042,-4.41066793799441,1.759402871583349,-6.383215699378945,1.3175960299446086,blackbox,,True,3,292.3435939167721,torch_cuda,cuda,OK,
8859,C:\Users\USER\Desktop\project\calibration\moire\datasets\test\0492_gt.jpg,C:\Users\USER\Desktop\project\calibration\moire\datasets\test\augmented_9x\0492_gt_rotation_1.jpg,rectified_patch_gpu\008859_0492_gt_rotation_1_to_orig.png,rectified_patch_gpu\008859_0492_gt_rotation_1_absdiff.png,103.73441647376544,119.39001125541246,303.4405364137331,274.60543577772125,3.1445873467869605,-1.1756734726064466,-3.6366682063476907,2.904351183427921,-0.2210296118160769,0.21308486691856277,-0.01593567270066121,1.8310696916714968,rotation,,True,5,289.0229860957272,torch_cuda,cuda,OK,
8860,C:\Users\USER\Desktop\project\calibration\moire\datasets\test\0492_gt.jpg,C:\Users\USER\Desktop\project\calibration\moire\datasets\test\augmented_9x\0492_gt_rotation_2.jpg,rectified_patch_gpu\008860_0492_gt_rotation_2_to_orig.png,rectified_patch_gpu\008860_0492_gt_rotation_2_absdiff.png,116.2447388599537,130.17449323780124,277.0760227155951,314.32221952198665,-0.00027674631947780003,0.30525947731111547,0.05160772007566224,2.534132930538042,0.21307477753476795,0.08218297012983014,0.1989285193140502,0.5294958055329129,rotation,,True,3,295.6991211187909,torch_cuda,cuda,OK,
8861,C:\Users\USER\Desktop\project\calibration\moire\datasets\test\0492_gt.jpg,C:\Users\USER\Desktop\project\calibration\moire\datasets\test\augmented_9x\0492_gt_rotation_3.jpg,rectified_patch_gpu\008861_0492_gt_rotation_3_to_orig.png,rectified_patch_gpu\008861_0492_gt_rotation_3_absdiff.png,112.21439838927469,127.12637806036221,277.0760227155951,327.0121454650868,-0.00027674631947780003,0.30525947731111547,0.05160772007566224,2.534132930538042,-0.0002879320058796154,0.27199663872286434,0.17255610995664641,1.0707925671490492,rotation,,True,3,302.04408409034096,torch_cuda,cuda,OK,
8862,C:\Users\USER\Desktop\project\calibration\moire\datasets\test\0492_gt.jpg,C:\Users\USER\Desktop\project\calibration\moire\datasets\test\augmented_9x\0492_gt_translation_1.jpg,rectified_patch_gpu\008862_0492_gt_translation_1_to_orig.png,rectified_patch_gpu\008862_0492_gt_translation_1_absdiff.png,64.52105203510803,80.55727347306126,277.0760227155951,309.51339918608716,-0.00027674631947780003,0.30525947731111547,0.05160772007566224,2.534132930538042,3.744829747936458,-3.0516673666701553,-6.532631697962141,-0.46456627248834065,translation,,True,3,293.29471095084114,torch_cuda,cuda,OK,
8863,C:\Users\USER\Desktop\project\calibration\moire\datasets\test\0492_gt.jpg,C:\Users\USER\Desktop\project\calibration\moire\datasets\test\augmented_9x\0492_gt_translation_2.jpg,rectified_patch_gpu\008863_0492_gt_translation_2_to_orig.png,rectified_patch_gpu\008863_0492_gt_translation_2_absdiff.png,60.85555820794753,76.51142555526994,277.0760227155951,304.8782082133011,-0.00027674631947780003,0.30525947731111547,0.05160772007566224,2.534132930538042,3.9352948600639834,3.300270014747757,-7.010609667546603,3.1358965044539397,translation,,True,3,290.9771154644481,torch_cuda,cuda,OK,
8864,C:\Users\USER\Desktop\project\calibration\moire\datasets\test\0492_gt.jpg,C:\Users\USER\Desktop\project\calibration\moire\datasets\test\augmented_9x\0492_gt_translation_3.jpg,rectified_patch_gpu\008864_0492_gt_translation_3_to_orig.png,rectified_patch_gpu\008864_0492_gt_translation_3_absdiff.png,63.624872082368825,80.3383266264605,277.0760227155951,308.7844410585243,-0.00027674631947780003,0.30525947731111547,0.05160772007566224,2.534132930538042,5.004155718950246,1.075305081653635,-7.0189278912289055,0.8521688442549183,translation,,True,3,292.9302318870597,torch_cuda,cuda,OK,
8865,C:\Users\USER\Desktop\project\calibration\moire\datasets\test\0492_moire.jpg,C:\Users\USER\Desktop\project\calibration\moire\datasets\test\augmented_9x\0492_moire_blackbox_1.jpg,rectified_patch_gpu\008865_0492_moire_blackbox_1_to_orig.png,rectified_patch_gpu\008865_0492_moire_blackbox_1_absdiff.png,82.52394941165123,99.19378684460298,300.5946567376879,294.7598810918699,0.09452865545628182,0.17156296576939914,0.240253266931282,1.7894862873297115,-0.1485567745300785,0.1731590738076775,0.21408099779480624,-2.9392744293638757,blackbox,,True,18,297.6772689147789,torch_cuda,cuda,OK,
8866,C:\Users\USER\Desktop\project\calibration\moire\datasets\test\0492_moire.jpg,C:\Users\USER\Desktop\project\calibration\moire\datasets\test\augmented_9x\0492_moire_blackbox_2.jpg,rectified_patch_gpu\008866_0492_moire_blackbox_2_to_orig.png,rectified_patch_gpu\008866_0492_moire_blackbox_2_absdiff.png,126.35634910300926,139.52120172696624,296.54322888628485,309.4677441005077,-0.00028223877241945444,-0.22388944523978888,0.22265412612284777,2.2410009150380787,0.9589453051923933,-4.881263228231017,-6.895974331597946,0.0,blackbox,,True,7,303.00548649339623,torch_cuda,cuda,OK,
8867,C:\Users\USER\Desktop\project\calibration\moire\datasets\test\0492_moire.jpg,C:\Users\USER\Desktop\project\calibration\moire\datasets\test\augmented_9x\0492_moire_blackbox_3.jpg,rectified_patch_gpu\008867_0492_moire_blackbox_3_to_orig.png,rectified_patch_gpu\008867_0492_moire_blackbox_3_absdiff.png,75.81627170138889,92.25738439499081,302.2453903094827,306.10003978646233,0.07102369957661167,0.127014978781996,0.29728670070884716,2.027838436030508,4.963504228689338,0.773241318883896,-6.731017903794705,-2.0036108112043345,blackbox,,True,17,304.1727150479725,torch_cuda,cuda,OK,
8868,C:\Users\USER\Desktop\project\calibration\moire\datasets\test\0492_moire.jpg,C:\Users\USER\Desktop\project\calibration\moire\datasets\test\augmented_9x\0492_moire_rotation_1.jpg,rectified_patch_gpu\008868_0492_moire_rotation_1_to_orig.png,rectified_patch_gpu\008868_0492_moire_rotation_1_absdiff.png,98.95563175154321,115.19212271572324,308.62625655063243,287.77006063294783,-0.6660909350081147,-3.8217749701192774,-5.00492708546653,1.1141817948305734,-0.3369478156338435,-0.4494755407828913,0.02773826262453316,1.126197853513375,rotation,,True,10,298.19815859179016,torch_cuda,cuda,OK,
8869,C:\Users\USER\Desktop\project\calibration\moire\datasets\test\0492_moire.jpg,C:\Users\USER\Desktop\project\calibration\moire\datasets\test\augmented_9x\0492_moire_rotation_2.jpg,rectified_patch_gpu\008869_0492_moire_rotation_2_to_orig.png,rectified_patch_gpu\008869_0492_moire_rotation_2_absdiff.png,121.41867488908179,135.55568320012986,305.18583907429314,280.0364639087873,4.625232111951289,-3.8166699497074195,-8.431790708500028,3.085633180725196,-0.00681086754798702,0.2701873648188794,0.16447743057242656,-2.9670988887172567,rotation,,True,13,292.6111514915402,torch_cuda,cuda,OK,
8870,C:\Users\USER\Desktop\project\calibration\moire\datasets\test\0492_moire.jpg,C:\Users\USER\Desktop\project\calibration\moire\datasets\test\augmented_9x\0492_moire_rotation_3.jpg,rectified_patch_gpu\008870_0492_moire_rotation_3_to_orig.png,rectified_patch_gpu\008870_0492_moire_rotation_3_absdiff.png,111.74346739969135,128.62196484229267,305.18583907429314,285.93799633521684,4.625232111951289,-3.8166699497074195,-8.431790708500028,3.085633180725196,-0.11108810315688948,0.2627513259264141,0.13349304066539042,-2.9047848904404328,rotation,,True,13,295.561917704755,torch_cuda,cuda,OK,
8871,C:\Users\USER\Desktop\project\calibration\moire\datasets\test\0492_moire.jpg,C:\Users\USER\Desktop\project\calibration\moire\datasets\test\augmented_9x\0492_moire_translation_1.jpg,rectified_patch_gpu\008871_0492_moire_translation_1_to_orig.png,rectified_patch_gpu\008871_0492_moire_translation_1_absdiff.png,83.8309132667824,100.33938848038814,296.54322888628485,299.4169740022262,-0.00028223877241945444,-0.22388944523978888,0.22265412612284777,2.2410009150380787,-0.0011579706173227124,-1.674516824124796,-0.3929373082922225,-2.6266922421392884,translation,,True,7,297.9801014442555,torch_cuda,cuda,OK,
8872,C:\Users\USER\Desktop\project\calibration\moire\datasets\test\0492_moire.jpg,C:\Users\USER\Desktop\project\calibration\moire\datasets\test\augmented_9x\0492_moire_translation_2.jpg,rectified_patch_gpu\008872_0492_moire_translation_2_to_orig.png,rectified_patch_gpu\008872_0492_moire_translation_2_absdiff.png,64.27832043306327,82.79144653834857,302.2453903094827,283.2773226884792,0.07102369957661167,0.127014978781996,0.29728670070884716,2.027838436030508,-0.0002827559567847947,-0.31698988743565637,0.004412073576265638,2.1711233272211596,translation,,True,17,292.76135649898094,torch_cuda,cuda,OK,
8873,C:\Users\USER\Desktop\project\calibration\moire\datasets\test\0492_moire.jpg,C:\Users\USER\Desktop\project\calibration\moire\datasets\test\augmented_9x\0492_moire_translation_3.jpg,rectified_patch_gpu\008873_0492_moire_translation_3_to_orig.png,rectified_patch_gpu\008873_0492_moire_translation_3_absdiff.png,74.96877905574846,91.10996790719211,300.5946567376879,281.1197926876165,0.09452865545628182,0.17156296576939914,0.240253266931282,1.7894862873297115,0.055787519836555735,-0.26656006877078603,0.16918469670291106,-2.906828974793557,translation,,True,18,290.85722471265217,torch_cuda,cuda,OK,
8874,C:\Users\USER\Desktop\project\calibration\moire\datasets\test\0493_gt.jpg,C:\Users\USER\Desktop\project\calibration\moire\datasets\test\augmented_9x\0493_gt_blackbox_1.jpg,rectified_patch_gpu\008874_0493_gt_blackbox_1_to_orig.png,rectified_patch_gpu\008874_0493_gt_blackbox_1_absdiff.png,146.15391999421297,156.3720336682107,305.04890878667385,281.07621032977363,-3.2468522510474545,3.4916633895717935,-6.355060383986094,140.6557116087396,0.026891253306256035,-0.2674580599496514,0.1550820626228263,3.0270834372838182,blackbox,,True,12,293.0625595582237,torch_cuda,cuda,OK,
8875,C:\Users\USER\Desktop\project\calibration\moire\datasets\test\0493_gt.jpg,C:\Users\USER\Desktop\project\calibration\moire\datasets\test\augmented_9x\0493_gt_blackbox_2.jpg,rectified_patch_gpu\008875_0493_gt_blackbox_2_to_orig.png,rectified_patch_gpu\008875_0493_gt_blackbox_2_absdiff.png,115.33898787133488,134.62649987262643,290.37596591274877,302.6425169650591,-0.3052655479345614,-0.053379818192444334,0.033110548613305216,0.17395161000461032,-0.31290798778022566,-0.04020031226402056,0.10754117589787138,-0.160455199400516,blackbox,,True,10,296.5092414389039,torch_cuda,cuda,OK,
8876,C:\Users\USER\Desktop\project\calibration\moire\datasets\test\0493_gt.jpg,C:\Users\USER\Desktop\project\calibration\moire\datasets\test\augmented_9x\0493_gt_blackbox_3.jpg,rectified_patch_gpu\008876_0493_gt_blackbox_3_to_orig.png,rectified_patch_gpu\008876_0493_gt_blackbox_3_absdiff.png,146.26889033564814,156.4318552481288,305.04890878667385,281.07621032977363,-3.2468522510474545,3.4916633895717935,-6.355060383986094,140.6557116087396,0.026891253306256035,-0.2674580599496514,0.1550820626228263,3.0270834372838182,blackbox,,True,12,293.0625595582237,torch_cuda,cuda,OK,
8877,C:\Users\USER\Desktop\project\calibration\moire\datasets\test\0493_gt.jpg,C:\Users\USER\Desktop\project\calibration\moire\datasets\test\augmented_9x\0493_gt_rotation_1.jpg,rectified_patch_gpu\008877_0493_gt_rotation_1_to_orig.png,rectified_patch_gpu\008877_0493_gt_rotation_1_absdiff.png,99.72696674864969,111.7198035924376,290.37596591274877,307.6957504685268,-0.3052655479345614,-0.053379818192444334,0.033110548613305216,0.17395161000461032,4.45197762478378,-0.07620319399470929,-5.895069207560665,1.3769207688491587,rotation,,True,10,299.0358581906378,torch_cuda,cuda,OK,
8878,C:\Users\USER\Desktop\project\calibration\moire\datasets\test\0493_gt.jpg,C:\Users\USER\Desktop\project\calibration\moire\datasets\test\augmented_9x\0493_gt_rotation_2.jpg,rectified_patch_gpu\008878_0493_gt_rotation_2_to_orig.png,rectified_patch_gpu\008878_0493_gt_rotation_2_absdiff.png,101.04198121624228,113.02015739951912,290.37596591274877,308.51693122439696,-0.3052655479345614,-0.053379818192444334,0.033110548613305216,0.17395161000461032,4.09104512574198,-3.43611224002347,-7.375388126088097,0.8184710552560673,rotation,,True,10,299.44644856857286,torch_cuda,cuda,OK,
8879,C:\Users\USER\Desktop\project\calibration\moire\datasets\test\0493_gt.jpg,C:\Users\USER\Desktop\project\calibration\moire\datasets\test\augmented_9x\0493_gt_rotation_3.jpg,rectified_patch_gpu\008879_0493_gt_rotation_3_to_orig.png,rectified_patch_gpu\008879_0493_gt_rotation_3_absdiff.png,88.29333465952932,108.53435567377284,297.070935980828,270.8387470454519,0.06939934270012411,0.11279089796399806,0.27809836986581765,2.414657921978811,-0.00027591371567605425,-0.30344941621029503,0.05647592965692386,2.8742599199457826,rotation,,True,11,283.95484151313997,torch_cuda,cuda,OK,
8880,C:\Users\USER\Desktop\project\calibration\moire\datasets\test\0493_gt.jpg,C:\Users\USER\Desktop\project\calibration\moire\datasets\test\augmented_9x\0493_gt_translation_1.jpg,rectified_patch_gpu\008880_0493_gt_translation_1_to_orig.png,rectified_patch_gpu\008880_0493_gt_translation_1_absdiff.png,96.7978294994213,108.94812699778824,290.37596591274877,306.4390267883644,-0.3052655479345614,-0.053379818192444334,0.033110548613305216,0.17395161000461032,6.329741555811964,0.8428545104469705,-9.055698837533837,2.026591729748195,translation,,True,10,298.4074963505566,torch_cuda,cuda,OK,
8881,C:\Users\USER\Desktop\project\calibration\moire\datasets\test\0493_gt.jpg,C:\Users\USER\Desktop\project\calibration\moire\datasets\test\augmented_9x\0493_gt_translation_2.jpg,rectified_patch_gpu\008881_0493_gt_translation_2_to_orig.png,rectified_patch_gpu\008881_0493_gt_translation_2_absdiff.png,140.47972173996914,152.5750744445919,305.04890878667385,282.71214804977296,-3.2468522510474545,3.4916633895717935,-6.355060383986094,140.6557116087396,0.09536480002928838,0.37551536279530073,0.1323842958098779,2.4667839705420938,translation,,True,12,293.88052841822343,torch_cuda,cuda,OK,
8882,C:\Users\USER\Desktop\project\calibration\moire\datasets\test\0493_gt.jpg,C:\Users\USER\Desktop\project\calibration\moire\datasets\test\augmented_9x\0493_gt_translation_3.jpg,rectified_patch_gpu\008882_0493_gt_translation_3_to_orig.png,rectified_patch_gpu\008882_0493_gt_translation_3_absdiff.png,74.0839427806713,86.77715768755078,297.070935980828,309.5778529247936,0.06939934270012411,0.11279089796399806,0.27809836986581765,2.414657921978811,1.3042066194779292,4.6012751037515995,-6.327565511961847,0.5785965377290306,translation,,True,11,303.3243944528108,torch_cuda,cuda,OK,
8883,C:\Users\USER\Desktop\project\calibration\moire\datasets\test\0493_moire.jpg,C:\Users\USER\Desktop\project\calibration\moire\datasets\test\augmented_9x\0493_moire_blackbox_1.jpg,rectified_patch_gpu\008883_0493_moire_blackbox_1_to_orig.png,rectified_patch_gpu\008883_0493_moire_blackbox_1_absdiff.png,26.025128158757717,67.02134750609392,279.1479205014241,279.1479205014241,-0.00028130671137292334,0.273406917504719,0.15583882524516285,-3.038536308766676,-0.00028130671137292334,0.273406917504719,0.15583882524516285,-3.038536308766676,blackbox,,True,13,279.1479205014241,torch_cuda,cuda,OK,
8884,C:\Users\USER\Desktop\project\calibration\moire\datasets\test\0493_moire.jpg,C:\Users\USER\Desktop\project\calibration\moire\datasets\test\augmented_9x\0493_moire_blackbox_2.jpg,rectified_patch_gpu\008884_0493_moire_blackbox_2_to_orig.png,rectified_patch_gpu\008884_0493_moire_blackbox_2_absdiff.png,134.7291288097994,146.9603585600156,279.1479205014241,305.12474967583654,-0.00028130671137292334,0.273406917504719,0.15583882524516285,-3.038536308766676,4.130859778165368,-1.747466793865892,-5.881061366255838,2.3938137575819898,blackbox,,True,13,292.1363350886303,torch_cuda,cuda,OK,
8885,C:\Users\USER\Desktop\project\calibration\moire\datasets\test\0493_moire.jpg,C:\Users\USER\Desktop\project\calibration\moire\datasets\test\augmented_9x\0493_moire_blackbox_3.jpg,rectified_patch_gpu\008885_0493_moire_blackbox_3_to_orig.png,rectified_patch_gpu\008885_0493_moire_blackbox_3_absdiff.png,22.323532503858026,57.93691973478183,279.1479205014241,279.1479205014241,-0.00028130671137292334,0.273406917504719,0.15583882524516285,-3.038536308766676,-0.00028130671137292334,0.273406917504719,0.15583882524516285,-3.038536308766676,blackbox,,True,13,279.1479205014241,torch_cuda,cuda,OK,
8886,C:\Users\USER\Desktop\project\calibration\moire\datasets\test\0493_moire.jpg,C:\Users\USER\Desktop\project\calibration\moire\datasets\test\augmented_9x\0493_moire_rotation_1.jpg,rectified_patch_gpu\008886_0493_moire_rotation_1_to_orig.png,rectified_patch_gpu\008886_0493_moire_rotation_1_absdiff.png,137.3044038146219,148.61871084175,305.7316614262111,269.57268718753534,4.403331532279294,3.982185397206244,-8.313736151584983,59.04143557798965,0.30526502115913157,-0.07718772288403744,-0.3251873107827555,2.849326674585981,rotation,,True,15,287.65217430687323,torch_cuda,cuda,OK,
8887,C:\Users\USER\Desktop\project\calibration\moire\datasets\test\0493_moire.jpg,C:\Users\USER\Desktop\project\calibration\moire\datasets\test\augmented_9x\0493_moire_rotation_2.jpg,rectified_patch_gpu\008887_0493_moire_rotation_2_to_orig.png,rectified_patch_gpu\008887_0493_moire_rotation_2_absdiff.png,93.2231861255787,109.37762671614398,279.1479205014241,303.51486313218606,-0.00028130671137292334,0.273406917504719,0.15583882524516285,-3.038536308766676,-0.03754924480362666,-3.053087591480947,-3.1014365312772623,167.1351688329047,rotation,,True,13,291.3313918168051,torch_cuda,cuda,OK,
8888,C:\Users\USER\Desktop\project\calibration\moire\datasets\test\0493_moire.jpg,C:\Users\USER\Desktop\project\calibration\moire\datasets\test\augmented_9x\0493_moire_rotation_3.jpg,rectified_patch_gpu\008888_0493_moire_rotation_3_to_orig.png,rectified_patch_gpu\008888_0493_moire_rotation_3_absdiff.png,93.29721739969136,108.0323050981985,279.1479205014241,304.54055857310624,-0.00028130671137292334,0.273406917504719,0.15583882524516285,-3.038536308766676,4.194611613878008,0.6384442514893469,-5.373431150468576,-235.88469124323825,rotation,,True,13,291.84423953726514,torch_cuda,cuda,OK,
8889,C:\Users\USER\Desktop\project\calibration\moire\datasets\test\0493_moire.jpg,C:\Users\USER\Desktop\project\calibration\moire\datasets\test\augmented_9x\0493_moire_translation_1.jpg,rectified_patch_gpu\008889_0493_moire_translation_1_to_orig.png,rectified_patch_gpu\008889_0493_moire_translation_1_absdiff.png,98.61890383873457,113.30166544751644,279.1479205014241,308.61223195135835,-0.00028130671137292334,0.273406917504719,0.15583882524516285,-3.038536308766676,-0.17298545445816438,-5.2682406136282305,-7.341224237152403,0.8949068942523559,translation,,True,13,293.8800762263912,torch_cuda,cuda,OK,
8890,C:\Users\USER\Desktop\project\calibration\moire\datasets\test\0493_moire.jpg,C:\Users\USER\Desktop\project\calibration\moire\datasets\test\augmented_9x\0493_moire_translation_2.jpg,rectified_patch_gpu\008890_0493_moire_translation_2_to_orig.png,rectified_patch_gpu\008890_0493_moire_translation_2_absdiff.png,92.13967580536266,108.37084322184815,279.1479205014241,305.43795222022214,-0.00028130671137292334,0.273406917504719,0.15583882524516285,-3.038536308766676,1.6620665292427081,-0.025010176354574927,-0.6500515318975286,1.8277247559645975,translation,,True,13,292.2929363608231,torch_cuda,cuda,OK,
8891,C:\Users\USER\Desktop\project\calibration\moire\datasets\test\0493_moire.jpg,C:\Users\USER\Desktop\project\calibration\moire\datasets\test\augmented_9x\0493_moire_translation_3.jpg,rectified_patch_gpu\008891_0493_moire_translation_3_to_orig.png,rectified_patch_gpu\008891_0493_moire_translation_3_absdiff.png,71.88517771026234,87.08911123370399,279.1479205014241,309.51687216064704,-0.00028130671137292334,0.273406917504719,0.15583882524516285,-3.038536308766676,3.7763529719075666,-2.7626076357516016,-6.1597364941454025,-0.6376602214144327,translation,,True,13,294.33239633103557,torch_cuda,cuda,OK,
8892,C:\Users\USER\Desktop\project\calibration\moire\datasets\test\0494_gt.jpg,C:\Users\USER\Desktop\project\calibration\moire\datasets\test\augmented_9x\0494_gt_blackbox_1.jpg,rectified_patch_gpu\008892_0494_gt_blackbox_1_to_orig.png,rectified_patch_gpu\008892_0494_gt_blackbox_1_absdiff.png,83.11689959490741,107.52496518381072,311.51537278929794,291.4713000406055,-0.2150897352100561,-1.6874541631741975,-0.5723537631673299,1.3722702096193449,0.20275212710360602,0.24740671031700312,0.15561741230486403,1.3348626350660928,blackbox,,True,22,301.4933364149517,torch_cuda,cuda,OK,
8893,C:\Users\USER\Desktop\project\calibration\moire\datasets\test\0494_gt.jpg,C:\Users\USER\Desktop\project\calibration\moire\datasets\test\augmented_9x\0494_gt_blackbox_2.jpg,rectified_patch_gpu\008893_0494_gt_blackbox_2_to_orig.png,rectified_patch_gpu\008893_0494_gt_blackbox_2_absdiff.png,170.68212094907406,180.2565574043522,288.6217375370233,314.22516362142477,-0.37967062711525823,-0.42504803253546364,0.028994660135332362,1.353851574961755,0.15456361975146332,1.789082102481038,-0.5883339309016429,-0.4759298366517029,blackbox,,True,10,301.42345057922404,torch_cuda,cuda,OK,
8894,C:\Users\USER\Desktop\project\calibration\moire\datasets\test\0494_gt.jpg,C:\Users\USER\Desktop\project\calibration\moire\datasets\test\augmented_9x\0494_gt_blackbox_3.jpg,rectified_patch_gpu\008894_0494_gt_blackbox_3_to_orig.png,rectified_patch_gpu\008894_0494_gt_blackbox_3_absdiff.png,46.76116970486111,58.45756878773296,288.6217375370233,314.22516362142477,-0.37967062711525823,-0.42504803253546364,0.028994660135332362,1.353851574961755,0.15456361975146332,1.789082102481038,-0.5883339309016429,-0.4759298366517029,blackbox,,True,10,301.42345057922404,torch_cuda,cuda,OK,
8895,C:\Users\USER\Desktop\project\calibration\moire\datasets\test\0494_gt.jpg,C:\Users\USER\Desktop\project\calibration\moire\datasets\test\augmented_9x\0494_gt_rotation_1.jpg,rectified_patch_gpu\008895_0494_gt_rotation_1_to_orig.png,rectified_patch_gpu\008895_0494_gt_rotation_1_absdiff.png,56.704742476851855,67.80782165299561,288.6217375370233,309.17843659970055,-0.37967062711525823,-0.42504803253546364,0.028994660135332362,1.353851574961755,4.224353179038512,-1.8468367035479654,-6.07367667322127,0.609522482859757,rotation,,True,10,298.9000870683619,torch_cuda,cuda,OK,
8896,C:\Users\USER\Desktop\project\calibration\moire\datasets\test\0494_gt.jpg,C:\Users\USER\Desktop\project\calibration\moire\datasets\test\augmented_9x\0494_gt_rotation_2.jpg,rectified_patch_gpu\008896_0494_gt_rotation_2_to_orig.png,rectified_patch_gpu\008896_0494_gt_rotation_2_absdiff.png,144.66386682581017,159.29916459537426,305.35252088445975,302.5133343959489,3.931469199749385,-4.463108497662665,-8.436724132124105,2.719001876982285,-0.18630649227891724,-0.2230111354577656,0.09206694257146703,0.4175087411555734,rotation,,True,5,303.9329276402043,torch_cuda,cuda,OK,
8897,C:\Users\USER\Desktop\project\calibration\moire\datasets\test\0494_gt.jpg,C:\Users\USER\Desktop\project\calibration\moire\datasets\test\augmented_9x\0494_gt_rotation_3.jpg,rectified_patch_gpu\008897_0494_gt_rotation_3_to_orig.png,rectified_patch_gpu\008897_0494_gt_rotation_3_absdiff.png,56.13170862268519,67.97583270178285,288.6217375370233,305.34468699858337,-0.37967062711525823,-0.42504803253546364,0.028994660135332362,1.353851574961755,3.621918536675741,-5.085907845247084,-8.869714466297047,2.93286174072777,rotation,,True,10,296.9832122678033,torch_cuda,cuda,OK,
8898,C:\Users\USER\Desktop\project\calibration\moire\datasets\test\0494_gt.jpg,C:\Users\USER\Desktop\project\calibration\moire\datasets\test\augmented_9x\0494_gt_translation_1.jpg,rectified_patch_gpu\008898_0494_gt_translation_1_to_orig.png,rectified_patch_gpu\008898_0494_gt_translation_1_absdiff.png,55.135909167631176,68.06065104843732,288.6217375370233,302.3022964381898,-0.37967062711525823,-0.42504803253546364,0.028994660135332362,1.353851574961755,2.2110148978264017,-1.390954487320393,-2.441219394130329,2.8494152576478666,translation,,True,10,295.46201698760655,torch_cuda,cuda,OK,
8899,C:\Users\USER\Desktop\project\calibration\moire\datasets\test\0494_gt.jpg,C:\Users\USER\Desktop\project\calibration\moire\datasets\test\augmented_9x\0494_gt_translation_2.jpg,rectified_patch_gpu\008899_0494_gt_translation_2_to_orig.png,rectified_patch_gpu\008899_0494_gt_translation_2_absdiff.png,57.569662181712964,70.01790064398016,288.6217375370233,305.81408789858386,-0.37967062711525823,-0.42504803253546364,0.028994660135332362,1.353851574961755,2.8864178309057076,-4.773225259430104,-7.8194906756043565,2.1783788860146065,translation,,True,10,297.2179127178036,torch_cuda,cuda,OK,
8900,C:\Users\USER\Desktop\project\calibration\moire\datasets\test\0494_gt.jpg,C:\Users\USER\Desktop\project\calibration\moire\datasets\test\augmented_9x\0494_gt_translation_3.jpg,rectified_patch_gpu\008900_0494_gt_translation_3_to_orig.png,rectified_patch_gpu\008900_0494_gt_translation_3_absdiff.png,49.26999782986111,58.70546697964859,288.6217375370233,309.68349775514395,-0.37967062711525823,-0.42504803253546364,0.028994660135332362,1.353851574961755,0.8130959175503948,4.4301103453144,-5.901471780143368,-0.40995990575220254,translation,,True,10,299.1526176460836,torch_cuda,cuda,OK,
8901,C:\Users\USER\Desktop\project\calibration\moire\datasets\test\0494_moire.jpg,C:\Users\USER\Desktop\project\calibration\moire\datasets\test\augmented_9x\0494_moire_blackbox_1.jpg,rectified_patch_gpu\008901_0494_moire_blackbox_1_to_orig.png,rectified_patch_gpu\008901_0494_moire_blackbox_1_absdiff.png,101.30537603684414,122.22672191498054,305.5319370796588,305.9344410376229,1.1264108922625535,-0.840269394619046,-1.9520018188446757,3.1247896325476194,1.0588359459677577,-0.5906028000836254,-1.7182132905009917,2.1942530577385373,blackbox,,True,7,305.73318905864085,torch_cuda,cuda,OK,
8902,C:\Users\USER\Desktop\project\calibration\moire\datasets\test\0494_moire.jpg,C:\Users\USER\Desktop\project\calibration\moire\datasets\test\augmented_9x\0494_moire_blackbox_2.jpg,rectified_patch_gpu\008902_0494_moire_blackbox_2_to_orig.png,rectified_patch_gpu\008902_0494_moire_blackbox_2_absdiff.png,75.64188343942901,99.02917295724171,306.2538193441413,306.09752018345733,0.6081443608518269,1.3483392830699206,-2.091249179288213,2.2251457648504975,-0.02239464716092565,1.428434003592752,-2.0135906185777177,2.2244293322365003,blackbox,,True,1,306.1756697637993,torch_cuda,cuda,OK,
8903,C:\Users\USER\Desktop\project\calibration\moire\datasets\test\0494_moire.jpg,C:\Users\USER\Desktop\project\calibration\moire\datasets\test\augmented_9x\0494_moire_blackbox_3.jpg,rectified_patch_gpu\008903_0494_moire_blackbox_3_to_orig.png,rectified_patch_gpu\008903_0494_moire_blackbox_3_absdiff.png,71.50358205536266,86.73659833076951,299.7644867639571,309.1353978669729,-0.12431009577205585,-0.21627795774591294,0.1915406180043015,1.400577667830268,-2.113058422833903,5.969727809383826,-8.917657556806775,132.23039952918688,blackbox,,True,19,304.449942315465,torch_cuda,cuda,OK,
8904,C:\Users\USER\Desktop\project\calibration\moire\datasets\test\0494_moire.jpg,C:\Users\USER\Desktop\project\calibration\moire\datasets\test\augmented_9x\0494_moire_rotation_1.jpg,rectified_patch_gpu\008904_0494_moire_rotation_1_to_orig.png,rectified_patch_gpu\008904_0494_moire_rotation_1_absdiff.png,80.87389973958334,95.02096316156972,305.5319370796588,307.3278606433854,1.1264108922625535,-0.840269394619046,-1.9520018188446757,3.1247896325476194,-3.2800936393062976,4.9109231137706715,-7.775510546302904,1.3574882360903224,rotation,,True,7,306.42989886152213,torch_cuda,cuda,OK,
8905,C:\Users\USER\Desktop\project\calibration\moire\datasets\test\0494_moire.jpg,C:\Users\USER\Desktop\project\calibration\moire\datasets\test\augmented_9x\0494_moire_rotation_2.jpg,rectified_patch_gpu\008905_0494_moire_rotation_2_to_orig.png,rectified_patch_gpu\008905_0494_moire_rotation_2_absdiff.png,119.59451376832561,137.1122076955807,308.23733414554073,297.1134973929206,5.700539140742631,1.9309494470053603,-8.51152420810874,319.506545528367,-0.3134380769893929,-0.03664241107977403,0.05368852719039338,-0.35803100874097565,rotation,,True,21,302.67541576923065,torch_cuda,cuda,OK,
8906,C:\Users\USER\Desktop\project\calibration\moire\datasets\test\0494_moire.jpg,C:\Users\USER\Desktop\project\calibration\moire\datasets\test\augmented_9x\0494_moire_rotation_3.jpg,rectified_patch_gpu\008906_0494_moire_rotation_3_to_orig.png,rectified_patch_gpu\008906_0494_moire_rotation_3_absdiff.png,115.5405795476466,133.90741411765114,307.60890383960714,281.58952398197454,0.34591287627147516,6.74501062826856,-8.586927153363824,1.3175479788103506,-0.2650557418545657,0.395369045607921,-0.040608880238571066,2.5160359917119854,rotation,,True,16,294.5992139107908,torch_cuda,cuda,OK,
8907,C:\Users\USER\Desktop\project\calibration\moire\datasets\test\0494_moire.jpg,C:\Users\USER\Desktop\project\calibration\moire\datasets\test\augmented_9x\0494_moire_translation_1.jpg,rectified_patch_gpu\008907_0494_moire_translation_1_to_orig.png,rectified_patch_gpu\008907_0494_moire_translation_1_absdiff.png,67.52802155671296,81.15029959806263,305.5319370796588,306.1567019088556,1.1264108922625535,-0.840269394619046,-1.9520018188446757,3.1247896325476194,5.834590614539792,-0.20922009314758583,-7.41419757231759,2.432555657718785,translation,,True,7,305.8443194942572,torch_cuda,cuda,OK,
8908,C:\Users\USER\Desktop\project\calibration\moire\datasets\test\0494_moire.jpg,C:\Users\USER\Desktop\project\calibration\moire\datasets\test\augmented_9x\0494_moire_translation_2.jpg,rectified_patch_gpu\008908_0494_moire_translation_2_to_orig.png,rectified_patch_gpu\008908_0494_moire_translation_2_absdiff.png,77.43781020929784,98.46338044497855,306.2538193441413,305.93893884423284,0.6081443608518269,1.3483392830699206,-2.091249179288213,2.2251457648504975,-0.6913822201840119,1.191411515430417,-1.948149720083177,2.2276288454662274,translation,,True,1,306.09637909418706,torch_cuda,cuda,OK,
8909,C:\Users\USER\Desktop\project\calibration\moire\datasets\test\0494_moire.jpg,C:\Users\USER\Desktop\project\calibration\moire\datasets\test\augmented_9x\0494_moire_translation_3.jpg,rectified_patch_gpu\008909_0494_moire_translation_3_to_orig.png,rectified_patch_gpu\008909_0494_moire_translation_3_absdiff.png,67.27681954089506,92.16424595155682,299.7644867639571,303.5741447581849,-0.12431009577205585,-0.21627795774591294,0.1915406180043015,1.400577667830268,-0.10679054482384127,-0.23066197699790575,0.1906237174158671,1.2986102767794732,translation,,True,19,301.669315761071,torch_cuda,cuda,OK,
8910,C:\Users\USER\Desktop\project\calibration\moire\datasets\test\0495_gt.jpg,C:\Users\USER\Desktop\project\calibration\moire\datasets\test\augmented_9x\0495_gt_blackbox_1.jpg,rectified_patch_gpu\008910_0495_gt_blackbox_1_to_orig.png,rectified_patch_gpu\008910_0495_gt_blackbox_1_absdiff.png,17.546504991319445,47.997624373811604,294.15203109237734,294.15203109237734,-0.00042049411434890566,0.5834538179641229,-0.006641453869385416,2.121410300466034,-0.00042049411434890566,0.5834538179641229,-0.006641453869385416,2.121410300466034,blackbox,,True,3,294.15203109237734,torch_cuda,cuda,OK,
8911,C:\Users\USER\Desktop\project\calibration\moire\datasets\test\0495_gt.jpg,C:\Users\USER\Desktop\project\calibration\moire\datasets\test\augmented_9x\0495_gt_blackbox_2.jpg,rectified_patch_gpu\008911_0495_gt_blackbox_2_to_orig.png,rectified_patch_gpu\008911_0495_gt_blackbox_2_absdiff.png,13.771895134066359,35.33731195832541,294.15203109237734,294.15203109237734,-0.00042049411434890566,0.5834538179641229,-0.006641453869385416,2.121410300466034,-0.00042049411434890566,0.5834538179641229,-0.006641453869385416,2.121410300466034,blackbox,,True,3,294.15203109237734,torch_cuda,cuda,OK,
8912,C:\Users\USER\Desktop\project\calibration\moire\datasets\test\0495_gt.jpg,C:\Users\USER\Desktop\project\calibration\moire\datasets\test\augmented_9x\0495_gt_blackbox_3.jpg,rectified_patch_gpu\008912_0495_gt_blackbox_3_to_orig.png,rectified_patch_gpu\008912_0495_gt_blackbox_3_absdiff.png,8.392632499035495,20.747056173536105,294.15203109237734,294.15203109237734,-0.00042049411434890566,0.5834538179641229,-0.006641453869385416,2.121410300466034,-0.00042049411434890566,0.5834538179641229,-0.006641453869385416,2.121410300466034,blackbox,,True,3,294.15203109237734,torch_cuda,cuda,OK,
8913,C:\Users\USER\Desktop\project\calibration\moire\datasets\test\0495_gt.jpg,C:\Users\USER\Desktop\project\calibration\moire\datasets\test\augmented_9x\0495_gt_rotation_1.jpg,rectified_patch_gpu\008913_0495_gt_rotation_1_to_orig.png,rectified_patch_gpu\008913_0495_gt_rotation_1_absdiff.png,41.48988016010802,60.374859483468235,302.9814000754879,307.09449581707713,0.1898067068432686,0.03916007728290915,0.2423876706177533,21038.93774499226,-4.212085029189189,4.562036396832504,-8.713120098280235,-1.7605807519345782,rotation,,True,24,305.03794794628254,torch_cuda,cuda,OK,
8914,C:\Users\USER\Desktop\project\calibration\moire\datasets\test\0495_gt.jpg,C:\Users\USER\Desktop\project\calibration\moire\datasets\test\augmented_9x\0495_gt_rotation_2.jpg,rectified_patch_gpu\008914_0495_gt_rotation_2_to_orig.png,rectified_patch_gpu\008914_0495_gt_rotation_2_absdiff.png,89.72531008873457,105.06192159650679,294.15203109237734,295.5516201179551,-0.00042049411434890566,0.5834538179641229,-0.006641453869385416,2.121410300466034,-0.04905358619468304,-0.10810518808358689,0.31026745077715817,110.20030397674803,rotation,,True,3,294.85182560516625,torch_cuda,cuda,OK,
8915,C:\Users\USER\Desktop\project\calibration\moire\datasets\test\0495_gt.jpg,C:\Users\USER\Desktop\project\calibration\moire\datasets\test\augmented_9x\0495_gt_rotation_3.jpg,rectified_patch_gpu\008915_0495_gt_rotation_3_to_orig.png,rectified_patch_gpu\008915_0495_gt_rotation_3_absdiff.png,40.72285083912037,57.09704444053581,294.15203109237734,309.0359187160111,-0.00042049411434890566,0.5834538179641229,-0.006641453869385416,2.121410300466034,3.461834976486939,-4.629474130299869,-8.086771634249711,49.608029069387364,rotation,,True,3,301.5939749041942,torch_cuda,cuda,OK,
8916,C:\Users\USER\Desktop\project\calibration\moire\datasets\test\0495_gt.jpg,C:\Users\USER\Desktop\project\calibration\moire\datasets\test\augmented_9x\0495_gt_translation_1.jpg,rectified_patch_gpu\008916_0495_gt_translation_1_to_orig.png,rectified_patch_gpu\008916_0495_gt_translation_1_absdiff.png,42.38358856577932,56.904894487748976,294.15203109237734,305.1950616999771,-0.00042049411434890566,0.5834538179641229,-0.006641453869385416,2.121410300466034,1.6717997618545535,0.11052189389311659,-0.6047562859849271,-1.8212885981555786,translation,,True,3,299.67354639617724,torch_cuda,cuda,OK,
8917,C:\Users\USER\Desktop\project\calibration\moire\datasets\test\0495_gt.jpg,C:\Users\USER\Desktop\project\calibration\moire\datasets\test\augmented_9x\0495_gt_translation_2.jpg,rectified_patch_gpu\008917_0495_gt_translation_2_to_orig.png,rectified_patch_gpu\008917_0495_gt_translation_2_absdiff.png,40.52708719135803,59.357571260239006,294.15203109237734,307.8273084216112,-0.00042049411434890566,0.5834538179641229,-0.006641453869385416,2.121410300466034,-1.2094972259333654,-4.940507687132281,-6.8624320762670115,-1.2587100040195458,translation,,True,3,300.98966975699426,torch_cuda,cuda,OK,
8918,C:\Users\USER\Desktop\project\calibration\moire\datasets\test\0495_gt.jpg,C:\Users\USER\Desktop\project\calibration\moire\datasets\test\augmented_9x\0495_gt_translation_3.jpg,rectified_patch_gpu\008918_0495_gt_translation_3_to_orig.png,rectified_patch_gpu\008918_0495_gt_translation_3_absdiff.png,89.71284589602624,105.08873209463104,294.15203109237734,299.41144072238063,-0.00042049411434890566,0.5834538179641229,-0.006641453869385416,2.121410300466034,0.24074903090603395,0.11522659862801864,0.16663359520981583,1.4701941877575735,translation,,True,3,296.781735907379,torch_cuda,cuda,OK,
8919,C:\Users\USER\Desktop\project\calibration\moire\datasets\test\0495_moire.jpg,C:\Users\USER\Desktop\project\calibration\moire\datasets\test\augmented_9x\0495_moire_blackbox_1.jpg,rectified_patch_gpu\008919_0495_moire_blackbox_1_to_orig.png,rectified_patch_gpu\008919_0495_moire_blackbox_1_absdiff.png,56.14524968653549,69.50631277656576,304.361243556218,304.87267570650977,-3.4798501068034344,1.6651684908403075,-4.575031657421615,2.53101465461168,-3.4311198908630676,-3.712556601482102,-6.899266432861424,3.1021947069116385,blackbox,,True,17,304.6169596313639,torch_cuda,cuda,OK,
8920,C:\Users\USER\Desktop\project\calibration\moire\datasets\test\0495_moire.jpg,C:\Users\USER\Desktop\project\calibration\moire\datasets\test\augmented_9x\0495_moire_blackbox_2.jpg,rectified_patch_gpu\008920_0495_moire_blackbox_2_to_orig.png,rectified_patch_gpu\008920_0495_moire_blackbox_2_absdiff.png,76.15368369020062,92.45068328671955,304.361243556218,304.97168475118644,-3.4798501068034344,1.6651684908403075,-4.575031657421615,2.53101465461168,2.3865695427610008,4.114696514434087,-6.48088706885357,2.875629298763349,blackbox,,True,17,304.66646415370224,torch_cuda,cuda,OK,
8921,C:\Users\USER\Desktop\project\calibration\moire\datasets\test\0495_moire.jpg,C:\Users\USER\Desktop\project\calibration\moire\datasets\test\augmented_9x\0495_moire_blackbox_3.jpg,rectified_patch_gpu\008921_0495_moire_blackbox_3_to_orig.png,rectified_patch_gpu\008921_0495_moire_blackbox_3_absdiff.png,54.03874770929784,65.51033906106456,304.361243556218,304.87267570650977,-3.4798501068034344,1.6651684908403075,-4.575031657421615,2.53101465461168,-3.4311198908630676,-3.712556601482102,-6.899266432861424,3.1021947069116385,blackbox,,True,17,304.6169596313639,torch_cuda,cuda,OK,
8922,C:\Users\USER\Desktop\project\calibration\moire\datasets\test\0495_moire.jpg,C:\Users\USER\Desktop\project\calibration\moire\datasets\test\augmented_9x\0495_moire_rotation_1.jpg,rectified_patch_gpu\008922_0495_moire_rotation_1_to_orig.png,rectified_patch_gpu\008922_0495_moire_rotation_1_absdiff.png,69.23457658179012,92.43836633638345,305.4113523808031,305.2449303517937,2.831156254388813,-4.558899112665464,-7.495331597354131,2.4446164068482665,4.712203526373289,3.4791511889298254,-8.272672677444742,-3.1125835411300486,rotation,,True,10,305.3281413662984,torch_cuda,cuda,OK,
8923,C:\Users\USER\Desktop\project\calibration\moire\datasets\test\0495_moire.jpg,C:\Users\USER\Desktop\project\calibration\moire\datasets\test\augmented_9x\0495_moire_rotation_2.jpg,rectified_patch_gpu\008923_0495_moire_rotation_2_to_orig.png,rectified_patch_gpu\008923_0495_moire_rotation_2_absdiff.png,110.35637574749228,124.52143737334438,305.78422148804117,293.7534525583136,6.56676408976233,-0.843953086882113,-8.601682529684055,2.9183223430553937,-0.057532304235364214,0.19391661687427514,0.23617014630564445,2.769490189572207,rotation,,True,11,299.7688370231774,torch_cuda,cuda,OK,
8924,C:\Users\USER\Desktop\project\calibration\moire\datasets\test\0495_moire.jpg,C:\Users\USER\Desktop\project\calibration\moire\datasets\test\augmented_9x\0495_moire_rotation_3.jpg,rectified_patch_gpu\008924_0495_moire_rotation_3_to_orig.png,rectified_patch_gpu\008924_0495_moire_rotation_3_absdiff.png,77.23009548611111,97.78246765973007,306.26290744861734,303.9262699031426,-0.0016843968786225969,-4.57953685610136,-6.036092733014673,1.928505290592263,-3.0335336165216704,3.0335336173492653,-5.065968551069602,3.141592653589793,rotation,,True,0,305.09458867588,torch_cuda,cuda,OK,
8925,C:\Users\USER\Desktop\project\calibration\moire\datasets\test\0495_moire.jpg,C:\Users\USER\Desktop\project\calibration\moire\datasets\test\augmented_9x\0495_moire_translation_1.jpg,rectified_patch_gpu\008925_0495_moire_translation_1_to_orig.png,rectified_patch_gpu\008925_0495_moire_translation_1_absdiff.png,103.44252278645833,120.26783910886122,305.4113523808031,301.22759116242287,2.831156254388813,-4.558899112665464,-7.495331597354131,2.4446164068482665,1.7018497486001019,0.05970068228989308,-0.2645481835180672,-2.7944203761560025,translation,,True,10,303.319471771613,torch_cuda,cuda,OK,
8926,C:\Users\USER\Desktop\project\calibration\moire\datasets\test\0495_moire.jpg,C:\Users\USER\Desktop\project\calibration\moire\datasets\test\augmented_9x\0495_moire_translation_2.jpg,rectified_patch_gpu\008926_0495_moire_translation_2_to_orig.png,rectified_patch_gpu\008926_0495_moire_translation_2_absdiff.png,58.579255160108026,70.77416472454875,304.361243556218,304.8550596972741,-3.4798501068034344,1.6651684908403075,-4.575031657421615,2.53101465461168,0.18074875391667042,-5.118488556091887,-7.040063080193485,-3.058642105973755,translation,,True,17,304.60815162674606,torch_cuda,cuda,OK,
8927,C:\Users\USER\Desktop\project\calibration\moire\datasets\test\0495_moire.jpg,C:\Users\USER\Desktop\project\calibration\moire\datasets\test\augmented_9x\0495_moire_translation_3.jpg,rectified_patch_gpu\008927_0495_moire_translation_3_to_orig.png,rectified_patch_gpu\008927_0495_moire_translation_3_absdiff.png,86.22134994695216,101.15208338518103,309.5402328728474,295.47354141586686,-1.6288373445775854,0.339864467550713,-0.3635278884286497,0.9701067126706219,0.2871026417505053,0.10284112725784171,0.03237055819495446,1.5179067285271381,translation,,True,22,302.50688714435717,torch_cuda,cuda,OK,
8928,C:\Users\USER\Desktop\project\calibration\moire\datasets\test\0496_gt.jpg,C:\Users\USER\Desktop\project\calibration\moire\datasets\test\augmented_9x\0496_gt_blackbox_1.jpg,rectified_patch_gpu\008928_0496_gt_blackbox_1_to_orig.png,rectified_patch_gpu\008928_0496_gt_blackbox_1_absdiff.png,80.8456428433642,95.36822999075854,282.02851928446313,307.06154914143536,-0.0002769585850424851,0.28357396955494385,0.12483222919575766,2.5752410996960062,7.3074773860077755,0.5014054901190486,-9.270504450448001,1.699049089792431,blackbox,,True,1,294.54503421294925,torch_cuda,cuda,OK,
8929,C:\Users\USER\Desktop\project\calibration\moire\datasets\test\0496_gt.jpg,C:\Users\USER\Desktop\project\calibration\moire\datasets\test\augmented_9x\0496_gt_blackbox_2.jpg,rectified_patch_gpu\008929_0496_gt_blackbox_2_to_orig.png,rectified_patch_gpu\008929_0496_gt_blackbox_2_absdiff.png,25.222395230516977,68.74706880062351,282.02851928446313,282.02851928446313,-0.0002769585850424851,0.28357396955494385,0.12483222919575766,2.5752410996960062,-0.0002769585850424851,0.28357396955494385,0.12483222919575766,2.5752410996960062,blackbox,,True,1,282.02851928446313,torch_cuda,cuda,OK,
8930,C:\Users\USER\Desktop\project\calibration\moire\datasets\test\0496_gt.jpg,C:\Users\USER\Desktop\project\calibration\moire\datasets\test\augmented_9x\0496_gt_blackbox_3.jpg,rectified_patch_gpu\008930_0496_gt_blackbox_3_to_orig.png,rectified_patch_gpu\008930_0496_gt_blackbox_3_absdiff.png,16.71706729841821,50.72456953441001,282.02851928446313,282.02851928446313,-0.0002769585850424851,0.28357396955494385,0.12483222919575766,2.5752410996960062,-0.0002769585850424851,0.28357396955494385,0.12483222919575766,2.5752410996960062,blackbox,,True,1,282.02851928446313,torch_cuda,cuda,OK,
8931,C:\Users\USER\Desktop\project\calibration\moire\datasets\test\0496_gt.jpg,C:\Users\USER\Desktop\project\calibration\moire\datasets\test\augmented_9x\0496_gt_rotation_1.jpg,rectified_patch_gpu\008931_0496_gt_rotation_1_to_orig.png,rectified_patch_gpu\008931_0496_gt_rotation_1_absdiff.png,97.84489547164353,118.8813463253309,282.02851928446313,313.13529722257493,-0.0002769585850424851,0.28357396955494385,0.12483222919575766,2.5752410996960062,0.24183392756058764,-0.26536437065022433,0.6341561469799112,1.3051152674766975,rotation,,True,1,297.58190825351903,torch_cuda,cuda,OK,
8932,C:\Users\USER\Desktop\project\calibration\moire\datasets\test\0496_gt.jpg,C:\Users\USER\Desktop\project\calibration\moire\datasets\test\augmented_9x\0496_gt_rotation_2.jpg,rectified_patch_gpu\008932_0496_gt_rotation_2_to_orig.png,rectified_patch_gpu\008932_0496_gt_rotation_2_absdiff.png,84.94542920524691,101.86118531953672,282.02851928446313,309.08440563004484,-0.0002769585850424851,0.28357396955494385,0.12483222919575766,2.5752410996960062,4.712489819773175,3.8369050844821597,-8.615997940014033,0.3579179861463815,rotation,,True,1,295.556462457254,torch_cuda,cuda,OK,
8933,C:\Users\USER\Desktop\project\calibration\moire\datasets\test\0496_gt.jpg,C:\Users\USER\Desktop\project\calibration\moire\datasets\test\augmented_9x\0496_gt_rotation_3.jpg,rectified_patch_gpu\008933_0496_gt_rotation_3_to_orig.png,rectified_patch_gpu\008933_0496_gt_rotation_3_absdiff.png,81.1701685474537,93.76198945840018,282.02851928446313,305.23214370446016,-0.0002769585850424851,0.28357396955494385,0.12483222919575766,2.5752410996960062,5.584774531142754,1.9233121525435966,-8.316236789895221,-3.031774949626265,rotation,,True,1,293.63033149446164,torch_cuda,cuda,OK,
8934,C:\Users\USER\Desktop\project\calibration\moire\datasets\test\0496_gt.jpg,C:\Users\USER\Desktop\project\calibration\moire\datasets\test\augmented_9x\0496_gt_translation_1.jpg,rectified_patch_gpu\008934_0496_gt_translation_1_to_orig.png,rectified_patch_gpu\008934_0496_gt_translation_1_absdiff.png,93.28778103298612,110.26544413246144,282.02851928446313,305.00673910517656,-0.0002769585850424851,0.28357396955494385,0.12483222919575766,2.5752410996960062,0.008358786494053416,-4.679252096435958,-6.224475660574276,-2.5474545058784366,translation,,True,1,293.51762919481985,torch_cuda,cuda,OK,
8935,C:\Users\USER\Desktop\project\calibration\moire\datasets\test\0496_gt.jpg,C:\Users\USER\Desktop\project\calibration\moire\datasets\test\augmented_9x\0496_gt_translation_2.jpg,rectified_patch_gpu\008935_0496_gt_translation_2_to_orig.png,rectified_patch_gpu\008935_0496_gt_translation_2_absdiff.png,98.29295235339507,118.04564574829168,282.02851928446313,306.77053763872914,-0.0002769585850424851,0.28357396955494385,0.12483222919575766,2.5752410996960062,4.679370660522663,0.0016623728107816288,-6.224529480520738,1.7514273762043233,translation,,True,1,294.3995284615961,torch_cuda,cuda,OK,
8936,C:\Users\USER\Desktop\project\calibration\moire\datasets\test\0496_gt.jpg,C:\Users\USER\Desktop\project\calibration\moire\datasets\test\augmented_9x\0496_gt_translation_3.jpg,rectified_patch_gpu\008936_0496_gt_translation_3_to_orig.png,rectified_patch_gpu\008936_0496_gt_translation_3_absdiff.png,91.94357277199074,112.99375588231915,306.71993874477926,279.61823178665185,7.080762749104807,0.0004796545415187872,-9.60348496353788,-1.8897779249925963,-0.08978963959188138,-0.30474450692746674,0.004731221266513487,2.2380068288611055,translation,,True,14,293.1690852657156,torch_cuda,cuda,OK,
8937,C:\Users\USER\Desktop\project\calibration\moire\datasets\test\0496_moire.jpg,C:\Users\USER\Desktop\project\calibration\moire\datasets\test\augmented_9x\0496_moire_blackbox_1.jpg,rectified_patch_gpu\008937_0496_moire_blackbox_1_to_orig.png,rectified_patch_gpu\008937_0496_moire_blackbox_1_absdiff.png,87.04763997395834,101.78089434505668,285.4619895968544,305.8907151572866,-0.00028796565579112057,-0.23333690180921993,0.22212931742029568,3.0255160952172724,-0.0013930218804579586,-5.271094678989304,-7.3324569419122945,2.20697299789575,blackbox,,True,2,295.6763523770705,torch_cuda,cuda,OK,
8938,C:\Users\USER\Desktop\project\calibration\moire\datasets\test\0496_moire.jpg,C:\Users\USER\Desktop\project\calibration\moire\datasets\test\augmented_9x\0496_moire_blackbox_2.jpg,rectified_patch_gpu\008938_0496_moire_blackbox_2_to_orig.png,rectified_patch_gpu\008938_0496_moire_blackbox_2_absdiff.png,25.909235508294753,70.64925735108773,296.04538070745025,296.04538070745025,-0.000299057302539906,-0.01022772495279484,0.33443823889617175,-2.9650103146135534,-0.000299057302539906,-0.01022772495279484,0.33443823889617175,-2.9650103146135534,blackbox,,True,1,296.04538070745025,torch_cuda,cuda,OK,
8939,C:\Users\USER\Desktop\project\calibration\moire\datasets\test\0496_moire.jpg,C:\Users\USER\Desktop\project\calibration\moire\datasets\test\augmented_9x\0496_moire_blackbox_3.jpg,rectified_patch_gpu\008939_0496_moire_blackbox_3_to_orig.png,rectified_patch_gpu\008939_0496_moire_blackbox_3_absdiff.png,16.450155285493828,51.42857932336004,296.04538070745025,296.04538070745025,-0.000299057302539906,-0.01022772495279484,0.33443823889617175,-2.9650103146135534,-0.000299057302539906,-0.01022772495279484,0.33443823889617175,-2.9650103146135534,blackbox,,True,1,296.04538070745025,torch_cuda,cuda,OK,
8940,C:\Users\USER\Desktop\project\calibration\moire\datasets\test\0496_moire.jpg,C:\Users\USER\Desktop\project\calibration\moire\datasets\test\augmented_9x\0496_moire_rotation_1.jpg,rectified_patch_gpu\008940_0496_moire_rotation_1_to_orig.png,rectified_patch_gpu\008940_0496_moire_rotation_1_absdiff.png,91.37908781828703,113.26572517501177,285.4619895968544,292.5146440521241,-0.00028796565579112057,-0.23333690180921993,0.22212931742029568,3.0255160952172724,0.4083306214171497,0.00030639012779368766,-0.016928582340603238,-2.5534357632470526,rotation,,True,2,288.98831682448923,torch_cuda,cuda,OK,
8941,C:\Users\USER\Desktop\project\calibration\moire\datasets\test\0496_moire.jpg,C:\Users\USER\Desktop\project\calibration\moire\datasets\test\augmented_9x\0496_moire_rotation_2.jpg,rectified_patch_gpu\008941_0496_moire_rotation_2_to_orig.png,rectified_patch_gpu\008941_0496_moire_rotation_2_absdiff.png,79.65225091628086,102.93610381074888,285.4619895968544,302.29138641373953,-0.00028796565579112057,-0.23333690180921993,0.22212931742029568,3.0255160952172724,-0.08391923448050928,0.00026835563060421947,0.2882747939380007,2.3821489675045187,rotation,,True,2,293.87668800529696,torch_cuda,cuda,OK,
8942,C:\Users\USER\Desktop\project\calibration\moire\datasets\test\0496_moire.jpg,C:\Users\USER\Desktop\project\calibration\moire\datasets\test\augmented_9x\0496_moire_rotation_3.jpg,rectified_patch_gpu\008942_0496_moire_rotation_3_to_orig.png,rectified_patch_gpu\008942_0496_moire_rotation_3_absdiff.png,89.95231180073303,104.60524444287995,285.4619895968544,308.4302228795174,-0.00028796565579112057,-0.23333690180921993,0.22212931742029568,3.0255160952172724,-3.0073567802821697,3.146580522147934,-5.561185101693581,0.9801200782109195,rotation,,True,2,296.94610623818585,torch_cuda,cuda,OK,
8943,C:\Users\USER\Desktop\project\calibration\moire\datasets\test\0496_moire.jpg,C:\Users\USER\Desktop\project\calibration\moire\datasets\test\augmented_9x\0496_moire_translation_1.jpg,rectified_patch_gpu\008943_0496_moire_translation_1_to_orig.png,rectified_patch_gpu\008943_0496_moire_translation_1_absdiff.png,108.07510476948302,127.21456929244901,285.4619895968544,306.32458706356675,-0.00028796565579112057,-0.23333690180921993,0.22212931742029568,3.0255160952172724,-0.0011277718275978141,-5.802977456865806,-8.207134119448877,-2.0243038479559825,translation,,True,2,295.89328833021057,torch_cuda,cuda,OK,
8944,C:\Users\USER\Desktop\project\calibration\moire\datasets\test\0496_moire.jpg,C:\Users\USER\Desktop\project\calibration\moire\datasets\test\augmented_9x\0496_moire_translation_2.jpg,rectified_patch_gpu\008944_0496_moire_translation_2_to_orig.png,rectified_patch_gpu\008944_0496_moire_translation_2_absdiff.png,105.51633885513117,125.81275268551023,285.4619895968544,304.0615200728855,-0.00028796565579112057,-0.23333690180921993,0.22212931742029568,3.0255160952172724,-0.001735249287052256,-3.6464344990847812,-4.325298047653035,-2.731609989236406,translation,,True,2,294.76175483487,torch_cuda,cuda,OK,
8945,C:\Users\USER\Desktop\project\calibration\moire\datasets\test\0496_moire.jpg,C:\Users\USER\Desktop\project\calibration\moire\datasets\test\augmented_9x\0496_moire_translation_3.jpg,rectified_patch_gpu\008945_0496_moire_translation_3_to_orig.png,rectified_patch_gpu\008945_0496_moire_translation_3_absdiff.png,93.04857819733796,114.6961834136414,296.04538070745025,297.7003945073695,-0.000299057302539906,-0.01022772495279484,0.33443823889617175,-2.9650103146135534,-0.0002781503079090528,0.16382243416509124,0.26457913307185493,2.3624576120106293,translation,,True,1,296.8728876074099,torch_cuda,cuda,OK,
8946,C:\Users\USER\Desktop\project\calibration\moire\datasets\test\0497_gt.jpg,C:\Users\USER\Desktop\project\calibration\moire\datasets\test\augmented_9x\0497_gt_blackbox_1.jpg,rectified_patch_gpu\008946_0497_gt_blackbox_1_to_orig.png,rectified_patch_gpu\008946_0497_gt_blackbox_1_absdiff.png,39.67489209587191,100.38653074347978,303.9262699031426,303.9262699031426,-3.0335336165216704,3.0335336173492653,-5.065968551069602,3.141592653589793,-3.0335336165216704,3.0335336173492653,-5.065968551069602,3.141592653589793,blackbox,,True,3,303.9262699031426,torch_cuda,cuda,OK,
8947,C:\Users\USER\Desktop\project\calibration\moire\datasets\test\0497_gt.jpg,C:\Users\USER\Desktop\project\calibration\moire\datasets\test\augmented_9x\0497_gt_blackbox_2.jpg,rectified_patch_gpu\008947_0497_gt_blackbox_2_to_orig.png,rectified_patch_gpu\008947_0497_gt_blackbox_2_absdiff.png,190.2717242959105,219.69338865575585,307.4656922645277,298.95653027904257,6.096880848974582,1.7949968549341113,-9.020375281877294,1.5022350660902843,-0.6883195997827264,1.858160798210596,-1.2285841706406853,3.141592653589793,blackbox,,True,10,303.21111127178517,torch_cuda,cuda,OK,
8948,C:\Users\USER\Desktop\project\calibration\moire\datasets\test\0497_gt.jpg,C:\Users\USER\Desktop\project\calibration\moire\datasets\test\augmented_9x\0497_gt_blackbox_3.jpg,rectified_patch_gpu\008948_0497_gt_blackbox_3_to_orig.png,rectified_patch_gpu\008948_0497_gt_blackbox_3_absdiff.png,199.56244924286264,225.03945586006336,307.4656922645277,298.95653027904257,6.096880848974582,1.7949968549341113,-9.020375281877294,1.5022350660902843,-0.6883195997827264,1.858160798210596,-1.2285841706406853,3.141592653589793,blackbox,,True,10,303.21111127178517,torch_cuda,cuda,OK,
8949,C:\Users\USER\Desktop\project\calibration\moire\datasets\test\0497_gt.jpg,C:\Users\USER\Desktop\project\calibration\moire\datasets\test\augmented_9x\0497_gt_rotation_1.jpg,rectified_patch_gpu\008949_0497_gt_rotation_1_to_orig.png,rectified_patch_gpu\008949_0497_gt_rotation_1_absdiff.png,39.43036675347222,98.70129330073664,303.9262699031426,303.9262699031426,-3.0335336165216704,3.0335336173492653,-5.065968551069602,3.141592653589793,-3.0335336165216704,3.0335336173492653,-5.065968551069602,3.141592653589793,rotation,,True,2,303.9262699031426,torch_cuda,cuda,OK,
8950,C:\Users\USER\Desktop\project\calibration\moire\datasets\test\0497_gt.jpg,C:\Users\USER\Desktop\project\calibration\moire\datasets\test\augmented_9x\0497_gt_rotation_2.jpg,rectified_patch_gpu\008950_0497_gt_rotation_2_to_orig.png,rectified_patch_gpu\008950_0497_gt_rotation_2_absdiff.png,219.69427963445216,236.27168898177115,306.9570313668576,299.90151374390115,3.388145541630548,7.88573870213029,-12.031151095398084,406.79209124586487,-1.8161863188413423,0.6676303121661225,-0.8899694514500791,-3.090899306727057,rotation,,True,11,303.4292725553794,torch_cuda,cuda,OK,
8951,C:\Users\USER\Desktop\project\calibration\moire\datasets\test\0497_gt.jpg,C:\Users\USER\Desktop\project\calibration\moire\datasets\test\augmented_9x\0497_gt_rotation_3.jpg,rectified_patch_gpu\008951_0497_gt_rotation_3_to_orig.png,rectified_patch_gpu\008951_0497_gt_rotation_3_absdiff.png,249.30061752507717,251.80533114178806,308.16640300777925,297.6908337359696,-1.761515600241096,-6.127698209324876,-9.053149847661524,1.135265378088325,-0.11944389313601968,0.037273905671657115,0.33355928983409733,-3.022206557922693,rotation,,True,18,302.92861837187445,torch_cuda,cuda,OK,
8952,C:\Users\USER\Desktop\project\calibration\moire\datasets\test\0497_gt.jpg,C:\Users\USER\Desktop\project\calibration\moire\datasets\test\augmented_9x\0497_gt_translation_1.jpg,rectified_patch_gpu\008952_0497_gt_translation_1_to_orig.png,rectified_patch_gpu\008952_0497_gt_translation_1_absdiff.png,102.35687162422839,160.7120262277481,303.9262699031426,302.8309826727812,-3.0335336165216704,3.0335336173492653,-5.065968551069602,3.141592653589793,2.009974160357816,2.7186824099694618,-3.326829442791084,2.9984259711160375,translation,,True,8,303.3786262879619,torch_cuda,cuda,OK,
8953,C:\Users\USER\Desktop\project\calibration\moire\datasets\test\0497_gt.jpg,C:\Users\USER\Desktop\project\calibration\moire\datasets\test\augmented_9x\0497_gt_translation_2.jpg,rectified_patch_gpu\008953_0497_gt_translation_2_to_orig.png,rectified_patch_gpu\008953_0497_gt_translation_2_absdiff.png,188.04097849151233,218.34552872821948,307.4656922645277,298.95653027904257,6.096880848974582,1.7949968549341113,-9.020375281877294,1.5022350660902843,-0.6883195997827264,1.858160798210596,-1.2285841706406853,3.141592653589793,translation,,True,10,303.21111127178517,torch_cuda,cuda,OK,
8954,C:\Users\USER\Desktop\project\calibration\moire\datasets\test\0497_gt.jpg,C:\Users\USER\Desktop\project\calibration\moire\datasets\test\augmented_9x\0497_gt_translation_3.jpg,rectified_patch_gpu\008954_0497_gt_translation_3_to_orig.png,rectified_patch_gpu\008954_0497_gt_translation_3_absdiff.png,26.35207392939815,80.03330310112065,303.9262699031426,303.9262699031426,-3.0335336165216704,3.0335336173492653,-5.065968551069602,3.141592653589793,-3.0335336165216704,3.0335336173492653,-5.065968551069602,3.141592653589793,translation,,True,5,303.9262699031426,torch_cuda,cuda,OK,
8955,C:\Users\USER\Desktop\project\calibration\moire\datasets\test\0497_moire.jpg,C:\Users\USER\Desktop\project\calibration\moire\datasets\test\augmented_9x\0497_moire_blackbox_1.jpg,rectified_patch_gpu\008955_0497_moire_blackbox_1_to_orig.png,rectified_patch_gpu\008955_0497_moire_blackbox_1_absdiff.png,97.11675660686728,125.93786160744428,306.0393891150591,303.9262699031426,0.14355424082592316,-5.82783463168019,-7.410303352136509,2.478951274870611,-3.0335336165216704,3.0335336173492653,-5.065968551069602,3.141592653589793,blackbox,,True,0,304.98282950910084,torch_cuda,cuda,OK,
8956,C:\Users\USER\Desktop\project\calibration\moire\datasets\test\0497_moire.jpg,C:\Users\USER\Desktop\project\calibration\moire\datasets\test\augmented_9x\0497_moire_blackbox_2.jpg,rectified_patch_gpu\008956_0497_moire_blackbox_2_to_orig.png,rectified_patch_gpu\008956_0497_moire_blackbox_2_absdiff.png,31.40282829378858,79.7153905175382,305.752004037593,305.752004037593,3.1811706835815237,-9.141192376453333,-12.48686856397353,-2.9573386758718887,3.1811706835815237,-9.141192376453333,-12.48686856397353,-2.9573386758718887,blackbox,,True,23,305.752004037593,torch_cuda,cuda,OK,
8957,C:\Users\USER\Desktop\project\calibration\moire\datasets\test\0497_moire.jpg,C:\Users\USER\Desktop\project\calibration\moire\datasets\test\augmented_9x\0497_moire_blackbox_3.jpg,rectified_patch_gpu\008957_0497_moire_blackbox_3_to_orig.png,rectified_patch_gpu\008957_0497_moire_blackbox_3_absdiff.png,111.06232397762345,135.77661243394397,305.72535146801573,303.9262699031426,1.6837595441249746,6.711531455154962,-9.051355798415898,2.902425560831144,-3.0335336165216704,3.0335336173492653,-5.065968551069602,3.141592653589793,blackbox,,True,24,304.8258106855792,torch_cuda,cuda,OK,
8958,C:\Users\USER\Desktop\project\calibration\moire\datasets\test\0497_moire.jpg,C:\Users\USER\Desktop\project\calibration\moire\datasets\test\augmented_9x\0497_moire_rotation_1.jpg,rectified_patch_gpu\008958_0497_moire_rotation_1_to_orig.png,rectified_patch_gpu\008958_0497_moire_rotation_1_absdiff.png,122.9657001109182,145.08846793775606,307.58578318091423,292.37048693217287,1.4975966233399367,0.35214787770278755,-2.1857037009498685,-1.3094344380996947,-0.34423016084585645,-0.12172455982629005,0.07199216448442487,-18.34307552101558,rotation,,True,13,299.9781350565436,torch_cuda,cuda,OK,
8959,C:\Users\USER\Desktop\project\calibration\moire\datasets\test\0497_moire.jpg,C:\Users\USER\Desktop\project\calibration\moire\datasets\test\augmented_9x\0497_moire_rotation_2.jpg,rectified_patch_gpu\008959_0497_moire_rotation_2_to_orig.png,rectified_patch_gpu\008959_0497_moire_rotation_2_absdiff.png,176.17095269097223,180.29865843004595,305.9683985753,297.4584463207461,0.3155404359127605,-3.163970358669914,-4.046411724411364,2.535938598176294,0.129013374046561,-0.10755347969820213,0.31543037348371117,-2.504007704123693,rotation,,True,22,301.71342244802304,torch_cuda,cuda,OK,
8960,C:\Users\USER\Desktop\project\calibration\moire\datasets\test\0497_moire.jpg,C:\Users\USER\Desktop\project\calibration\moire\datasets\test\augmented_9x\0497_moire_rotation_3.jpg,rectified_patch_gpu\008960_0497_moire_rotation_3_to_orig.png,rectified_patch_gpu\008960_0497_moire_rotation_3_absdiff.png,45.3367276716821,64.5958179577232,318.58957985416464,289.6616663191191,-0.01146365682323793,0.03442358731283293,0.08414707295334503,-1.2836594344410754,-0.18369343443780253,-0.19970666799438067,0.17502763262971766,14.474815099250046,rotation,,True,15,304.1256230866419,torch_cuda,cuda,OK,
8961,C:\Users\USER\Desktop\project\calibration\moire\datasets\test\0497_moire.jpg,C:\Users\USER\Desktop\project\calibration\moire\datasets\test\augmented_9x\0497_moire_translation_1.jpg,rectified_patch_gpu\008961_0497_moire_translation_1_to_orig.png,rectified_patch_gpu\008961_0497_moire_translation_1_absdiff.png,124.53011586130401,145.05906279213886,306.0393891150591,306.08074774798285,0.14355424082592316,-5.82783463168019,-7.410303352136509,2.478951274870611,4.315741206651879,0.08131934915287342,-5.42822507818741,-2.5500091833465737,translation,,True,0,306.060068431521,torch_cuda,cuda,OK,
8962,C:\Users\USER\Desktop\project\calibration\moire\datasets\test\0497_moire.jpg,C:\Users\USER\Desktop\project\calibration\moire\datasets\test\augmented_9x\0497_moire_translation_2.jpg,rectified_patch_gpu\008962_0497_moire_translation_2_to_orig.png,rectified_patch_gpu\008962_0497_moire_translation_2_absdiff.png,71.39788532021605,102.88903389671732,306.0467897189241,306.05017152766044,-0.0543825772234805,5.838087430410553,-7.427791115338891,2.474337198234768,0.061051411600290706,-5.717286758423882,-7.283701556335487,2.467844230920778,translation,,True,1,306.0484806232923,torch_cuda,cuda,OK,
8963,C:\Users\USER\Desktop\project\calibration\moire\datasets\test\0497_moire.jpg,C:\Users\USER\Desktop\project\calibration\moire\datasets\test\augmented_9x\0497_moire_translation_3.jpg,rectified_patch_gpu\008963_0497_moire_translation_3_to_orig.png,rectified_patch_gpu\008963_0497_moire_translation_3_absdiff.png,54.463175033757715,79.80782349975433,306.0393891150591,305.78350977826926,0.14355424082592316,-5.82783463168019,-7.410303352136509,2.478951274870611,-5.176092503653365,-10.461683892583835,-14.64105829367162,286.13038632476304,translation,,True,0,305.91144944666416,torch_cuda,cuda,OK,
8964,C:\Users\USER\Desktop\project\calibration\moire\datasets\test\0498_gt.jpg,C:\Users\USER\Desktop\project\calibration\moire\datasets\test\augmented_9x\0498_gt_blackbox_1.jpg,rectified_patch_gpu\008964_0498_gt_blackbox_1_to_orig.png,rectified_patch_gpu\008964_0498_gt_blackbox_1_absdiff.png,66.62341784818673,81.60154261981242,305.65993738721573,304.89921475867214,-1.717721230380211,-4.346827091164991,-6.408665233890439,2.383451883929039,-5.069489647802498,2.701412473244844,-7.8423329387855745,3.141592653589793,blackbox,,True,1,305.27957607294394,torch_cuda,cuda,OK,
8965,C:\Users\USER\Desktop\project\calibration\moire\datasets\test\0498_gt.jpg,C:\Users\USER\Desktop\project\calibration\moire\datasets\test\augmented_9x\0498_gt_blackbox_2.jpg,rectified_patch_gpu\008965_0498_gt_blackbox_2_to_orig.png,rectified_patch_gpu\008965_0498_gt_blackbox_2_absdiff.png,80.60378677179784,94.85429989108015,304.97988009518804,305.8462455381444,1.5166574933713386,-4.071504952614521,-5.559007828263235,-2.5529377740832206,4.262579435066009,3.6205523417679286,-7.76205808354673,161.24408099111488,blackbox,,True,13,305.4130628166662,torch_cuda,cuda,OK,
8966,C:\Users\USER\Desktop\project\calibration\moire\datasets\test\0498_gt.jpg,C:\Users\USER\Desktop\project\calibration\moire\datasets\test\augmented_9x\0498_gt_blackbox_3.jpg,rectified_patch_gpu\008966_0498_gt_blackbox_3_to_orig.png,rectified_patch_gpu\008966_0498_gt_blackbox_3_absdiff.png,72.1067820457176,85.82209956531703,305.75722466887765,303.9262699031426,1.7026604478966294,-5.119564175037668,-7.611931435932231,2.2781037467758445,-3.0335336165216704,3.0335336173492653,-5.065968551069602,3.141592653589793,blackbox,,True,24,304.8417472860101,torch_cuda,cuda,OK,
8967,C:\Users\USER\Desktop\project\calibration\moire\datasets\test\0498_gt.jpg,C:\Users\USER\Desktop\project\calibration\moire\datasets\test\augmented_9x\0498_gt_rotation_1.jpg,rectified_patch_gpu\008967_0498_gt_rotation_1_to_orig.png,rectified_patch_gpu\008967_0498_gt_rotation_1_absdiff.png,86.61116620852623,97.97580533904035,304.97988009518804,298.4568895482038,1.5166574933713386,-4.071504952614521,-5.559007828263235,-2.5529377740832206,0.841078689318544,-0.13676198079408075,0.009652861450553885,-0.5800467742428821,rotation,,True,13,301.7183848216959,torch_cuda,cuda,OK,
8968,C:\Users\USER\Desktop\project\calibration\moire\datasets\test\0498_gt.jpg,C:\Users\USER\Desktop\project\calibration\moire\datasets\test\augmented_9x\0498_gt_rotation_2.jpg,rectified_patch_gpu\008968_0498_gt_rotation_2_to_orig.png,rectified_patch_gpu\008968_0498_gt_rotation_2_absdiff.png,74.78948145736882,89.41875627700892,305.65993738721573,304.7707279599061,-1.717721230380211,-4.346827091164991,-6.408665233890439,2.383451883929039,-0.8434822693661228,-3.560399601344144,-4.252540847664105,2.4264578130703516,rotation,,True,1,305.2153326735609,torch_cuda,cuda,OK,
8969,C:\Users\USER\Desktop\project\calibration\moire\datasets\test\0498_gt.jpg,C:\Users\USER\Desktop\project\calibration\moire\datasets\test\augmented_9x\0498_gt_rotation_3.jpg,rectified_patch_gpu\008969_0498_gt_rotation_3_to_orig.png,rectified_patch_gpu\008969_0498_gt_rotation_3_absdiff.png,93.11282672646605,101.91589614082913,309.03648221071535,270.43150934239225,6.009147379562075,0.84579958932045,-8.491418610413325,0.4904641316139273,0.09365586452485174,0.3139420566841451,0.04165284935904488,1.5938374039056598,rotation,,True,15,289.7339957765538,torch_cuda,cuda,OK,
8970,C:\Users\USER\Desktop\project\calibration\moire\datasets\test\0498_gt.jpg,C:\Users\USER\Desktop\project\calibration\moire\datasets\test\augmented_9x\0498_gt_translation_1.jpg,rectified_patch_gpu\008970_0498_gt_translation_1_to_orig.png,rectified_patch_gpu\008970_0498_gt_translation_1_absdiff.png,59.92166678722994,70.86101325232664,304.97988009518804,306.56068481108133,1.5166574933713386,-4.071504952614521,-5.559007828263235,-2.5529377740832206,4.767375822619515,-4.085608932136697,-8.90535325642796,749.4900031258679,translation,,True,13,305.77028245313466,torch_cuda,cuda,OK,
8971,C:\Users\USER\Desktop\project\calibration\moire\datasets\test\0498_gt.jpg,C:\Users\USER\Desktop\project\calibration\moire\datasets\test\augmented_9x\0498_gt_translation_2.jpg,rectified_patch_gpu\008971_0498_gt_translation_2_to_orig.png,rectified_patch_gpu\008971_0498_gt_translation_2_absdiff.png,50.31672779224537,60.13445592162751,307.02221669898364,305.55594331122467,0.1177318658404646,0.31881930034457,0.041422178769613516,-116.20691709678131,6.042128136821889,-0.9895868405979344,-8.699068569474678,2.6461401112079836,translation,,True,22,306.28908000510415,torch_cuda,cuda,OK,
8972,C:\Users\USER\Desktop\project\calibration\moire\datasets\test\0498_gt.jpg,C:\Users\USER\Desktop\project\calibration\moire\datasets\test\augmented_9x\0498_gt_translation_3.jpg,rectified_patch_gpu\008972_0498_gt_translation_3_to_orig.png,rectified_patch_gpu\008972_0498_gt_translation_3_absdiff.png,58.69492573302469,70.27275565505684,304.97988009518804,306.20135653072856,1.5166574933713386,-4.071504952614521,-5.559007828263235,-2.5529377740832206,5.455745137004175,-4.783605092341535,-10.261181172923909,-959.2830977166107,translation,,True,13,305.5906183129583,torch_cuda,cuda,OK,
8973,C:\Users\USER\Desktop\project\calibration\moire\datasets\test\0498_moire.jpg,C:\Users\USER\Desktop\project\calibration\moire\datasets\test\augmented_9x\0498_moire_blackbox_1.jpg,rectified_patch_gpu\008973_0498_moire_blackbox_1_to_orig.png,rectified_patch_gpu\008973_0498_moire_blackbox_1_absdiff.png,26.781217206790124,67.08593762377848,295.40589872594074,295.40589872594074,0.03050039301306621,0.09290540079434449,0.6192086861267868,3.127713453012128,0.03050039301306621,0.09290540079434449,0.6192086861267868,3.127713453012128,blackbox,,True,7,295.40589872594074,torch_cuda,cuda,OK,
8974,C:\Users\USER\Desktop\project\calibration\moire\datasets\test\0498_moire.jpg,C:\Users\USER\Desktop\project\calibration\moire\datasets\test\augmented_9x\0498_moire_blackbox_2.jpg,rectified_patch_gpu\008974_0498_moire_blackbox_2_to_orig.png,rectified_patch_gpu\008974_0498_moire_blackbox_2_absdiff.png,126.37611086998457,135.97963703218048,307.4980037301197,275.249984774583,0.31147576161790247,5.935316495844084,-8.293499893908226,-1.4262783885507642,0.3227842032975909,0.006575639385958778,-0.10226166249413926,-3.0181138895890625,blackbox,,True,5,291.3739942523514,torch_cuda,cuda,OK,
8975,C:\Users\USER\Desktop\project\calibration\moire\datasets\test\0498_moire.jpg,C:\Users\USER\Desktop\project\calibration\moire\datasets\test\augmented_9x\0498_moire_blackbox_3.jpg,rectified_patch_gpu\008975_0498_moire_blackbox_3_to_orig.png,rectified_patch_gpu\008975_0498_moire_blackbox_3_absdiff.png,125.97674238040123,135.75503657822827,307.4980037301197,275.249984774583,0.31147576161790247,5.935316495844084,-8.293499893908226,-1.4262783885507642,0.3227842032975909,0.006575639385958778,-0.10226166249413926,-3.0181138895890625,blackbox,,True,5,291.3739942523514,torch_cuda,cuda,OK,
8976,C:\Users\USER\Desktop\project\calibration\moire\datasets\test\0498_moire.jpg,C:\Users\USER\Desktop\project\calibration\moire\datasets\test\augmented_9x\0498_moire_rotation_1.jpg,rectified_patch_gpu\008976_0498_moire_rotation_1_to_orig.png,rectified_patch_gpu\008976_0498_moire_rotation_1_absdiff.png,62.15579487364969,73.61244006678383,295.40589872594074,308.60107787895106,0.03050039301306621,0.09290540079434449,0.6192086861267868,3.127713453012128,2.3797262548033977,-8.533727410573512,-12.221165400580631,-68.56392183614464,rotation,,True,7,302.00348830244593,torch_cuda,cuda,OK,
8977,C:\Users\USER\Desktop\project\calibration\moire\datasets\test\0498_moire.jpg,C:\Users\USER\Desktop\project\calibration\moire\datasets\test\augmented_9x\0498_moire_rotation_2.jpg,rectified_patch_gpu\008977_0498_moire_rotation_2_to_orig.png,rectified_patch_gpu\008977_0498_moire_rotation_2_absdiff.png,61.448354552469134,72.48720297673005,295.40589872594074,308.41005115808696,0.03050039301306621,0.09290540079434449,0.6192086861267868,3.127713453012128,-2.733681383461974,-8.594406624895527,-11.766624461766362,-0.592099021786465,rotation,,True,7,301.9079749420139,torch_cuda,cuda,OK,
8978,C:\Users\USER\Desktop\project\calibration\moire\datasets\test\0498_moire.jpg,C:\Users\USER\Desktop\project\calibration\moire\datasets\test\augmented_9x\0498_moire_rotation_3.jpg,rectified_patch_gpu\008978_0498_moire_rotation_3_to_orig.png,rectified_patch_gpu\008978_0498_moire_rotation_3_absdiff.png,81.3916372492284,93.38983615681009,295.40589872594074,308.1565055828832,0.03050039301306621,0.09290540079434449,0.6192086861267868,3.127713453012128,5.667591235295397,-5.26279237512324,-10.103354622724915,-1.0384116614053605,rotation,,True,7,301.781202154412,torch_cuda,cuda,OK,
8979,C:\Users\USER\Desktop\project\calibration\moire\datasets\test\0498_moire.jpg,C:\Users\USER\Desktop\project\calibration\moire\datasets\test\augmented_9x\0498_moire_translation_1.jpg,rectified_patch_gpu\008979_0498_moire_translation_1_to_orig.png,rectified_patch_gpu\008979_0498_moire_translation_1_absdiff.png,126.90215422453704,137.31363184969462,305.54318201424024,276.8536337221568,5.863979053072223,0.5406066150302951,-8.322411467082182,2.640849502384651,0.5460798010580605,0.3060748324197772,-0.5190475236951497,-254.32837492362233,translation,,True,22,291.1984078681985,torch_cuda,cuda,OK,
8980,C:\Users\USER\Desktop\project\calibration\moire\datasets\test\0498_moire.jpg,C:\Users\USER\Desktop\project\calibration\moire\datasets\test\augmented_9x\0498_moire_translation_2.jpg,rectified_patch_gpu\008980_0498_moire_translation_2_to_orig.png,rectified_patch_gpu\008980_0498_moire_translation_2_absdiff.png,74.30808183834877,85.22683819483315,295.40589872594074,302.39123482079714,0.03050039301306621,0.09290540079434449,0.6192086861267868,3.127713453012128,-2.4984954315359738,-1.441478050197726,-1.7367368224204465,-14842.83127096444,translation,,True,7,298.89856677336894,torch_cuda,cuda,OK,
8981,C:\Users\USER\Desktop\project\calibration\moire\datasets\test\0498_moire.jpg,C:\Users\USER\Desktop\project\calibration\moire\datasets\test\augmented_9x\0498_moire_translation_3.jpg,rectified_patch_gpu\008981_0498_moire_translation_3_to_orig.png,rectified_patch_gpu\008981_0498_moire_translation_3_absdiff.png,50.65610845871914,71.92738190862481,295.40589872594074,295.7425705572126,0.03050039301306621,0.09290540079434449,0.6192086861267868,3.127713453012128,0.03018689044850771,0.031658903787148675,0.6246356772999078,3.13462610051757,translation,,True,7,295.5742346415767,torch_cuda,cuda,OK,
8982,C:\Users\USER\Desktop\project\calibration\moire\datasets\test\0499_gt.jpg,C:\Users\USER\Desktop\project\calibration\moire\datasets\test\augmented_9x\0499_gt_blackbox_1.jpg,rectified_patch_gpu\008982_0499_gt_blackbox_1_to_orig.png,rectified_patch_gpu\008982_0499_gt_blackbox_1_absdiff.png,94.57825605227623,116.1239454447567,293.94231631717423,305.09356642465747,-0.05376954052767463,-0.28232189154916676,0.1269475010577719,1.6489553520723585,0.19256232864683667,0.08811018865304159,0.23401509377155227,1.6447420472052476,blackbox,,True,22,299.5179413709159,torch_cuda,cuda,OK,
8983,C:\Users\USER\Desktop\project\calibration\moire\datasets\test\0499_gt.jpg,C:\Users\USER\Desktop\project\calibration\moire\datasets\test\augmented_9x\0499_gt_blackbox_2.jpg,rectified_patch_gpu\008983_0499_gt_blackbox_2_to_orig.png,rectified_patch_gpu\008983_0499_gt_blackbox_2_absdiff.png,115.45689826871141,136.60462987640625,293.94231631717423,305.09356642465747,-0.05376954052767463,-0.28232189154916676,0.1269475010577719,1.6489553520723585,0.19256232864683667,0.08811018865304159,0.23401509377155227,1.6447420472052476,blackbox,,True,22,299.5179413709159,torch_cuda,cuda,OK,
8984,C:\Users\USER\Desktop\project\calibration\moire\datasets\test\0499_gt.jpg,C:\Users\USER\Desktop\project\calibration\moire\datasets\test\augmented_9x\0499_gt_blackbox_3.jpg,rectified_patch_gpu\008984_0499_gt_blackbox_3_to_orig.png,rectified_patch_gpu\008984_0499_gt_blackbox_3_absdiff.png,96.38111231674382,117.94465698191094,293.94231631717423,305.09356642465747,-0.05376954052767463,-0.28232189154916676,0.1269475010577719,1.6489553520723585,0.19256232864683667,0.08811018865304159,0.23401509377155227,1.6447420472052476,blackbox,,True,22,299.5179413709159,torch_cuda,cuda,OK,
8985,C:\Users\USER\Desktop\project\calibration\moire\datasets\test\0499_gt.jpg,C:\Users\USER\Desktop\project\calibration\moire\datasets\test\augmented_9x\0499_gt_rotation_1.jpg,rectified_patch_gpu\008985_0499_gt_rotation_1_to_orig.png,rectified_patch_gpu\008985_0499_gt_rotation_1_absdiff.png,80.8561562017747,100.10957565983605,303.79477365736756,305.43722229010996,-2.4440111377096874,-0.34855494515729774,-2.224238982254101,-2.2547394652487824,0.5162426031498712,-6.451736430879784,-9.166510523074049,2.8124435829531578,rotation,,True,11,304.6159979737388,torch_cuda,cuda,OK,
8986,C:\Users\USER\Desktop\project\calibration\moire\datasets\test\0499_gt.jpg,C:\Users\USER\Desktop\project\calibration\moire\datasets\test\augmented_9x\0499_gt_rotation_2.jpg,rectified_patch_gpu\008986_0499_gt_rotation_2_to_orig.png,rectified_patch_gpu\008986_0499_gt_rotation_2_absdiff.png,151.2311514998071,167.33969773864249,305.7581697347621,279.1096624769552,-5.670270479644566,0.5820740555748941,-7.975421402417446,2.3420255650341426,-0.207428033919935,-0.23255556731020474,0.010295623421841787,0.7158598236246039,rotation,,True,16,292.43391610585866,torch_cuda,cuda,OK,
8987,C:\Users\USER\Desktop\project\calibration\moire\datasets\test\0499_gt.jpg,C:\Users\USER\Desktop\project\calibration\moire\datasets\test\augmented_9x\0499_gt_rotation_3.jpg,rectified_patch_gpu\008987_0499_gt_rotation_3_to_orig.png,rectified_patch_gpu\008987_0499_gt_rotation_3_absdiff.png,72.65569299768518,88.25579803402324,293.94231631717423,309.08493717563056,-0.05376954052767463,-0.28232189154916676,0.1269475010577719,1.6489553520723585,5.808699679642768,0.06885311654959098,-8.186615641523053,0.2878303746362534,rotation,,True,22,301.5136267464024,torch_cuda,cuda,OK,
8988,C:\Users\USER\Desktop\project\calibration\moire\datasets\test\0499_gt.jpg,C:\Users\USER\Desktop\project\calibration\moire\datasets\test\augmented_9x\0499_gt_translation_1.jpg,rectified_patch_gpu\008988_0499_gt_translation_1_to_orig.png,rectified_patch_gpu\008988_0499_gt_translation_1_absdiff.png,168.7829547646605,180.54102348370037,306.0378804869265,291.20143915265186,-0.5521303364759576,3.2248961680048196,-3.6085473198750293,1.8077896316003184,0.08043826400384488,0.18652122204296306,0.23435037634022635,2.392915944804909,translation,,True,18,298.61965981978915,torch_cuda,cuda,OK,
8989,C:\Users\USER\Desktop\project\calibration\moire\datasets\test\0499_gt.jpg,C:\Users\USER\Desktop\project\calibration\moire\datasets\test\augmented_9x\0499_gt_translation_2.jpg,rectified_patch_gpu\008989_0499_gt_translation_2_to_orig.png,rectified_patch_gpu\008989_0499_gt_translation_2_absdiff.png,132.20536313657408,153.45817414966453,303.79477365736756,280.62207484065027,-2.4440111377096874,-0.34855494515729774,-2.224238982254101,-2.2547394652487824,0.11029724705136039,0.25224778112997354,0.1324225468539468,2.466568694342104,translation,,True,11,292.2084242490089,torch_cuda,cuda,OK,
8990,C:\Users\USER\Desktop\project\calibration\moire\datasets\test\0499_gt.jpg,C:\Users\USER\Desktop\project\calibration\moire\datasets\test\augmented_9x\0499_gt_translation_3.jpg,rectified_patch_gpu\008990_0499_gt_translation_3_to_orig.png,rectified_patch_gpu\008990_0499_gt_translation_3_absdiff.png,68.13955596547068,83.65378284906502,293.94231631717423,305.4467396143221,-0.05376954052767463,-0.28232189154916676,0.1269475010577719,1.6489553520723585,-3.5011767557806426,-3.7958046085865624,-7.077068260262245,-2.293098951052672,translation,,True,22,299.6945279657482,torch_cuda,cuda,OK,
8991,C:\Users\USER\Desktop\project\calibration\moire\datasets\test\0499_moire.jpg,C:\Users\USER\Desktop\project\calibration\moire\datasets\test\augmented_9x\0499_moire_blackbox_1.jpg,rectified_patch_gpu\008991_0499_moire_blackbox_1_to_orig.png,rectified_patch_gpu\008991_0499_moire_blackbox_1_absdiff.png,53.83418957368827,75.49003530220811,305.42410653522285,305.4281628666097,7.7632885660968185,7.806580025200695,-15.587189820651034,3.1193374997505168,7.872951975289229,7.74547226638234,-15.631181723636779,3.119255103980031,blackbox,,True,21,305.42613470091624,torch_cuda,cuda,OK,
8992,C:\Users\USER\Desktop\project\calibration\moire\datasets\test\0499_moire.jpg,C:\Users\USER\Desktop\project\calibration\moire\datasets\test\augmented_9x\0499_moire_blackbox_2.jpg,rectified_patch_gpu\008992_0499_moire_blackbox_2_to_orig.png,rectified_patch_gpu\008992_0499_moire_blackbox_2_absdiff.png,147.96598560474538,166.06312883614274,308.6081577219673,295.108813529348,5.019756551068113,-7.667790251077264,-11.655073432824068,12.131686650714443,-0.04484120134205676,0.10589957830628818,0.47126480884712113,3.120288125334833,blackbox,,True,6,301.85848562565764,torch_cuda,cuda,OK,
8993,C:\Users\USER\Desktop\project\calibration\moire\datasets\test\0499_moire.jpg,C:\Users\USER\Desktop\project\calibration\moire\datasets\test\augmented_9x\0499_moire_blackbox_3.jpg,rectified_patch_gpu\008993_0499_moire_blackbox_3_to_orig.png,rectified_patch_gpu\008993_0499_moire_blackbox_3_absdiff.png,147.97441599151236,166.0723404527523,307.7287842701588,296.95306928650814,0.19591882118338,-9.7752027480186,-12.901965424870319,1.232727254032392,0.13817303498478462,-0.0775829153114629,0.4539272223106915,3.1309087023144544,blackbox,,True,5,302.3409267783335,torch_cuda,cuda,OK,
8994,C:\Users\USER\Desktop\project\calibration\moire\datasets\test\0499_moire.jpg,C:\Users\USER\Desktop\project\calibration\moire\datasets\test\augmented_9x\0499_moire_rotation_1.jpg,rectified_patch_gpu\008994_0499_moire_rotation_1_to_orig.png,rectified_patch_gpu\008994_0499_moire_rotation_1_absdiff.png,147.9609710165895,166.0596831193144,308.54578308192106,300.7949804549251,6.436442534854123,-4.713243854352697,-10.017530772740756,-0.41155421892542327,-0.05544715307205904,-0.01546462401748533,0.4750423043145111,2.4237442593884957,rotation,,True,2,304.6703817684231,torch_cuda,cuda,OK,
8995,C:\Users\USER\Desktop\project\calibration\moire\datasets\test\0499_moire.jpg,C:\Users\USER\Desktop\project\calibration\moire\datasets\test\augmented_9x\0499_moire_rotation_2.jpg,rectified_patch_gpu\008995_0499_moire_rotation_2_to_orig.png,rectified_patch_gpu\008995_0499_moire_rotation_2_absdiff.png,147.9827968267747,166.0772167472165,307.7287842701588,299.30219150667244,0.19591882118338,-9.7752027480186,-12.901965424870319,1.232727254032392,0.015071793638101828,-0.08470977077719882,0.4657186081426038,-2.48944967319116,rotation,,True,5,303.51548788841563,torch_cuda,cuda,OK,
8996,C:\Users\USER\Desktop\project\calibration\moire\datasets\test\0499_moire.jpg,C:\Users\USER\Desktop\project\calibration\moire\datasets\test\augmented_9x\0499_moire_rotation_3.jpg,rectified_patch_gpu\008996_0499_moire_rotation_3_to_orig.png,rectified_patch_gpu\008996_0499_moire_rotation_3_absdiff.png,147.97423550829475,166.06730705931923,307.7287842701588,294.8549454925564,0.19591882118338,-9.7752027480186,-12.901965424870319,1.232727254032392,0.13333407296920874,0.13959943793061255,0.2698274557104607,2.572858681817678,rotation,,True,5,301.2918648813576,torch_cuda,cuda,OK,
8997,C:\Users\USER\Desktop\project\calibration\moire\datasets\test\0499_moire.jpg,C:\Users\USER\Desktop\project\calibration\moire\datasets\test\augmented_9x\0499_moire_translation_1.jpg,rectified_patch_gpu\008997_0499_moire_translation_1_to_orig.png,rectified_patch_gpu\008997_0499_moire_translation_1_absdiff.png,147.97192660108024,166.0686979861352,307.6894506110422,295.8876315267184,-0.07790813397295582,-8.552604069076708,-11.605525475564953,1.2835580658631411,-0.04484212517126931,-0.016484340391180748,0.48562512071711494,3.1096104325008675,translation,,True,12,301.7885410688803,torch_cuda,cuda,OK,
8998,C:\Users\USER\Desktop\project\calibration\moire\datasets\test\0499_moire.jpg,C:\Users\USER\Desktop\project\calibration\moire\datasets\test\augmented_9x\0499_moire_translation_2.jpg,rectified_patch_gpu\008998_0499_moire_translation_2_to_orig.png,rectified_patch_gpu\008998_0499_moire_translation_2_absdiff.png,147.98030598958334,166.0721047538759,306.1582080131146,297.39633062086284,7.5767211903487635,-0.0785617986401057,-10.15788534231546,2.324089402675468,0.11143330048988113,-0.11143330048988213,0.21015951256308435,3.111573765733318,translation,,True,9,301.77726931698874,torch_cuda,cuda,OK,
8999,C:\Users\USER\Desktop\project\calibration\moire\datasets\test\0499_moire.jpg,C:\Users\USER\Desktop\project\calibration\moire\datasets\test\augmented_9x\0499_moire_translation_3.jpg,rectified_patch_gpu\008999_0499_moire_translation_3_to_orig.png,rectified_patch_gpu\008999_0499_moire_translation_3_absdiff.png,147.94412157600308,166.04478085556642,306.24502807114675,295.611189040282,6.741165951204849,-2.375674747427638,-8.995871956598549,-2.4404785300297087,0.016108719580094088,0.04567492096940987,0.47977662481883054,3.1198107718806067,translation,,True,16,300.9281085557144,torch_cuda,cuda,OK,
